label,x0,y0,z0,x1,y1,z1,x2,y2,z2,x3,y3,z3,x4,y4,z4,x5,y5,z5,x6,y6,z6,x7,y7,z7,x8,y8,z8,x9,y9,z9,x10,y10,z10,x11,y11,z11,x12,y12,z12,x13,y13,z13,x14,y14,z14,x15,y15,z15,x16,y16,z16,x17,y17,z17,x18,y18,z18,x19,y19,z19,x20,y20,z20
A,0.0,0.0,0.0,0.06922635436058044,-0.036760032176971436,-0.027148618583879625,0.12082847952842712,-0.12977582216262817,-0.032835812528929864,0.13080734014511108,-0.2175602912902832,-0.03748824562629238,0.09146776795387268,-0.2559551000595093,-0.04202559333046452,0.10060623288154602,-0.2747882008552551,-0.0040360956800498116,0.11661916971206665,-0.37498605251312256,-0.019119980966053163,0.11876481771469116,-0.4363440275192261,-0.03618238609035984,0.11704608798027039,-0.4916399419307709,-0.04985784109433666,0.060664355754852295,-0.2939659357070923,-0.0066185139467336285,0.07707670331001282,-0.4091854691505432,-0.019226837192974244,0.08341872692108154,-0.48530083894729614,-0.03532736491163746,0.08528530597686768,-0.550918847322464,-0.047630612959466134,0.020721375942230225,-0.28800952434539795,-0.014235433412096654,0.035288333892822266,-0.3969261944293976,-0.02893620844682232,0.04448762536048889,-0.46664494276046753,-0.04325016703208462,0.04946872591972351,-0.5271604657173157,-0.05348500724633709,-0.022563472390174866,-0.26149970293045044,-0.02538107823332325,-0.014181464910507202,-0.34447282552719116,-0.03953464817007557,-0.003995150327682495,-0.3970932066440582,-0.046560798992715036,0.006302744150161743,-0.44577276706695557,-0.051821035554013406
A,0.0,0.0,0.0,0.0702284574508667,-0.03566133975982666,-0.02826157698012821,0.12259691953659058,-0.12677079439163208,-0.034771691277398986,0.1331981122493744,-0.2151503562927246,-0.03998709024466507,0.09489461779594421,-0.2528828978538513,-0.04490412326134674,0.1021510660648346,-0.2730064392089844,-0.00567354654498331,0.11794924736022949,-0.3738648295402527,-0.021165888026132507,0.11979719996452332,-0.4357365071773529,-0.03840085791028969,0.11838793754577637,-0.49150723218917847,-0.052190351500883025,0.06202894449234009,-0.2929818630218506,-0.007643665853663606,0.07813438773155212,-0.40888434648513794,-0.020537127941622657,0.08457905054092407,-0.4847574234008789,-0.03662456126488678,0.08678701519966125,-0.5497773587703705,-0.04887644501008026,0.02213117480278015,-0.2876584529876709,-0.014631089024021549,0.03558352589607239,-0.3961757719516754,-0.029250039919986648,0.04462096095085144,-0.4649174213409424,-0.043106361493244094,0.049757152795791626,-0.524289608001709,-0.05298524276889793,-0.020410940051078796,-0.2617146372795105,-0.025273922100438995,-0.012278556823730469,-0.34405672550201416,-0.03914824427641861,-0.0019488036632537842,-0.3962264358997345,-0.045894506588354034,0.008845150470733643,-0.4445318579673767,-0.05089613349713318
A,0.0,0.0,0.0,0.07053345441818237,-0.034369468688964844,-0.02722715052320268,0.12309756875038147,-0.12725591659545898,-0.032762158908980155,0.1342012882232666,-0.21534699201583862,-0.037110645570891165,0.09618315100669861,-0.2517123818397522,-0.04138488347186353,0.1036435067653656,-0.27348124980926514,-0.005667065051483178,0.12074047327041626,-0.3743007481098175,-0.020899053909914755,0.1227630078792572,-0.43639788031578064,-0.037859801449911856,0.12073245644569397,-0.4919227659702301,-0.05152069056882169,0.06353446841239929,-0.2932508587837219,-0.008168269195692801,0.07993018627166748,-0.4096728563308716,-0.021045632907288336,0.08602583408355713,-0.4859955310821533,-0.037150297560827994,0.08735555410385132,-0.5510986149311066,-0.04931645120038297,0.023582249879837036,-0.28736525774002075,-0.015493473284976744,0.037541985511779785,-0.39743250608444214,-0.030437490218417906,0.04647111892700195,-0.46695148944854736,-0.044668808826344275,0.05094468593597412,-0.5269767642021179,-0.05473536277665403,-0.019099682569503784,-0.2603496313095093,-0.026305338614719176,-0.01122969388961792,-0.34303778409957886,-0.040830329307453894,-0.0011687874794006348,-0.3956335186958313,-0.047998931505816245,0.008829504251480103,-0.4441083073616028,-0.05321290368689802
A,0.0,0.0,0.0,0.07125762104988098,-0.035261452198028564,-0.027343384841998386,0.12415233254432678,-0.1302204132080078,-0.03223444513471918,0.13510096073150635,-0.2183380126953125,-0.03588931627066927,0.09573507308959961,-0.2534943222999573,-0.03932590774687128,0.10415986180305481,-0.2733069062232971,-0.004597072410007286,0.12145298719406128,-0.37380251288414,-0.019360601822455692,0.12351170182228088,-0.4368142783641815,-0.03622820220383005,0.12194421887397766,-0.49325889348983765,-0.04998524106534319,0.06409397721290588,-0.2940986156463623,-0.0066793746450741764,0.08080539107322693,-0.4094845652580261,-0.018979517663439083,0.08726507425308228,-0.4864281713962555,-0.034791517923196125,0.08905661106109619,-0.5513776242733002,-0.046860974202473926,0.02422952651977539,-0.28876954317092896,-0.013659543278237152,0.03875255584716797,-0.3981752395629883,-0.027810476640780735,0.04793137311935425,-0.4670103192329407,-0.041585650215466785,0.052466392517089844,-0.5261494815349579,-0.05152491844685869,-0.018108949065208435,-0.2618609666824341,-0.024250810886343288,-0.010229527950286865,-0.342525839805603,-0.037966288546641636,-0.0006611347198486328,-0.3952133357524872,-0.044890507976134586,0.008654564619064331,-0.4439646601676941,-0.050117395738681125
A,0.0,0.0,0.0,0.07181400060653687,-0.03472864627838135,-0.02745252266981879,0.12431308627128601,-0.128773033618927,-0.03248889536121169,0.13465061783790588,-0.21723496913909912,-0.036320505444791706,0.09587031602859497,-0.25414323806762695,-0.040000224267032536,0.10424509644508362,-0.2717907428741455,-0.004639411126163395,0.12121421098709106,-0.3711649775505066,-0.01961567976036349,0.12337705492973328,-0.433419406414032,-0.036820756052520665,0.12173080444335938,-0.4904959797859192,-0.05087457016566077,0.064877450466156,-0.2922373414039612,-0.006808703080650957,0.08148506283760071,-0.40744370222091675,-0.019304536064055355,0.08814045786857605,-0.4843882918357849,-0.035366540555742176,0.09005662798881531,-0.5503365993499756,-0.04776725709893981,0.025413334369659424,-0.28691935539245605,-0.013937565279093178,0.03968396782875061,-0.39564692974090576,-0.02832038492419997,0.04900294542312622,-0.46476060152053833,-0.04236927047827521,0.05366969108581543,-0.5247479677200317,-0.052530621890809925,-0.017140835523605347,-0.2607293725013733,-0.02469872288861552,-0.00931289792060852,-0.3426177501678467,-0.03870847613075057,0.0003858804702758789,-0.3957657217979431,-0.04591711402395049,0.009819060564041138,-0.4452255368232727,-0.051399582778003605
A,0.0,0.0,0.0,0.07115611433982849,-0.03333234786987305,-0.027528140795936906,0.12359189987182617,-0.12695080041885376,-0.0323218443519977,0.1345926821231842,-0.21464276313781738,-0.03588753203820261,0.09650540351867676,-0.25050830841064453,-0.039184287292471254,0.10492858290672302,-0.271812379360199,-0.004503954303970659,0.12228250503540039,-0.3721769452095032,-0.01890482949983152,0.12460148334503174,-0.43439871072769165,-0.035472449017277086,0.12295421957969666,-0.4905823767185211,-0.04895413304637941,0.06523725390434265,-0.29194629192352295,-0.0063255681745317816,0.08246681094169617,-0.4064427614212036,-0.018175954101195657,0.08874469995498657,-0.48303768038749695,-0.03379307324956926,0.08980181813240051,-0.5482900142669678,-0.04580530534457239,0.02558678388595581,-0.2864592671394348,-0.013068493557682359,0.039868563413619995,-0.393889844417572,-0.02686204585205587,0.04855549335479736,-0.4619506597518921,-0.04052455360960039,0.052363067865371704,-0.5207569003105164,-0.05033512051176103,-0.01701664924621582,-0.2599039077758789,-0.023464342681279504,-0.00896427035331726,-0.34092992544174194,-0.03685287023853334,0.0005342364311218262,-0.39321112632751465,-0.04360563690732988,0.009431123733520508,-0.441482275724411,-0.04869724820326837
A,0.0,0.0,0.0,0.0706254243850708,-0.03414463996887207,-0.02798193304172969,0.1236109733581543,-0.12582939863204956,-0.03428260779313064,0.1358799934387207,-0.21458029747009277,-0.03933103179863906,0.09760847687721252,-0.2532406449317932,-0.044158899992027045,0.10531416535377502,-0.2720702886581421,-0.0060843358033082495,0.12221500277519226,-0.37147876620292664,-0.02134247294000602,0.12466821074485779,-0.4334522783756256,-0.03857790476016021,0.12330752611160278,-0.4898451566696167,-0.05253203755549407,0.065737783908844,-0.2924063801765442,-0.008266225292601348,0.08234444260597229,-0.40800741314888,-0.020669881089844466,0.08895859122276306,-0.48434722423553467,-0.036351999103345634,0.09085658192634583,-0.5499090850353241,-0.048471880912103416,0.026350975036621094,-0.287031352519989,-0.015358907937326194,0.04041415452957153,-0.39556658267974854,-0.02952869033745742,0.04972085356712341,-0.4645721912384033,-0.04285145348242736,0.054531991481781006,-0.5241184830665588,-0.052508773117580176,-0.0162811279296875,-0.2604990005493164,-0.026149682536043883,-0.00873979926109314,-0.342748761177063,-0.039818862288512946,0.0013896822929382324,-0.3953174948692322,-0.046319639145650626,0.01113879680633545,-0.4432469606399536,-0.051209015607156516
A,0.0,0.0,0.0,0.07127231359481812,-0.03336501121520996,-0.027475288099651607,0.12426871061325073,-0.12547260522842407,-0.03301238078535107,0.13570767641067505,-0.21402806043624878,-0.03739608261645344,0.09742200374603271,-0.2521446943283081,-0.04146097410381344,0.10469713807106018,-0.26985788345336914,-0.004468410237734588,0.12116014957427979,-0.36990806460380554,-0.0192676521456292,0.12363702058792114,-0.4319987893104553,-0.035912724173670085,0.12259861826896667,-0.48762446641921997,-0.04938011426389721,0.06520438194274902,-0.2903498411178589,-0.006556076425169977,0.08132153749465942,-0.4065008759498596,-0.018810357860331806,0.08843335509300232,-0.48280829191207886,-0.0341966766482642,0.09093275666236877,-0.547890305519104,-0.04598634499967602,0.026013314723968506,-0.28583812713623047,-0.013622272721534046,0.04007098078727722,-0.39493459463119507,-0.027759544513230594,0.04952085018157959,-0.4641040563583374,-0.04101466569960621,0.05467662215232849,-0.5237214863300323,-0.05053619850338009,-0.01611107587814331,-0.2605852484703064,-0.024341301954393657,-0.008818835020065308,-0.3419554829597473,-0.03790883529842404,0.0011814236640930176,-0.3943100869655609,-0.04452108774245289,0.011069566011428833,-0.442332923412323,-0.049507165289526256
A,0.0,0.0,0.0,0.07144537568092346,-0.03126651048660278,-0.02739228176966435,0.12474673986434937,-0.12504416704177856,-0.03197828362777955,0.13810375332832336,-0.2136247158050537,-0.03532280082896477,0.10017770528793335,-0.25001174211502075,-0.03829677458003289,0.10662949085235596,-0.2702193856239319,-0.0036325860683632527,0.12319201231002808,-0.3693494498729706,-0.017225051849038664,0.12585780024528503,-0.4311901926994324,-0.03322823773220307,0.12510251998901367,-0.4868124723434448,-0.04642568956211335,0.06729906797409058,-0.29143691062927246,-0.005341285924316708,0.08357807993888855,-0.40644949674606323,-0.016417060597689215,0.09084528684616089,-0.482235848903656,-0.031046223445684973,0.09337684512138367,-0.5468202233314514,-0.042398613496573034,0.027999907732009888,-0.28717905282974243,-0.012050327463896338,0.04219132661819458,-0.39495354890823364,-0.025229272051603857,0.0518476665019989,-0.4630257487297058,-0.03796795065596825,0.05684506893157959,-0.5212687849998474,-0.04721405784681565,-0.014226377010345459,-0.26215440034866333,-0.022482591300160948,-0.006748586893081665,-0.34380102157592773,-0.03520688469603783,0.003214120864868164,-0.39565640687942505,-0.04129987637594468,0.012880563735961914,-0.44284993410110474,-0.04602018798783547
A,0.0,0.0,0.0,0.07139343023300171,-0.032543301582336426,-0.026315941093997708,0.1242542564868927,-0.12443220615386963,-0.031128254337744465,0.13698559999465942,-0.21273881196975708,-0.03494160491092657,0.09939220547676086,-0.251045286655426,-0.038534435062246075,0.10630178451538086,-0.2676343321800232,-0.00429127280651187,0.12289249897003174,-0.36745086312294006,-0.018838856919245472,0.12554189562797546,-0.42920631170272827,-0.03521575274928068,0.12487465143203735,-0.4843951463699341,-0.04845749828083967,0.0668458640575409,-0.2882060408592224,-0.006531899879263392,0.0831814706325531,-0.403908371925354,-0.018713139547543278,0.0899796187877655,-0.4805075526237488,-0.03407519924505209,0.09190315008163452,-0.5453480780124664,-0.04577961432798361,0.02754780650138855,-0.28357625007629395,-0.013530389024452916,0.04169011116027832,-0.3916201591491699,-0.0273662699298427,0.05085498094558716,-0.45910006761550903,-0.04028835761411642,0.055309563875198364,-0.5171447396278381,-0.04953675585849737,-0.014675527811050415,-0.2581806182861328,-0.024061574219302884,-0.006916522979736328,-0.3384826183319092,-0.03724375608427977,0.002955883741378784,-0.3906059265136719,-0.04360493513806318,0.012443304061889648,-0.43860846757888794,-0.04837374257905935
A,0.0,0.0,0.0,0.07115912437438965,-0.031944096088409424,-0.026958699925444307,0.12402096390724182,-0.12280499935150146,-0.0320398878591277,0.13528311252593994,-0.21065127849578857,-0.03601865436007756,0.09740275144577026,-0.24962282180786133,-0.03976774926354665,0.10590708255767822,-0.26739102602005005,-0.003915981976888361,0.12281450629234314,-0.36605119705200195,-0.018220139323375406,0.12542980909347534,-0.42745378613471985,-0.03463788296153325,0.12465769052505493,-0.4825839102268219,-0.047937675966522875,0.06662589311599731,-0.28757941722869873,-0.0059090239280976675,0.0830346941947937,-0.4022701680660248,-0.01776061917712468,0.08986228704452515,-0.4780579209327698,-0.03318337689211148,0.09194406867027283,-0.5425407886505127,-0.04496209661533612,0.02779155969619751,-0.28247493505477905,-0.012753025284609976,0.04176446795463562,-0.38962334394454956,-0.026492517097494783,0.05097836256027222,-0.4574626684188843,-0.039457328273556413,0.05558222532272339,-0.5158306658267975,-0.048700689925453844,-0.014010965824127197,-0.2566632032394409,-0.02318868565430421,-0.006390094757080078,-0.3379315733909607,-0.03626289556791562,0.0037704110145568848,-0.38998937606811523,-0.042368944390318575,0.013643741607666016,-0.4376230239868164,-0.04693831468989629
A,0.0,0.0,0.0,0.07063233852386475,-0.030395030975341797,-0.027104368069274187,0.1236165463924408,-0.12265080213546753,-0.03200282492588258,0.1362995207309723,-0.21189969778060913,-0.03569772058079934,0.09829753637313843,-0.25116074085235596,-0.039096522712213755,0.10645952820777893,-0.2671804428100586,-0.004351744064194918,0.12290269136428833,-0.3669230341911316,-0.018418423467380762,0.1253487765789032,-0.42873185873031616,-0.03455108740280366,0.12439817190170288,-0.48387226462364197,-0.04765429683874345,0.06687843799591064,-0.2880204916000366,-0.006118436911208391,0.08345744013786316,-0.402994304895401,-0.017579283201200724,0.09039309620857239,-0.47867029905319214,-0.032546795540554285,0.09253662824630737,-0.5425617098808289,-0.04402631484816766,0.027581721544265747,-0.28337937593460083,-0.012734512434406042,0.041877537965774536,-0.3907724618911743,-0.026084260650975466,0.05142393708229065,-0.45822227001190186,-0.03883374445985055,0.05615934729576111,-0.515659511089325,-0.048046283059818506,-0.014526337385177612,-0.2579168677330017,-0.022963568204147577,-0.006533265113830566,-0.33844631910324097,-0.035769838475687266,0.0035254955291748047,-0.38993513584136963,-0.041830386602384806,0.013279736042022705,-0.4368942677974701,-0.046441573285562754
A,0.0,0.0,0.0,0.07209166884422302,-0.03222620487213135,-0.025037904829758872,0.12484908103942871,-0.1250728964805603,-0.029064565525430908,0.1372944712638855,-0.21234071254730225,-0.03226212188698696,0.09946593642234802,-0.24995362758636475,-0.03533067330815243,0.10731402039527893,-0.26744067668914795,-0.0031936286027018923,0.12387233972549438,-0.3675614595413208,-0.01719804070987152,0.1264449954032898,-0.42929407954216003,-0.03316413387753414,0.12563762068748474,-0.4840059280395508,-0.04618603885271,0.06803169846534729,-0.28789740800857544,-0.005934878812212219,0.08457687497138977,-0.40294331312179565,-0.017504512892145385,0.09162521362304688,-0.4784983992576599,-0.03256008550621914,0.09374642372131348,-0.5418694913387299,-0.04413619041540073,0.028787434101104736,-0.28302502632141113,-0.013344085403758754,0.0433308482170105,-0.39131706953048706,-0.026946114004630317,0.05312269926071167,-0.4584278464317322,-0.03998799398638653,0.05821877717971802,-0.5157743394374847,-0.04946090430118488,-0.013532280921936035,-0.25708603858947754,-0.024130995945114364,-0.005833148956298828,-0.33685362339019775,-0.0374589800844376,0.0045053958892822266,-0.38810837268829346,-0.044039399922866096,0.014538943767547607,-0.43492257595062256,-0.04905268326498913
A,0.0,0.0,0.0,0.07173275947570801,-0.03248929977416992,-0.026426052550817758,0.12450814247131348,-0.1232672929763794,-0.031863421077872545,0.13595780730247498,-0.21126878261566162,-0.03635240333809975,0.09818035364151001,-0.25193560123443604,-0.0406496821595681,0.107219398021698,-0.26651155948638916,-0.004674472256596118,0.12371465563774109,-0.36639297008514404,-0.019500790040041238,0.12621688842773438,-0.42844152450561523,-0.03604077535405281,0.12519311904907227,-0.4838709235191345,-0.04927869501247528,0.06767398118972778,-0.28676605224609375,-0.006995745810712606,0.08431950211524963,-0.4015750288963318,-0.019056444863821298,0.09110713005065918,-0.47753453254699707,-0.03437868493332985,0.09287184476852417,-0.5417943000793457,-0.04611116262807968,0.02831903100013733,-0.28197145462036133,-0.014068142387117177,0.04284754395484924,-0.3892953097820282,-0.027739424134637147,0.05231514573097229,-0.4567509889602661,-0.0405251941336644,0.05684119462966919,-0.5142728984355927,-0.04972631099357727,-0.014205843210220337,-0.25665658712387085,-0.02466595533027771,-0.006136476993560791,-0.3371756672859192,-0.03775158512129906,0.004289358854293823,-0.3890540897846222,-0.04392310964598778,0.014173805713653564,-0.435941219329834,-0.04850743698611382
A,0.0,0.0,0.0,0.07168352603912354,-0.032061994075775146,-0.025486559863963976,0.1241682767868042,-0.12428873777389526,-0.02981605313328828,0.13716918230056763,-0.2123602032661438,-0.03330139748362626,0.10011452436447144,-0.25057947635650635,-0.0365887314787301,0.10682085156440735,-0.2672628164291382,-0.0030753589475693843,0.12361195683479309,-0.3662165701389313,-0.017010859470644846,0.12633341550827026,-0.4278271794319153,-0.03307188979891862,0.12525957822799683,-0.482904314994812,-0.04611969671753968,0.06758943200111389,-0.28802865743637085,-0.005592324096539869,0.08411046862602234,-0.4029749035835266,-0.017056080769577875,0.09120908379554749,-0.47902846336364746,-0.03208948231844033,0.09319108724594116,-0.5432734489440918,-0.04359325326589669,0.02841249108314514,-0.28346318006515503,-0.012817837554791822,0.04202452301979065,-0.39098644256591797,-0.02614040419069852,0.05136093497276306,-0.4577767252922058,-0.0389790304711255,0.05594354867935181,-0.5145230889320374,-0.048220048915425195,-0.013828784227371216,-0.2582806348800659,-0.02350682697800721,-0.006464242935180664,-0.3383137583732605,-0.036312747072258844,0.00384521484375,-0.3895481824874878,-0.04255513034371461,0.01406058669090271,-0.43606382608413696,-0.04728484831360902
A,0.0,0.0,0.0,0.07171264290809631,-0.03159940242767334,-0.025209540981194323,0.12475311756134033,-0.12404406070709229,-0.02898304771198923,0.1374814212322235,-0.21138137578964233,-0.03196819360866243,0.09984549880027771,-0.2490609884262085,-0.03474241356863672,0.10785982012748718,-0.26662611961364746,-0.0015501596642195636,0.12481990456581116,-0.36617299914360046,-0.014891340877255743,0.12757620215415955,-0.4274768531322479,-0.030674050110718554,0.1266385018825531,-0.48194998502731323,-0.04345250363959963,0.06824943423271179,-0.2873786687850952,-0.003934089574357813,0.08509975671768188,-0.40196847915649414,-0.014683442670246905,0.09203460812568665,-0.4776574969291687,-0.029445467996737307,0.09392830729484558,-0.5416103005409241,-0.0407551550449341,0.029031217098236084,-0.28333258628845215,-0.011109270635387247,0.04375576972961426,-0.39026758074760437,-0.023805696997186487,0.053028613328933716,-0.45757049322128296,-0.036505206036707705,0.05731096863746643,-0.5146629512310028,-0.045641707736393755,-0.012890636920928955,-0.25896579027175903,-0.021753581720730608,-0.004858523607254028,-0.33950167894363403,-0.03395404900922472,0.005162924528121948,-0.3905770778656006,-0.039719844716927355,0.01470649242401123,-0.43653035163879395,-0.044087252128264254
A,0.0,0.0,0.0,0.07134541869163513,-0.031193912029266357,-0.026145800277134867,0.12414494156837463,-0.12410527467727661,-0.030469549148818942,0.13719883561134338,-0.2123931646347046,-0.0338732071961374,0.09944725036621094,-0.2505381107330322,-0.037003598436257334,0.10758766531944275,-0.26714229583740234,-0.0023937812349856813,0.12369555234909058,-0.36633437871932983,-0.0159814276541681,0.12656211853027344,-0.4277699291706085,-0.03201558373822877,0.12622720003128052,-0.48270028829574585,-0.0451446131612272,0.06820222735404968,-0.2878456115722656,-0.004643906168183776,0.084403395652771,-0.40279945731163025,-0.015784382149121257,0.09186184406280518,-0.4785168170928955,-0.03082862056746194,0.09475815296173096,-0.5429331958293915,-0.0424440459157438,0.028991132974624634,-0.28348225355148315,-0.011790108195981475,0.04326063394546509,-0.39048051834106445,-0.02486732162489602,0.0531805157661438,-0.45814943313598633,-0.038008402362009974,0.058550894260406494,-0.5158966183662415,-0.04755994610442826,-0.013229936361312866,-0.2589339017868042,-0.022510539069315882,-0.005122780799865723,-0.3395232558250427,-0.03516158766998956,0.005146026611328125,-0.39118635654449463,-0.041585910394331904,0.015272080898284912,-0.43821364641189575,-0.04655291445507714
A,0.0,0.0,0.0,0.07201734185218811,-0.03159099817276001,-0.02540083640568014,0.12476858496665955,-0.124930739402771,-0.02946628296129461,0.1374523639678955,-0.21253454685211182,-0.03266421557717081,0.10014235973358154,-0.24949133396148682,-0.035694642377421815,0.10807040333747864,-0.2675762176513672,-0.002918013989329893,0.12447935342788696,-0.36736106872558594,-0.01660167278103586,0.1274130642414093,-0.42888307571411133,-0.03262104318790193,0.1268329620361328,-0.4838823080062866,-0.045703096700236756,0.06866642832756042,-0.28797852993011475,-0.005504229025319773,0.08502677083015442,-0.40326595306396484,-0.016647797462866265,0.09253877401351929,-0.47914624214172363,-0.03155020476631876,0.09513750672340393,-0.5433052778244019,-0.043071540457532365,0.029536545276641846,-0.28338366746902466,-0.01283771396927591,0.04392331838607788,-0.3908156752586365,-0.025731809822246987,0.05396461486816406,-0.45902687311172485,-0.038712034386918504,0.05938529968261719,-0.5171783864498138,-0.04820281119398828,-0.012602448463439941,-0.25840896368026733,-0.023669172463343102,-0.004834085702896118,-0.3394365906715393,-0.036063978833482224,0.005591481924057007,-0.3913232386112213,-0.04227537886552568,0.01577243208885193,-0.43838655948638916,-0.04712353498987909
A,0.0,0.0,0.0,0.07223749160766602,-0.03258854150772095,-0.02424076925552754,0.12516194581985474,-0.12649071216583252,-0.027714934009679837,0.1383768916130066,-0.21353238821029663,-0.03062679040766625,0.10105040669441223,-0.25133782625198364,-0.033407220426568074,0.10837778449058533,-0.2671006917953491,-0.0013969070702728459,0.12502261996269226,-0.36725836992263794,-0.015093685868748707,0.1279343068599701,-0.429172158241272,-0.03120351936257748,0.12721461057662964,-0.48463135957717896,-0.04437254163957505,0.06926649808883667,-0.2880202531814575,-0.004619871541478915,0.0860629677772522,-0.40341073274612427,-0.016029814067849202,0.09393364191055298,-0.47970062494277954,-0.03140197489000229,0.0968782901763916,-0.5445690155029297,-0.043281467441090626,0.03019687533378601,-0.2840600609779358,-0.012540980051824135,0.04534423351287842,-0.3922266364097595,-0.02577415275908379,0.055450767278671265,-0.4600207805633545,-0.038971924963959736,0.060870468616485596,-0.5179299116134644,-0.04857384208179383,-0.011770457029342651,-0.2598664164543152,-0.023830978009470982,-0.003909468650817871,-0.341541588306427,-0.036519767526158375,0.006400972604751587,-0.39348694682121277,-0.04282802510596184,0.01676642894744873,-0.4407539963722229,-0.04773281681872277
A,0.0,0.0,0.0,0.07144296169281006,-0.031670451164245605,-0.024125702191440723,0.12476322054862976,-0.12570196390151978,-0.027438839409796856,0.13757479190826416,-0.21202236413955688,-0.030109343562571667,0.09981128573417664,-0.2486497163772583,-0.03271352823480811,0.1085977852344513,-0.26726728677749634,-0.0019249816903084138,0.12525641918182373,-0.3671819567680359,-0.015421966534404419,0.1281566619873047,-0.428669273853302,-0.031196886185853145,0.12750020623207092,-0.4832543432712555,-0.04407188620075431,0.0693202018737793,-0.28786468505859375,-0.0050127119536682585,0.08608680963516235,-0.4029385447502136,-0.01613865185186114,0.09392261505126953,-0.4787989854812622,-0.031155419979540966,0.09703263640403748,-0.5432505309581757,-0.04277245279058661,0.030262112617492676,-0.2835782766342163,-0.012745676074473522,0.045459359884262085,-0.3910195231437683,-0.02563587341114726,0.05524420738220215,-0.4589904844760895,-0.03882818247780051,0.0604434609413147,-0.5173753201961517,-0.048546347279398105,-0.011913299560546875,-0.25919103622436523,-0.02383177119895663,-0.003916531801223755,-0.33981966972351074,-0.03628851797088828,0.006161540746688843,-0.3914684057235718,-0.04268515061244216,0.016122102737426758,-0.4389163851737976,-0.04774039934977736
A,0.0,0.0,0.0,0.07129159569740295,-0.031364262104034424,-0.02532731968838675,0.12454158067703247,-0.12509101629257202,-0.029203970394320322,0.13696825504302979,-0.21216166019439697,-0.03225561644811137,0.09876298904418945,-0.2498689889907837,-0.03515087854046328,0.10825461149215698,-0.26596105098724365,-0.0027646163378278743,0.12518692016601562,-0.3658826947212219,-0.016750159151143862,0.12785446643829346,-0.4278307855129242,-0.03279681544680102,0.126930832862854,-0.4826437830924988,-0.04580391984362109,0.06875431537628174,-0.2866560220718384,-0.005479106157309843,0.08590003848075867,-0.4021903872489929,-0.0171280246593426,0.09350654482841492,-0.47881782054901123,-0.03237175609845622,0.09619215130805969,-0.5431745648384094,-0.04400913830775721,0.02947700023651123,-0.28213798999786377,-0.012952008693702055,0.04517611861228943,-0.3906170129776001,-0.026506774536557032,0.05482923984527588,-0.45872652530670166,-0.03977371048111422,0.05981537699699402,-0.516662210226059,-0.049360316655821634,-0.01277071237564087,-0.2573254108428955,-0.023856852612681223,-0.004617094993591309,-0.3378489017486572,-0.036932055316157175,0.005714088678359985,-0.38937127590179443,-0.043456931076235605,0.01598179340362549,-0.43646371364593506,-0.04846785258430941
A,0.0,0.0,0.0,0.07166367769241333,-0.03071218729019165,-0.026374667026090037,0.1250949203968048,-0.12281614542007446,-0.030751918517040622,0.13845127820968628,-0.21053040027618408,-0.034072808064507853,0.10136106610298157,-0.24941837787628174,-0.03710837576537074,0.10862407088279724,-0.2649228572845459,-0.003511036122205269,0.12553638219833374,-0.36444729566574097,-0.01765341784803809,0.12826785445213318,-0.4263221323490143,-0.03382925603537501,0.1277892291545868,-0.4815831780433655,-0.04690904084591807,0.06935468316078186,-0.2863975763320923,-0.005520934779184472,0.08645832538604736,-0.40156733989715576,-0.017072281874703776,0.09420207142829895,-0.47776466608047485,-0.03203203443436564,0.09750035405158997,-0.542315810918808,-0.043447583056973826,0.030185014009475708,-0.2829020023345947,-0.012371013015496146,0.045839130878448486,-0.3905850946903229,-0.025582135729479205,0.055801182985305786,-0.4582817554473877,-0.03826735828070582,0.06125599145889282,-0.5162138044834137,-0.04743883300571383,-0.011777251958847046,-0.2589549422264099,-0.022807535789894473,-0.003337264060974121,-0.33827298879623413,-0.035411580540227305,0.007031887769699097,-0.38931703567504883,-0.04148229870943965,0.01718062162399292,-0.436073362827301,-0.04610131967811526
A,0.0,0.0,0.0,0.07165828347206116,-0.03129899501800537,-0.0255411985209264,0.12547901272773743,-0.1236845850944519,-0.02924598109629528,0.13881966471672058,-0.21139401197433472,-0.032047410576609536,0.10075339674949646,-0.24960440397262573,-0.03464691442158596,0.108602374792099,-0.2640156149864197,-0.0021914135078020536,0.1257210671901703,-0.3638148903846741,-0.015899672253993913,0.12853196263313293,-0.42606669664382935,-0.03191860121395962,0.12785452604293823,-0.48154664039611816,-0.04486854103114979,0.06965547800064087,-0.2856236696243286,-0.004388108464894458,0.08711490035057068,-0.40042516589164734,-0.015580725005833074,0.09472042322158813,-0.4768047332763672,-0.03061937642004864,0.09724941849708557,-0.5413116812705994,-0.042134077369240686,0.03070729970932007,-0.2824344038963318,-0.011357864446011945,0.0462779700756073,-0.38959911465644836,-0.024183391674426957,0.056130290031433105,-0.4566687345504761,-0.03682577711251156,0.06089577078819275,-0.5135435461997986,-0.04593741249945538,-0.01121106743812561,-0.2594239115715027,-0.021843238814739152,-0.00235903263092041,-0.3402361273765564,-0.03390112993028538,0.008349478244781494,-0.391395628452301,-0.03963191163447277,0.018623024225234985,-0.43767866492271423,-0.044035513966349527
A,0.0,0.0,0.0,0.07114177942276001,-0.03064662218093872,-0.026216830732806784,0.12572798132896423,-0.12253141403198242,-0.030552843260153395,0.1399211883544922,-0.21073371171951294,-0.033822754072531325,0.1011524498462677,-0.2496768832206726,-0.03683714722333775,0.1091356873512268,-0.26364994049072266,-0.0033007707917533935,0.1265338659286499,-0.3630426228046417,-0.01726244729994164,0.1295456886291504,-0.4250222444534302,-0.03348484789071904,0.12927895784378052,-0.480645090341568,-0.046594841080292326,0.07006493210792542,-0.28560543060302734,-0.005295372242613894,0.08784189820289612,-0.4001392722129822,-0.01647855681417809,0.09572434425354004,-0.4763376712799072,-0.03140979041396008,0.098531574010849,-0.5410350859165192,-0.042892144667490584,0.030986517667770386,-0.28233081102371216,-0.012066817516966921,0.046676576137542725,-0.38887643814086914,-0.024723143922670943,0.056802600622177124,-0.45597851276397705,-0.03709802557764874,0.06186369061470032,-0.5131520628929138,-0.0461117156320654,-0.0110054612159729,-0.25900983810424805,-0.02243827623365746,-0.0021144449710845947,-0.3394396901130676,-0.03431756948171483,0.008723795413970947,-0.39079129695892334,-0.03983545084534512,0.019177556037902832,-0.43741679191589355,-0.044136045175179106
A,0.0,0.0,0.0,0.07176727056503296,-0.031031668186187744,-0.026641231725534453,0.12568768858909607,-0.12137871980667114,-0.03133590216430093,0.13792917132377625,-0.20881229639053345,-0.03496553818376924,0.10054120421409607,-0.24921554327011108,-0.03840012545379068,0.10961660742759705,-0.26296859979629517,-0.003900152627920761,0.12700706720352173,-0.3627113103866577,-0.01839209417494203,0.13000956177711487,-0.4251829981803894,-0.034733039090951934,0.129466712474823,-0.4807470440864563,-0.047839683244546904,0.07011553645133972,-0.2841588258743286,-0.005899872860481992,0.0878477394580841,-0.39936020970344543,-0.018021884138306632,0.09562948346138,-0.476238489151001,-0.03362622181566621,0.09852156043052673,-0.5411061346530914,-0.04540429706366922,0.030883699655532837,-0.2802242040634155,-0.01270513399185802,0.046155959367752075,-0.3876761198043823,-0.026521694610437407,0.05584549903869629,-0.4556753635406494,-0.03975003282221223,0.06091654300689697,-0.5134507715702057,-0.049108729461750045,-0.011318981647491455,-0.25614720582962036,-0.023042895595153823,-0.003167659044265747,-0.3367907404899597,-0.03619912708791162,0.007415801286697388,-0.38829275965690613,-0.04260198468955423,0.017956137657165527,-0.43514907360076904,-0.047307734141668334
A,0.0,0.0,0.0,0.07069700956344604,-0.029093384742736816,-0.026748666876784455,0.12496137619018555,-0.11995559930801392,-0.03164498914205183,0.1380215287208557,-0.20828711986541748,-0.03541676733814825,0.10044541954994202,-0.24913239479064941,-0.038948092946640145,0.10965564846992493,-0.26381999254226685,-0.004511009307435643,0.12664151191711426,-0.36358749866485596,-0.018943723628154885,0.12970638275146484,-0.425772488117218,-0.03511853549801458,0.1292526125907898,-0.4808700978755951,-0.04807411167942632,0.0704001784324646,-0.28536516427993774,-0.006431898439160477,0.08795782923698425,-0.40011656284332275,-0.018165089527002465,0.09578865766525269,-0.47587406635284424,-0.03309147466146101,0.09896180033683777,-0.5398902297019958,-0.04437938738786329,0.03128427267074585,-0.2815568447113037,-0.013170043343535554,0.046783238649368286,-0.3885836899280548,-0.026422446930638444,0.05687206983566284,-0.45592862367630005,-0.038891878316036355,0.06250613927841187,-0.5133406221866608,-0.04783745516263593,-0.011102527379989624,-0.2574087381362915,-0.023503007704249512,-0.00282132625579834,-0.3378724455833435,-0.03609272871338476,0.007869213819503784,-0.3893437683582306,-0.04201259870254148,0.01868346333503723,-0.43645167350769043,-0.04643896255814184
A,0.0,0.0,0.0,0.07068231701850891,-0.029910743236541748,-0.026638096971339564,0.12343373894691467,-0.12119066715240479,-0.03115335556668697,0.1376725137233734,-0.20777219533920288,-0.0346047904620832,0.10163655877113342,-0.24771076440811157,-0.03781160603267608,0.10792723298072815,-0.26259827613830566,-0.004294753381884675,0.1254429817199707,-0.3620189428329468,-0.018982934607095103,0.12851980328559875,-0.42393624782562256,-0.03545180599195419,0.12804844975471497,-0.4796413779258728,-0.04871687929136215,0.0688244104385376,-0.2842012047767639,-0.006202056845552306,0.0867716372013092,-0.39862775802612305,-0.01861893276674209,0.09505388140678406,-0.47471368312835693,-0.034111580653018336,0.09835296869277954,-0.5392418205738068,-0.04583809788329063,0.029683738946914673,-0.28061848878860474,-0.012964870622283797,0.045825570821762085,-0.3884541392326355,-0.027101044384664874,0.05577927827835083,-0.4552651643753052,-0.04011693860394416,0.06067967414855957,-0.5121839642524719,-0.04927593360645233,-0.011914849281311035,-0.2569991946220398,-0.02328267957074104,-0.002992987632751465,-0.33751291036605835,-0.036586779011315684,0.007142752408981323,-0.38857296109199524,-0.04302381987673698,0.016849517822265625,-0.4350772500038147,-0.04777853826982437
A,0.0,0.0,0.0,0.07074594497680664,-0.029954493045806885,-0.027253410330700945,0.1244913637638092,-0.12200301885604858,-0.03173320602505214,0.1372469663619995,-0.2105608582496643,-0.034895981213736604,0.0989239513874054,-0.25190645456314087,-0.037706258258509706,0.1101575493812561,-0.2636266350746155,-0.00375753782569177,0.12757059931755066,-0.3637949824333191,-0.017703798151302408,0.13048717379570007,-0.4262715280056,-0.033622378966498445,0.13013875484466553,-0.48148971796035767,-0.04648010667293079,0.07062393426895142,-0.2857043147087097,-0.005211812927115034,0.08842986822128296,-0.4008931815624237,-0.016613584494876932,0.0964207649230957,-0.4772390127182007,-0.031565739324975084,0.09984120726585388,-0.541094571352005,-0.042884776851821016,0.031157374382019043,-0.2822532653808594,-0.011591067089426588,0.04717445373535156,-0.3897024393081665,-0.02496172349779613,0.057332128286361694,-0.45840609073638916,-0.03809503700463779,0.06300604343414307,-0.5163805782794952,-0.04749023403851993,-0.01120668649673462,-0.2582501769065857,-0.021564227080631326,-0.002430438995361328,-0.3381041884422302,-0.03467673297851093,0.007890492677688599,-0.38916388154029846,-0.041064212581801485,0.017934590578079224,-0.43536055088043213,-0.045764910540270876
A,0.0,0.0,0.0,0.0721217691898346,-0.029438316822052002,-0.02651509728954693,0.12565398216247559,-0.12266474962234497,-0.03004818682299515,0.139868825674057,-0.21003413200378418,-0.0324538675390329,0.10341379046440125,-0.24803799390792847,-0.03451351721511742,0.11033192276954651,-0.2620479464530945,-0.0028729987584199534,0.12874659895896912,-0.36207449436187744,-0.01681632076130768,0.13208141922950745,-0.4247276186943054,-0.03284297038541695,0.1318313479423523,-0.48039957880973816,-0.04585248131976982,0.07125014066696167,-0.28441321849823,-0.004568314111992322,0.08961713314056396,-0.3998439311981201,-0.016306561350091897,0.09802919626235962,-0.47686344385147095,-0.03160055626855751,0.1014477014541626,-0.5417729914188385,-0.04316691954360863,0.03202006220817566,-0.2813413143157959,-0.011153532124325238,0.04805636405944824,-0.3892892003059387,-0.024619749679430925,0.05808156728744507,-0.4566248059272766,-0.03772940386758705,0.06331893801689148,-0.514038473367691,-0.04706347633825203,-0.009775251150131226,-0.25812047719955444,-0.021328649415835343,-0.0008541643619537354,-0.33793026208877563,-0.03400084648953339,0.009745031595230103,-0.3890758752822876,-0.04039177198635002,0.020376890897750854,-0.43617135286331177,-0.04527013648973366
A,0.0,0.0,0.0,0.0713939368724823,-0.029666006565093994,-0.02534609645786645,0.12484127283096313,-0.122478187084198,-0.02874375119986894,0.13680830597877502,-0.20916134119033813,-0.03125128321531179,0.09943091869354248,-0.24816739559173584,-0.03361408584001424,0.10971444845199585,-0.2632647752761841,-0.0021448355093127702,0.12698686122894287,-0.3618771731853485,-0.015766408147243283,0.13008421659469604,-0.423664391040802,-0.031663520114449284,0.1296076774597168,-0.4790211319923401,-0.04470073975804212,0.07023650407791138,-0.28509169816970825,-0.004497838525054476,0.08738240599632263,-0.39963871240615845,-0.01593171417894723,0.09554433822631836,-0.47543179988861084,-0.03111486867251756,0.09895205497741699,-0.5401486456394196,-0.042766196506050846,0.030954748392105103,-0.2817392945289612,-0.0116363790276921,0.0464959442615509,-0.38925403356552124,-0.025175411106971524,0.056635379791259766,-0.45647138357162476,-0.03838708423259618,0.06200370192527771,-0.5143817067146301,-0.04789197243931653,-0.011131852865219116,-0.25820887088775635,-0.022215520815876744,-0.002638101577758789,-0.33849412202835083,-0.035309688972262165,0.008148014545440674,-0.3890385627746582,-0.041786173211363575,0.01864945888519287,-0.4353376030921936,-0.04672480918648603
A,0.0,0.0,0.0,0.07047459483146667,-0.03166043758392334,-0.02500447417858709,0.12319141626358032,-0.12441480159759521,-0.028518266708289275,0.13606613874435425,-0.20993173122406006,-0.031148466945325026,0.0993514358997345,-0.25003582239151,-0.03367063935164083,0.10776147246360779,-0.26328045129776,-0.003057799965773711,0.1255854368209839,-0.36284881830215454,-0.017220196977888236,0.12900635600090027,-0.42451557517051697,-0.03334601382974256,0.1289142668247223,-0.4796189069747925,-0.04624206359747518,0.06879103183746338,-0.28480207920074463,-0.005588644847904334,0.08735457062721252,-0.39935678243637085,-0.01718831035557855,0.09558972716331482,-0.4756923019886017,-0.032402133301530966,0.09878179430961609,-0.5403671860694885,-0.04393685396078695,0.029675781726837158,-0.2812044024467468,-0.012788383953903804,0.04602086544036865,-0.3880246877670288,-0.025819670141373763,0.05616167187690735,-0.4555896520614624,-0.038681538507972846,0.061544448137283325,-0.5135818421840668,-0.047964600578580985,-0.012781232595443726,-0.2574115991592407,-0.02339752923015226,-0.0036782920360565186,-0.3374119997024536,-0.035696482018266806,0.0070487260818481445,-0.3884783685207367,-0.041517203406129966,0.017523616552352905,-0.4353758692741394,-0.04596955861214269
A,0.0,0.0,0.0,0.07049250602722168,-0.03053760528564453,-0.027441855026239637,0.12430250644683838,-0.12209105491638184,-0.032202504081482175,0.13787752389907837,-0.2106647491455078,-0.0356058808693831,0.10057187080383301,-0.253464937210083,-0.03867778877710748,0.11004957556724548,-0.26234740018844604,-0.004687019595706943,0.1277451515197754,-0.36201736330986023,-0.019211682928556684,0.13086795806884766,-0.4242921471595764,-0.03557945738529611,0.13065382838249207,-0.48038145899772644,-0.048786118132824186,0.0707334578037262,-0.284628689289093,-0.006348776602948192,0.08885464072227478,-0.3999990224838257,-0.018292987225407842,0.09698271751403809,-0.4765893220901489,-0.03374012137746263,0.10061177611351013,-0.5415217578411102,-0.045516281826252225,0.031208038330078125,-0.2816050052642822,-0.01289642832225013,0.04758787155151367,-0.38888537883758545,-0.02663872527872968,0.05817189812660217,-0.45789027214050293,-0.040160350007766965,0.0644972026348114,-0.5168139338493347,-0.04993200997805047,-0.011458605527877808,-0.25837111473083496,-0.023036116240376714,-0.0022407174110412598,-0.33808058500289917,-0.0364271881709044,0.008483856916427612,-0.3889988362789154,-0.04297824154591012,0.019119441509246826,-0.4353663921356201,-0.04785280625318933
A,0.0,0.0,0.0,0.07135418057441711,-0.029675304889678955,-0.026343715929442624,0.12534812092781067,-0.12337201833724976,-0.03012615776901839,0.1385311484336853,-0.21105647087097168,-0.03277846015339492,0.10106086730957031,-0.25022345781326294,-0.035200807818227986,0.11137396097183228,-0.2629813551902771,-0.00352729097289739,0.12916022539138794,-0.3618924021720886,-0.017328681045228223,0.13262280821800232,-0.4239906966686249,-0.03332985154634116,0.13282683491706848,-0.4794761836528778,-0.04643145910745261,0.07188132405281067,-0.2852214574813843,-0.005540878598594645,0.08987930417060852,-0.40000393986701965,-0.016905758150869588,0.09820136427879333,-0.4766305685043335,-0.031938865401798466,0.10208171606063843,-0.5412105023860931,-0.043471995362097005,0.032344818115234375,-0.2818121910095215,-0.012366189242356995,0.048713088035583496,-0.38930732011795044,-0.02560076452141402,0.05936485528945923,-0.45729556679725647,-0.038740053393894414,0.06583952903747559,-0.5151651501655579,-0.04831725321059821,-0.010526925325393677,-0.25770026445388794,-0.022751379379087666,-0.0018065869808197021,-0.33709585666656494,-0.03578177429085372,0.00873759388923645,-0.3880869150161743,-0.042239036032015065,0.019348442554473877,-0.43466252088546753,-0.047158758708292225
A,0.0,0.0,0.0,0.07056742906570435,-0.03089761734008789,-0.026000973311795406,0.1250612735748291,-0.123293936252594,-0.030459207025899104,0.13925665616989136,-0.21059036254882812,-0.033741156113876514,0.10280260443687439,-0.2484821081161499,-0.036866223914159946,0.11037269234657288,-0.26400482654571533,-0.00539083686618369,0.12890499830245972,-0.3623952269554138,-0.019700618935360126,0.13280397653579712,-0.42392510175704956,-0.03602833534552019,0.13336274027824402,-0.4797297716140747,-0.04938755418135088,0.07196623086929321,-0.2859925627708435,-0.007894783755375556,0.0905875563621521,-0.4002944231033325,-0.019396191937460117,0.09953442215919495,-0.4763275384902954,-0.034291944009794406,0.10369855165481567,-0.5411920249462128,-0.04590748484207552,0.03293699026107788,-0.2823949456214905,-0.015048885261251144,0.04946383833885193,-0.3896811604499817,-0.02827864001466196,0.060584843158721924,-0.45756909251213074,-0.041560872001184634,0.0671815276145935,-0.5163050293922424,-0.05140106241179865,-0.009587854146957397,-0.2578807473182678,-0.025709793446196727,-0.00025212764739990234,-0.3375544548034668,-0.03888071562124651,0.010753780603408813,-0.3890650272369385,-0.045594977689518146,0.021102994680404663,-0.4364226460456848,-0.050784061206115894
A,0.0,0.0,0.0,0.07155385613441467,-0.029742419719696045,-0.025009230272814875,0.1268584132194519,-0.12171727418899536,-0.028788306312605982,0.1415511667728424,-0.20662963390350342,-0.0315112271625253,0.10640010237693787,-0.24281126260757446,-0.03414628145281995,0.11308842897415161,-0.26111501455307007,-0.004950200701102858,0.1336941421031952,-0.35883352160453796,-0.01953373898749078,0.1386309564113617,-0.4199901521205902,-0.035902673872158175,0.13929525017738342,-0.47522658109664917,-0.04924351585094655,0.07532641291618347,-0.2838679552078247,-0.00796158009205783,0.0957019031047821,-0.39752495288848877,-0.019995574401661997,0.10546693205833435,-0.4729723036289215,-0.03499984231774533,0.10990354418754578,-0.5371565520763397,-0.046645781518861895,0.036455780267715454,-0.28105682134628296,-0.015608962187513953,0.054195255041122437,-0.3885612487792969,-0.029561438159987574,0.06635552644729614,-0.45631858706474304,-0.043349618585750704,0.0738823413848877,-0.5148851871490479,-0.05346147951667035,-0.006184577941894531,-0.2574775815010071,-0.026636664317891245,0.004219651222229004,-0.3367961645126343,-0.04074049231593335,0.015435397624969482,-0.3880752623081207,-0.048157489420816546,0.025936812162399292,-0.43530261516571045,-0.05379170787517751
A,0.0,0.0,0.0,0.07380279898643494,-0.031522274017333984,-0.01989659005224098,0.12810885906219482,-0.12045353651046753,-0.022884226305478705,0.14472487568855286,-0.19980275630950928,-0.02579825827299942,0.113867849111557,-0.23746806383132935,-0.028736065043204917,0.11627781391143799,-0.25750601291656494,-0.0026880040709613695,0.1390495002269745,-0.353951096534729,-0.017233288748258246,0.14493823051452637,-0.4133549630641937,-0.033299582911723746,0.14555326104164124,-0.4660937190055847,-0.045925120724433555,0.08014050126075745,-0.2796197533607483,-0.007625689165735139,0.10230723023414612,-0.3932255506515503,-0.01885596746026863,0.11280989646911621,-0.4662286043167114,-0.032489026798003806,0.11649352312088013,-0.5269384384155273,-0.04315866426944126,0.04218435287475586,-0.2774306535720825,-0.016756175918573035,0.0601503849029541,-0.3842138648033142,-0.029282233579152717,0.0717686116695404,-0.450875461101532,-0.04147964240431179,0.07758462429046631,-0.5072281360626221,-0.05059619144915928,7.194280624389648e-05,-0.254503071308136,-0.028832361934775008,0.010458201169967651,-0.33411192893981934,-0.04130435259460796,0.021159738302230835,-0.3860142230987549,-0.0475712669026791,0.03030496835708618,-0.43232956528663635,-0.052427521808141364
A,0.0,0.0,0.0,0.07215580344200134,-0.03184819221496582,-0.014116107619031482,0.12600773572921753,-0.11574995517730713,-0.01582307754330259,0.1459513008594513,-0.1908435821533203,-0.01874811029307466,0.12261033058166504,-0.2208065390586853,-0.021498453004880957,0.11839145421981812,-0.24289017915725708,0.0031135008738942815,0.14357590675354004,-0.33793383836746216,-0.009341682440265231,0.1529000997543335,-0.39645785093307495,-0.023937881125732474,0.15681502223014832,-0.448311448097229,-0.03594547150902372,0.08674082159996033,-0.2670612335205078,-0.004724033309742026,0.11267676949501038,-0.3809320032596588,-0.015173180161639266,0.12541183829307556,-0.45362943410873413,-0.0280173627125464,0.1301874816417694,-0.5131032764911652,-0.03794866441063505,0.0531291663646698,-0.26960617303848267,-0.01630418760947805,0.07454544305801392,-0.3759724497795105,-0.027968181430026107,0.0884445309638977,-0.44293591380119324,-0.04017903296522718,0.09514021873474121,-0.49829280376434326,-0.049428653104826026,0.015052616596221924,-0.2528005838394165,-0.030419498814865165,0.027902871370315552,-0.3295108675956726,-0.04174029840402227,0.03804904222488403,-0.3777441382408142,-0.04741501448921781,0.0450911819934845,-0.41830676794052124,-0.0519972817438088
A,0.0,0.0,0.0,0.0761532187461853,-0.03480631113052368,-0.006353709928063722,0.1298321783542633,-0.11452627182006836,-0.008414018980531068,0.15028133988380432,-0.18382763862609863,-0.01342450369831738,0.14006534218788147,-0.2030434012413025,-0.018753497011331888,0.1243675947189331,-0.2351091504096985,0.004753502004476218,0.1539604365825653,-0.33020007610321045,-0.007994750595955225,0.1668630838394165,-0.3873690962791443,-0.021349899552134843,0.17445257306098938,-0.43817925453186035,-0.03269040220168051,0.09663280844688416,-0.2515813708305359,-0.008000792085496755,0.1300346553325653,-0.36353468894958496,-0.02020966642287192,0.14612463116645813,-0.4344462752342224,-0.03291570030835089,0.15400227904319763,-0.49427151679992676,-0.042600251815585466,0.06628796458244324,-0.2473103404045105,-0.02370709934022841,0.09424683451652527,-0.3536718487739563,-0.036785762838391634,0.1111479103565216,-0.41819244623184204,-0.0488303602555078,0.12134304642677307,-0.4734499454498291,-0.05785695471551833,0.03259816765785217,-0.22533780336380005,-0.04109444849875388,0.053398072719573975,-0.300944447517395,-0.053062282583979936,0.06837478280067444,-0.34945449233055115,-0.05940193318512854,0.07988366484642029,-0.3926096558570862,-0.06470440336254057
A,0.0,0.0,0.0,0.08048465847969055,-0.03085225820541382,-0.0016643539265714935,0.13395282626152039,-0.10998445749282837,-0.0028490364047684125,0.15449583530426025,-0.17786329984664917,-0.008146304447109287,0.14407065510749817,-0.19680547714233398,-0.01396954692518193,0.12868788838386536,-0.2286352515220642,0.0070526699573747464,0.1590316891670227,-0.32303985953330994,-0.006573465462679451,0.17368227243423462,-0.38279277086257935,-0.019898868907148426,0.18327170610427856,-0.43561434745788574,-0.03162049483125884,0.10533025860786438,-0.24061685800552368,-0.008878445994014328,0.14232179522514343,-0.34832677245140076,-0.023184452015811985,0.1608295738697052,-0.41892296075820923,-0.03666008617346961,0.17095258831977844,-0.4789387285709381,-0.046905454058105533,0.07867062091827393,-0.23266339302062988,-0.02755915913348872,0.11133456230163574,-0.33505168557167053,-0.04274867456024367,0.12847203016281128,-0.3999180495738983,-0.055988937426263874,0.13855010271072388,-0.45647644996643066,-0.0659535935110398,0.050586163997650146,-0.20736992359161377,-0.04747230913108069,0.07568201422691345,-0.2773321270942688,-0.06089527513449866,0.09071382880210876,-0.3262214660644531,-0.06932242568200309,0.10112494230270386,-0.3713487684726715,-0.07666726763909537
A,0.0,0.0,0.0,0.08236011862754822,-0.033226728439331055,0.007813332797113048,0.130153626203537,-0.11843138933181763,0.00983304829252063,0.1502118706703186,-0.17994558811187744,0.00582640544426738,0.15266132354736328,-0.20189917087554932,0.0008313030904076868,0.11772137880325317,-0.23284459114074707,0.009688200623813259,0.1555151641368866,-0.318284273147583,-0.005614490984854115,0.1769774854183197,-0.3779701590538025,-0.019941162123259915,0.1909756064414978,-0.43168091773986816,-0.03298727589744033,0.09697389602661133,-0.24123615026474,-0.012571729524907482,0.1443490982055664,-0.341884970664978,-0.029362026407298458,0.16926437616348267,-0.41212815046310425,-0.04505817758935393,0.18409746885299683,-0.47542518377304077,-0.05755539777773322,0.07464808225631714,-0.2290990948677063,-0.036681702165779484,0.1171836256980896,-0.3244518041610718,-0.05384218114512862,0.13985535502433777,-0.38837337493896484,-0.06860358434813918,0.15453028678894043,-0.44767382740974426,-0.08041898327964248,0.05409279465675354,-0.19940489530563354,-0.061075610845264805,0.08607536554336548,-0.26186585426330566,-0.07684403079646529,0.10462039709091187,-0.31154876947402954,-0.08706355261701049,0.118533194065094,-0.359014630317688,-0.09620224851268233
A,0.0,0.0,0.0,0.08632901310920715,-0.04006856679916382,0.009558226656139368,0.1285248100757599,-0.12682145833969116,0.01070914578062343,0.1444256603717804,-0.1879255175590515,0.005193910304427618,0.1492173671722412,-0.21020883321762085,-0.0015271293474654613,0.10958871245384216,-0.2403307557106018,0.008854934688628191,0.1475222408771515,-0.3241381049156189,-0.00804736863452149,0.17025378346443176,-0.38679295778274536,-0.023565834645211226,0.18571078777313232,-0.442308247089386,-0.03773164588588429,0.09074786305427551,-0.24506884813308716,-0.015411943454324728,0.14203926920890808,-0.3433184027671814,-0.03485302094000531,0.16820800304412842,-0.41417211294174194,-0.05283959049361897,0.18467643857002258,-0.4795718193054199,-0.06709270018714619,0.07263064384460449,-0.22961515188217163,-0.04121539953726483,0.11841538548469543,-0.3226332366466522,-0.06033592138069821,0.14076095819473267,-0.3883170187473297,-0.0768193288483019,0.15418237447738647,-0.4487193524837494,-0.0899145065583582,0.057762742042541504,-0.19728237390518188,-0.06712638426202489,0.09117192029953003,-0.26110726594924927,-0.08416863370317174,0.10875734686851501,-0.3130899667739868,-0.0958559795059557,0.12073129415512085,-0.36243152618408203,-0.10630256522077275
A,0.0,0.0,0.0,0.08607345819473267,-0.043929219245910645,0.014609626449527013,0.12247800827026367,-0.12754249572753906,0.017893621653200853,0.1412195861339569,-0.1777690052986145,0.013684040821971166,0.16268247365951538,-0.21114039421081543,0.008512665472807157,0.09320065379142761,-0.24577271938323975,0.0153055693506019,0.13688862323760986,-0.3230958580970764,-0.003557886041818392,0.16572454571723938,-0.3860745429992676,-0.021309819117306006,0.1875768005847931,-0.44053933024406433,-0.03652076800179316,0.08084392547607422,-0.2474154829978943,-0.010209536224721205,0.13627341389656067,-0.34230101108551025,-0.030661417216180098,0.16588979959487915,-0.41253966093063354,-0.049641277685879004,0.18785786628723145,-0.4788808524608612,-0.06440562759351565,0.07303991913795471,-0.23119866847991943,-0.03695641089987589,0.12199798226356506,-0.32258397340774536,-0.05610598255705668,0.14742624759674072,-0.38676711916923523,-0.07128594820213152,0.16537785530090332,-0.44601568579673767,-0.0833733678312285,0.07126665115356445,-0.19829314947128296,-0.06356467311096026,0.10164344310760498,-0.25969183444976807,-0.08090807501983477,0.11798739433288574,-0.3091146945953369,-0.09153399620961977,0.13197287917137146,-0.3539689779281616,-0.10063441847276522
A,0.0,0.0,0.0,0.08755633234977722,-0.049714505672454834,0.014734886361495114,0.12058430910110474,-0.1338266134262085,0.01960100676699028,0.1368420124053955,-0.18398529291152954,0.01758130151613102,0.15718677639961243,-0.21739321947097778,0.01420448232276783,0.0802430808544159,-0.2496246099472046,0.0147742794437562,0.1266496181488037,-0.3213454782962799,-0.003292307948484563,0.15837696194648743,-0.38393500447273254,-0.020251178407832526,0.1806638240814209,-0.4376518726348877,-0.035109146723314666,0.0681036114692688,-0.2511143684387207,-0.009335764908954047,0.1261810064315796,-0.3422759175300598,-0.03025425154881134,0.15884345769882202,-0.41035741567611694,-0.04976580221371307,0.18194949626922607,-0.4782044589519501,-0.0648588568361248,0.062446415424346924,-0.23393553495407104,-0.03441474516110077,0.11603152751922607,-0.32250678539276123,-0.056704546550079726,0.14458292722702026,-0.38583478331565857,-0.07473066751079216,0.164112389087677,-0.44808077812194824,-0.08824630383567467,0.06418755650520325,-0.20168769359588623,-0.05878229741172447,0.09643581509590149,-0.2592860460281372,-0.08248205039815559,0.114003986120224,-0.30799412727355957,-0.09775738720016136,0.12902960181236267,-0.3538384437561035,-0.10930956456975593
A,0.0,0.0,0.0,0.08329537510871887,-0.047756850719451904,0.011778048852505663,0.11454319953918457,-0.13423258066177368,0.015095768177928903,0.1286153793334961,-0.18687856197357178,0.011782349700155237,0.14480754733085632,-0.21864092350006104,0.006756631339015939,0.0806332528591156,-0.24686461687088013,0.010309645587625482,0.12162449955940247,-0.3257567286491394,-0.008066560460207484,0.14813056588172913,-0.3913409113883972,-0.024867981059429667,0.16439232230186462,-0.4480413496494293,-0.03951903371321919,0.06703189015388489,-0.2490503191947937,-0.012864069400308153,0.11795368790626526,-0.3471391797065735,-0.03420015735733273,0.14712491631507874,-0.4184122085571289,-0.05420684753167393,0.16531315445899963,-0.4879106879234314,-0.06938376961457493,0.05769488215446472,-0.23270773887634277,-0.036921269578812144,0.10250106453895569,-0.3269934058189392,-0.05953965274798634,0.1258331835269928,-0.3926871418952942,-0.07786533175217869,0.1394476592540741,-0.45586884021759033,-0.0913187184761739,0.05442669987678528,-0.20153671503067017,-0.06048780245887997,0.08507388830184937,-0.261699914932251,-0.08324082134473088,0.10008841753005981,-0.3121185898780823,-0.09780725030410053,0.11113855242729187,-0.35925519466400146,-0.10888775376784565
A,0.0,0.0,0.0,0.08210805058479309,-0.04868781566619873,0.012381551374161859,0.11429300904273987,-0.13259828090667725,0.016328373510802408,0.1297905147075653,-0.18166017532348633,0.01369826268073382,0.1471990942955017,-0.21693986654281616,0.00950351223018231,0.07748398184776306,-0.24290746450424194,0.011172491643989702,0.1194409728050232,-0.32201388478279114,-0.007709346659069638,0.14695724844932556,-0.38866424560546875,-0.02492599975649057,0.16489851474761963,-0.44561442732810974,-0.0393745381790751,0.06648573279380798,-0.24506407976150513,-0.01161139685991941,0.11724898219108582,-0.3445813059806824,-0.0327328484911078,0.1465570330619812,-0.41601109504699707,-0.05224225338879762,0.16587066650390625,-0.4857037663459778,-0.0668321181494349,0.060360848903656006,-0.23125416040420532,-0.035182241763507704,0.10517227649688721,-0.326656699180603,-0.056617469008600096,0.1281803846359253,-0.39262282848358154,-0.07315689366642175,0.142234206199646,-0.45650240778923035,-0.08526113670650659,0.06117567420005798,-0.2043411135673523,-0.058376692648565154,0.0899587869644165,-0.26706498861312866,-0.07966466289344964,0.10427823662757874,-0.31701862812042236,-0.09249702882353006,0.11561259627342224,-0.3637976050376892,-0.10208077024999795
A,0.0,0.0,0.0,0.08298394083976746,-0.04692256450653076,0.011937600471156884,0.1140035092830658,-0.13179457187652588,0.015806381501334954,0.1293109953403473,-0.18068170547485352,0.013308212071734715,0.14883330464363098,-0.21445339918136597,0.009063157163637925,0.07436609268188477,-0.24308472871780396,0.009421709835606862,0.11631298065185547,-0.31841111183166504,-0.009971573106867027,0.14501723647117615,-0.3836086392402649,-0.027885104618889045,0.1646653711795807,-0.439375102519989,-0.04300488633654709,0.06394338607788086,-0.2437412142753601,-0.013098908677619647,0.11522996425628662,-0.3399352729320526,-0.03478213501713867,0.14686712622642517,-0.4104251265525818,-0.05524099720261688,0.16910943388938904,-0.4810280203819275,-0.07085860250137443,0.05927479267120361,-0.22775781154632568,-0.036271263934594344,0.10486653447151184,-0.32229307293891907,-0.0585039119198143,0.13046228885650635,-0.3875216245651245,-0.07584307817361946,0.14748790860176086,-0.4514985680580139,-0.08855377612255211,0.06258326768875122,-0.1986052393913269,-0.058996100999337386,0.09107530117034912,-0.2636542320251465,-0.08120465008161659,0.10669258236885071,-0.31454625725746155,-0.09482162175319786,0.12035423517227173,-0.36160171031951904,-0.10505583611868019
A,0.0,0.0,0.0,0.0828595757484436,-0.04646444320678711,0.013122349416562429,0.11548346281051636,-0.12752240896224976,0.016606546377488485,0.13192206621170044,-0.17355549335479736,0.013526169953593126,0.15066367387771606,-0.20403027534484863,0.008528172408887258,0.07381460070610046,-0.23949778079986572,0.008369132315465322,0.11913993954658508,-0.3138967752456665,-0.011711570995203147,0.1487703025341034,-0.3780405521392822,-0.029929513672641406,0.1692047119140625,-0.4328494071960449,-0.04515325334136833,0.06477716565132141,-0.24003225564956665,-0.015107832478634009,0.11794716119766235,-0.33669042587280273,-0.03817935716574539,0.15028905868530273,-0.4081404507160187,-0.05972299035852302,0.17326194047927856,-0.480398565530777,-0.07577995266979087,0.06239160895347595,-0.2240733504295349,-0.03886107411449302,0.10956761240959167,-0.3203040659427643,-0.062147863770178446,0.13574180006980896,-0.3858821392059326,-0.07997010704343666,0.15341132879257202,-0.4511058032512665,-0.09276858028238166,0.06892892718315125,-0.19481223821640015,-0.06191710066264022,0.09688448905944824,-0.26076269149780273,-0.08479092326228965,0.11214521527290344,-0.31100982427597046,-0.09829310383861412,0.12572675943374634,-0.3577929139137268,-0.1081970563179766
A,0.0,0.0,0.0,0.0836542546749115,-0.04922652244567871,0.015658438979400557,0.11603420972824097,-0.13133859634399414,0.020940818666232985,0.13354447484016418,-0.1760881543159485,0.019473912968052787,0.15477752685546875,-0.2062152624130249,0.016325977473272246,0.07056128978729248,-0.24237918853759766,0.011272060527218741,0.12007716298103333,-0.31447044014930725,-0.007950212964104253,0.15142399072647095,-0.37656277418136597,-0.025561918662177163,0.17343610525131226,-0.4284045398235321,-0.040421092109070855,0.06286495923995972,-0.2416347861289978,-0.012472454616116124,0.12017020583152771,-0.3364391028881073,-0.03508133177577122,0.15371191501617432,-0.40622478723526,-0.05630986128865345,0.17742761969566345,-0.47692105174064636,-0.07218634073554142,0.06317117810249329,-0.22415941953659058,-0.03632571284590824,0.11334317922592163,-0.3211090862751007,-0.059357495204793054,0.1403845250606537,-0.3856162428855896,-0.07737715278683766,0.15846210718154907,-0.44986462593078613,-0.09037132297574146,0.07323238253593445,-0.19370675086975098,-0.059168477700339395,0.10146304965019226,-0.25973236560821533,-0.08276912306367024,0.11658641695976257,-0.3101809620857239,-0.09733248983441456,0.13029828667640686,-0.3577353358268738,-0.1079285341960059
A,0.0,0.0,0.0,0.0854911208152771,-0.04913938045501709,0.01662864684556098,0.11897426843643188,-0.1296483278274536,0.021431738133173894,0.13680210709571838,-0.17377591133117676,0.01923492140565486,0.15744826197624207,-0.20402812957763672,0.01514145787302823,0.07430475950241089,-0.24372780323028564,0.010919705587070894,0.12415850162506104,-0.315061092376709,-0.00849120822306304,0.15591493248939514,-0.3766746520996094,-0.02660408467556863,0.17817160487174988,-0.42918556928634644,-0.042096242686170626,0.06554463505744934,-0.24205267429351807,-0.014138457742888022,0.12435412406921387,-0.3373574912548065,-0.03682361580933957,0.15859922766685486,-0.40766632556915283,-0.05889296196903615,0.1827365756034851,-0.47987765073776245,-0.07565020062531858,0.06465455889701843,-0.2227575182914734,-0.039100289722341586,0.11642304062843323,-0.3200158476829529,-0.06238979883994489,0.14371058344841003,-0.38443636894226074,-0.08050690629090695,0.16224801540374756,-0.449381947517395,-0.09371729977931409,0.07291117310523987,-0.18976736068725586,-0.06292786486949353,0.10135731101036072,-0.2566796541213989,-0.08656175472344785,0.1170617938041687,-0.3068206310272217,-0.10069377758111386,0.13193053007125854,-0.35444143414497375,-0.11108267345036893
A,0.0,0.0,0.0,0.08406144380569458,-0.04453390836715698,0.012479030489998877,0.11807730793952942,-0.12800812721252441,0.015800434127527296,0.13418510556221008,-0.17749238014221191,0.01264068108059746,0.15075945854187012,-0.21090495586395264,0.007640894465225756,0.07786259055137634,-0.24211829900741577,0.008957044184285223,0.12326988577842712,-0.3157329559326172,-0.010680334679705084,0.15335869789123535,-0.37941014766693115,-0.028958174437207163,0.1733199954032898,-0.43454110622406006,-0.04456617034963983,0.06570550799369812,-0.24370914697647095,-0.014628929123205126,0.12131628394126892,-0.3386128842830658,-0.03755587063722032,0.15478235483169556,-0.40985459089279175,-0.05922434948377031,0.1783958077430725,-0.48202797770500183,-0.07560405977062601,0.05959951877593994,-0.22747570276260376,-0.03871634326867479,0.11062964797019958,-0.32201212644577026,-0.06235927440218347,0.1383669376373291,-0.3877445459365845,-0.08041432596735376,0.15708127617835999,-0.4534124433994293,-0.09346066512159723,0.061407774686813354,-0.19712650775909424,-0.0621695677190246,0.09388083219528198,-0.2624933123588562,-0.08580700404934305,0.11172926425933838,-0.31348228454589844,-0.10001527614883798,0.12753096222877502,-0.3620086908340454,-0.11051800198845285
A,0.0,0.0,0.0,0.08077391982078552,-0.046987950801849365,0.015809245077832657,0.11553901433944702,-0.1316477656364441,0.019864020539387184,0.12847056984901428,-0.18936854600906372,0.01589071531401487,0.13345375657081604,-0.21515172719955444,0.010024726992412525,0.08849677443504333,-0.247913658618927,0.01677621123002382,0.11992308497428894,-0.3286343812942505,0.002118396475850659,0.13970589637756348,-0.39290159940719604,-0.012437272215322537,0.15130066871643066,-0.44864046573638916,-0.025911528946892304,0.07026755809783936,-0.25162452459335327,-0.010326286176280064,0.11409279704093933,-0.349867045879364,-0.029060647221342606,0.13944941759109497,-0.4231864809989929,-0.04688832941843657,0.15526506304740906,-0.4883232116699219,-0.06051593679381995,0.05288660526275635,-0.2367762327194214,-0.0385894070882955,0.09719908237457275,-0.33057165145874023,-0.05894443798257498,0.12047192454338074,-0.3982667326927185,-0.07549133184744505,0.13472604751586914,-0.46004050970077515,-0.08780884030653624,0.04030922055244446,-0.2048511505126953,-0.06627728823019652,0.07727468013763428,-0.27129143476486206,-0.0851103070695558,0.09383705258369446,-0.3245335519313812,-0.0967723879535356,0.10400217771530151,-0.37197738885879517,-0.10635596546723036
A,0.0,0.0,0.0,0.07107344269752502,-0.030882596969604492,-0.0028460174052611364,0.11657848954200745,-0.12290734052658081,0.0011105046888246761,0.1352296769618988,-0.19951730966567993,0.001555647193583809,0.1152256429195404,-0.22250813245773315,0.0018418791751741992,0.09796416759490967,-0.24237900972366333,0.015393448835368417,0.12045037746429443,-0.3405545949935913,0.007655629264320396,0.1320357620716095,-0.40248459577560425,-0.003150678863619305,0.13830837607383728,-0.4539581835269928,-0.013164184214417674,0.07714879512786865,-0.25742775201797485,0.0020463490673705564,0.102667897939682,-0.3689165413379669,-0.00552729067379687,0.11954790353775024,-0.4427868723869324,-0.017474584439639784,0.1283513903617859,-0.5006330609321594,-0.027244692826513983,0.05199149250984192,-0.25248169898986816,-0.014585029492025114,0.07450401782989502,-0.35622474551200867,-0.0252361857982919,0.08996370434761047,-0.42436039447784424,-0.038698202157263495,0.09809085726737976,-0.47908979654312134,-0.049314128393177725,0.024098724126815796,-0.23122406005859375,-0.032724721515421606,0.042304784059524536,-0.30628013610839844,-0.044974235975985266,0.052749574184417725,-0.3574262261390686,-0.05324962192202065,0.058706581592559814,-0.4002808928489685,-0.06027706914568398
A,0.0,0.0,0.0,0.06779929995536804,-0.027423858642578125,-0.017086133854903096,0.11665242910385132,-0.11846095323562622,-0.01770035413137805,0.1331268846988678,-0.20249426364898682,-0.018603396164692754,0.10417520999908447,-0.24906563758850098,-0.018824551748551244,0.10499754548072815,-0.2455047369003296,0.004334930302135831,0.12415874004364014,-0.34152060747146606,-0.006814110121197814,0.12966427206993103,-0.39891356229782104,-0.020039927708424443,0.13019174337387085,-0.44926440715789795,-0.030544406297124738,0.07408291101455688,-0.26912832260131836,0.0004257148837467639,0.09434947371482849,-0.3799140453338623,-0.007340246374226922,0.10582727193832397,-0.44836944341659546,-0.017995674657143468,0.11054801940917969,-0.5046224892139435,-0.02635418859354388,0.04094913601875305,-0.2712631821632385,-0.007748167990214938,0.0563788115978241,-0.3740834891796112,-0.01663931136063468,0.06640967726707458,-0.4361557364463806,-0.02622979742518794,0.07052299380302429,-0.48760780692100525,-0.03371631403497588,0.0033514797687530518,-0.25574684143066406,-0.018730110051549786,0.010162562131881714,-0.32982969284057617,-0.027342493208564633,0.017592817544937134,-0.3771941065788269,-0.03185723398856055,0.02307763695716858,-0.4177315831184387,-0.03565490667752158
A,0.0,0.0,0.0,0.07110369205474854,-0.027239978313446045,-0.022619767025247484,0.12477242946624756,-0.11563432216644287,-0.02533279164148894,0.14199036359786987,-0.20007705688476562,-0.027437226757541566,0.11026042699813843,-0.24688947200775146,-0.028879329472914606,0.11383095383644104,-0.24514663219451904,0.0014917691898119756,0.13604137301445007,-0.3377963900566101,-0.010796671643987565,0.1418386995792389,-0.3942890167236328,-0.025435272514954477,0.1430530846118927,-0.44417497515678406,-0.03701208336664763,0.0780053436756134,-0.26932549476623535,-0.00036360064208906806,0.10135108232498169,-0.37836381793022156,-0.009078169152274995,0.11333951354026794,-0.4468686580657959,-0.021410684943333536,0.11991921067237854,-0.5045846402645111,-0.031086195171013742,0.040583252906799316,-0.27055424451828003,-0.0070110349023195795,0.060283362865448,-0.3722189664840698,-0.01736428765966025,0.07214641571044922,-0.4335940480232239,-0.02801266676200953,0.07852211594581604,-0.48571282625198364,-0.03611394567801085,-0.0009687244892120361,-0.25355738401412964,-0.016899177715316682,0.010180532932281494,-0.32780686020851135,-0.026892516672745614,0.020533710718154907,-0.37501150369644165,-0.03169622822119322,0.02990192174911499,-0.4179447293281555,-0.03563302560164061
A,0.0,0.0,0.0,0.07199952006340027,-0.02252596616744995,-0.025771484529172994,0.1290627419948578,-0.11097139120101929,-0.02867921516815386,0.14666837453842163,-0.19883674383163452,-0.030164441844021894,0.11270248889923096,-0.2426232099533081,-0.030860523512160398,0.12195006012916565,-0.24275803565979004,0.00019008634910733235,0.14650723338127136,-0.33599168062210083,-0.01163901184270344,0.153749018907547,-0.3937146067619324,-0.02615986839452944,0.15595883131027222,-0.4440394639968872,-0.0376244008592721,0.08438509702682495,-0.2691372036933899,5.23790242823452e-06,0.11020246148109436,-0.3768936097621918,-0.00809780862698517,0.12408092617988586,-0.44597965478897095,-0.020303192367350675,0.132454514503479,-0.5034719109535217,-0.029879784961735822,0.044804155826568604,-0.27190446853637695,-0.005288395383900024,0.06617340445518494,-0.3713739812374115,-0.015476447348987676,0.08170205354690552,-0.43386274576187134,-0.026929887761866667,0.0919906497001648,-0.48520427942276,-0.035469797258770086,0.0012453794479370117,-0.256436288356781,-0.014126053830182173,0.015147209167480469,-0.33228155970573425,-0.024101179843341924,0.027474939823150635,-0.38044285774230957,-0.029038191591894247,0.03886273503303528,-0.423276424407959,-0.03303630725065432
A,0.0,0.0,0.0,0.07306957244873047,-0.02111220359802246,-0.026941635775415307,0.13257113099098206,-0.10726559162139893,-0.029790313112584954,0.15123191475868225,-0.19465482234954834,-0.03113646538838566,0.11556592583656311,-0.23886972665786743,-0.03169481376096428,0.1267288625240326,-0.23958325386047363,0.0014297570902499501,0.1533518135547638,-0.33085769414901733,-0.010358677375165826,0.16152659058570862,-0.38950610160827637,-0.025494937914459115,0.16472682356834412,-0.44214701652526855,-0.037808633538929826,0.08967503905296326,-0.267583966255188,0.0013605815926212017,0.11713775992393494,-0.37454771995544434,-0.007272682282177811,0.1323288083076477,-0.44472044706344604,-0.020557970869390374,0.14178690314292908,-0.503937691450119,-0.031053568366019135,0.0502813458442688,-0.2713358402252197,-0.004057956988958722,0.07309123873710632,-0.37066543102264404,-0.01500679565504015,0.09005698561668396,-0.43375012278556824,-0.02729834722265423,0.10146263241767883,-0.4864574670791626,-0.03639052355572403,0.006584346294403076,-0.2573170065879822,-0.013192271943239575,0.022570312023162842,-0.33436819911003113,-0.023984638172237283,0.036871761083602905,-0.38245975971221924,-0.029526089447585946,0.050580888986587524,-0.4256511926651001,-0.033984611871687775
A,0.0,0.0,0.0,0.07335853576660156,-0.01745527982711792,-0.029711594363078575,0.13546723127365112,-0.10119134187698364,-0.03383103900156925,0.15840476751327515,-0.19149470329284668,-0.035885618557557564,0.12299439311027527,-0.2396942377090454,-0.0369289419849963,0.13360270857810974,-0.23385649919509888,-0.0006371085418948041,0.16345608234405518,-0.32537543773651123,-0.01285592422388504,0.1726207137107849,-0.3844674229621887,-0.02823148064814518,0.17663875222206116,-0.4378466010093689,-0.04068120338521908,0.09631985425949097,-0.2637135982513428,0.0007063686262256397,0.12791621685028076,-0.3702380061149597,-0.007996771973893146,0.1443195939064026,-0.44035619497299194,-0.021078101848587494,0.15463751554489136,-0.49975892901420593,-0.03135557614766071,0.05622604489326477,-0.2691730260848999,-0.0034906612945349025,0.08320274949073792,-0.3678179383277893,-0.014489956689402561,0.10177424550056458,-0.4305368661880493,-0.02617641494177292,0.11430960893630981,-0.48283958435058594,-0.03485020392142246,0.01142004132270813,-0.2564505934715271,-0.011669138004407387,0.029934734106063843,-0.33050432801246643,-0.02241742194198082,0.045674920082092285,-0.37739497423171997,-0.0274979169716687,0.06056642532348633,-0.41947948932647705,-0.03156094022594402
A,0.0,0.0,0.0,0.07403510808944702,-0.016824960708618164,-0.03030874403089001,0.13779759407043457,-0.09712368249893188,-0.035040583553609395,0.1629548966884613,-0.1854788064956665,-0.03742951908975556,0.12989115715026855,-0.23700517416000366,-0.03862636918097451,0.14066317677497864,-0.23037594556808472,-0.001966340093758845,0.17167618870735168,-0.3229706287384033,-0.014272216799554371,0.18080943822860718,-0.38308975100517273,-0.029806690382656598,0.18554970622062683,-0.4377043843269348,-0.04236132660776093,0.10291525721549988,-0.26169639825820923,-0.00019621573051153973,0.13660919666290283,-0.36790961027145386,-0.008768970238861584,0.15373361110687256,-0.43761205673217773,-0.022039055916366124,0.16494938731193542,-0.4963028132915497,-0.032397955748137974,0.06202709674835205,-0.2685920000076294,-0.0037903288368852373,0.09192654490470886,-0.36786866188049316,-0.014094591232833409,0.11168250441551208,-0.42994555830955505,-0.025275083350834393,0.12542793154716492,-0.4821232855319977,-0.03371272245317414,0.0164797306060791,-0.2568346858024597,-0.011450427676436448,0.036953479051589966,-0.32966506481170654,-0.02142094271152928,0.05393758416175842,-0.37619197368621826,-0.025976153182682538,0.07029661536216736,-0.4179195165634155,-0.029599079954323315
A,0.0,0.0,0.0,0.07530060410499573,-0.017060935497283936,-0.029114362194036403,0.14020609855651855,-0.09783416986465454,-0.03329768065998451,0.16328561305999756,-0.18538343906402588,-0.03550972078630821,0.1289125680923462,-0.23689693212509155,-0.036703136159871974,0.14559945464134216,-0.22801685333251953,-0.0009206523460534299,0.17667213082313538,-0.3203536868095398,-0.01322576530913011,0.18644005060195923,-0.38113588094711304,-0.02874786999711887,0.19236788153648376,-0.43623262643814087,-0.04141273383686439,0.10730791091918945,-0.2602221369743347,-5.784325935564993e-06,0.14093083143234253,-0.3654744625091553,-0.009261722086762347,0.15936541557312012,-0.43634486198425293,-0.022848546846603313,0.17277652025222778,-0.4965534806251526,-0.033338621600364604,0.06592696905136108,-0.2683990001678467,-0.004391033544038692,0.09652495384216309,-0.3677254915237427,-0.015446542172526279,0.11765304207801819,-0.4297507405281067,-0.02654801157007114,0.1332813799381256,-0.4822658896446228,-0.03477302227804557,0.019877910614013672,-0.25843918323516846,-0.01275220174977676,0.041495323181152344,-0.331218421459198,-0.02330108207354442,0.05944526195526123,-0.3772493004798889,-0.02774914388248817,0.07680100202560425,-0.41817623376846313,-0.031211201443170467
A,0.0,0.0,0.0,0.07698546350002289,-0.016215920448303223,-0.029601207722521394,0.14309252798557281,-0.09321814775466919,-0.03411505629549083,0.1645604819059372,-0.18147242069244385,-0.03660263006815967,0.132804736495018,-0.2363772988319397,-0.03794501235017833,0.15027634799480438,-0.22117316722869873,-0.0008022922185091375,0.1828242689371109,-0.31169429421424866,-0.013282466468012899,0.19390462338924408,-0.37239331007003784,-0.028935107190704912,0.20137332379817963,-0.4288497567176819,-0.04191191007623729,0.11330167949199677,-0.2553987503051758,0.00018497391363325733,0.14853964745998383,-0.3599410057067871,-0.009713197846508592,0.16807867586612701,-0.43023988604545593,-0.02381733876893577,0.18270952999591827,-0.4906741678714752,-0.03475221504697856,0.07256685197353363,-0.2657933831214905,-0.00417440130615887,0.10447914898395538,-0.36466825008392334,-0.016165477011895746,0.12592633068561554,-0.4264001250267029,-0.027830346275663942,0.1420639306306839,-0.47872811555862427,-0.03637088720927295,0.02657206356525421,-0.25836682319641113,-0.012489596169984907,0.04911677539348602,-0.32997503876686096,-0.02387578112313804,0.06798858940601349,-0.37460023164749146,-0.028828820933199495,0.08604003489017487,-0.413937509059906,-0.03258383159766254
A,0.0,0.0,0.0,0.07735386490821838,-0.013720870018005371,-0.02930572755707317,0.14365676045417786,-0.09106266498565674,-0.033578637392054134,0.16404518485069275,-0.17746508121490479,-0.035946722478399806,0.1337963044643402,-0.23232251405715942,-0.03719446376038604,0.1533280611038208,-0.21725863218307495,-0.0018843700976844957,0.18736311793327332,-0.30792611837387085,-0.015226786360869937,0.2005482316017151,-0.3689008355140686,-0.031114797443876796,0.20985832810401917,-0.4246753454208374,-0.04413898602200561,0.11698094010353088,-0.25243860483169556,-0.0014118942066829732,0.15360677242279053,-0.3572808504104614,-0.012433928773532443,0.1750464141368866,-0.4284668564796448,-0.02688250817431026,0.1913316547870636,-0.4883986711502075,-0.037781629116068416,0.07642555236816406,-0.2635451555252075,-0.006291254759560161,0.11044269800186157,-0.3633977174758911,-0.019317145795355373,0.13321182131767273,-0.42545196413993835,-0.031509566456804805,0.15081053972244263,-0.47754940390586853,-0.04014488622618728,0.0302903950214386,-0.2566574215888977,-0.015067330897579723,0.05392277240753174,-0.32779985666275024,-0.027816507370005183,0.07326880097389221,-0.37278270721435547,-0.03366456121278816,0.09177547693252563,-0.4124610722064972,-0.03779898896885925
A,0.0,0.0,0.0,0.07624390721321106,-0.014391005039215088,-0.029598315096365013,0.13964083790779114,-0.08799755573272705,-0.03483188789235214,0.15699908137321472,-0.17374569177627563,-0.03821733113275627,0.13140034675598145,-0.23333978652954102,-0.040377746186123886,0.15652087330818176,-0.21171551942825317,-0.0017583204562754418,0.1919105350971222,-0.2991011142730713,-0.01567986126886467,0.2067122459411621,-0.3587406873703003,-0.03229493167148689,0.2183435559272766,-0.4145497679710388,-0.04607714231954674,0.12188810110092163,-0.2500588297843933,-0.0019208453259409453,0.16037443280220032,-0.3538168668746948,-0.013520398958490887,0.18326705694198608,-0.42276960611343384,-0.028822245857583084,0.2032761573791504,-0.48305511474609375,-0.04069290947066406,0.08154553174972534,-0.2640719413757324,-0.007557387313710251,0.11763915419578552,-0.36351320147514343,-0.02159407440470318,0.14190220832824707,-0.4227222204208374,-0.03459538411246399,0.16286885738372803,-0.47359827160835266,-0.04388891052352051,0.0343075692653656,-0.26017361879348755,-0.01706817265497307,0.059059590101242065,-0.33157622814178467,-0.031180689892636337,0.07995623350143433,-0.3751176595687866,-0.037729306927786865,0.1014411449432373,-0.4137847125530243,-0.04233195524560074
A,0.0,0.0,0.0,0.07525669038295746,-0.010641932487487793,-0.029926764796982752,0.14151053130626678,-0.07789158821105957,-0.0360056972313032,0.161244198679924,-0.16449612379074097,-0.03987686244727229,0.1369444876909256,-0.22476738691329956,-0.04259227497459506,0.16512049734592438,-0.20617151260375977,-0.002999396780069219,0.20514191687107086,-0.28948259353637695,-0.016683456506143557,0.223468616604805,-0.34595271944999695,-0.03356961814643,0.23878173530101776,-0.39876270294189453,-0.047633375059376704,0.1325373500585556,-0.24742984771728516,-0.003015762678842293,0.17417673766613007,-0.34965771436691284,-0.013638888503919588,0.19843865931034088,-0.4146862030029297,-0.029021575133810984,0.2204403132200241,-0.4723201394081116,-0.04119432626248454,0.09347610175609589,-0.26337647438049316,-0.00820853562981938,0.13278476893901825,-0.3592502474784851,-0.021420252527605044,0.15932528674602509,-0.4160667955875397,-0.034716880898486124,0.18212364614009857,-0.46599724888801575,-0.04450617639304255,0.046080008149147034,-0.26046043634414673,-0.01720425395251368,0.07291372120380402,-0.3304380178451538,-0.03102632520676707,0.0947028249502182,-0.37264078855514526,-0.03747602460862254,0.11648793518543243,-0.4104865491390228,-0.04196903018237208
A,0.0,0.0,0.0,0.0758824497461319,-0.0038993358612060547,-0.03189332335949757,0.14657746255397797,-0.06689244508743286,-0.03842745646596768,0.16996367275714874,-0.1555706262588501,-0.042357525972136045,0.14527387917041779,-0.2174496054649353,-0.04517672508717396,0.17430751025676727,-0.19099336862564087,-0.005400270873167301,0.2192029505968094,-0.2723151445388794,-0.019646859911688352,0.24051280319690704,-0.3281900882720947,-0.03707562684775212,0.25937648117542267,-0.3811221718788147,-0.05177712365747311,0.14413727819919586,-0.2359641194343567,-0.00460806973040917,0.19070561230182648,-0.3349679708480835,-0.01579309738934853,0.21788568794727325,-0.39856481552124023,-0.031690082696684385,0.24273444712162018,-0.45497816801071167,-0.044693309066303755,0.10645528137683868,-0.256099671125412,-0.00912809762866118,0.1491677314043045,-0.34974944591522217,-0.022984602672465826,0.17870201170444489,-0.40463289618492126,-0.03688565939427235,0.20384864509105682,-0.45254260301589966,-0.04733335897088864,0.060206517577171326,-0.2592198848724365,-0.017646548522122885,0.09082232415676117,-0.3280766010284424,-0.03194223269582608,0.11439917981624603,-0.3688892722129822,-0.039029150453814054,0.13720650970935822,-0.4053293466567993,-0.04429261311651089
A,0.0,0.0,0.0,0.07431252300739288,-0.0007445812225341797,-0.0340555392546662,0.1481778770685196,-0.05556774139404297,-0.04294313940835082,0.17422549426555634,-0.143845796585083,-0.048923113231182924,0.14566929638385773,-0.20570218563079834,-0.05386299717855536,0.18254052102565765,-0.1787736415863037,-0.009370275620938173,0.23092149198055267,-0.25710007548332214,-0.024970221181035868,0.2548050135374069,-0.3128868341445923,-0.04350785243940436,0.27618296444416046,-0.36596137285232544,-0.05896597060990416,0.15419702231884003,-0.22625988721847534,-0.008569040183544985,0.20538271963596344,-0.32200872898101807,-0.02018721293342196,0.2360338419675827,-0.3854416012763977,-0.036296223138094774,0.26383863389492035,-0.44215330481529236,-0.04953195232582175,0.11711098253726959,-0.24850603938102722,-0.013043348525286547,0.16341732442378998,-0.3383404016494751,-0.02652431357336127,0.19521932303905487,-0.3917257785797119,-0.039882325415135256,0.22234295308589935,-0.438940167427063,-0.050124124471665255,0.07011677324771881,-0.2536335289478302,-0.021852671016574732,0.10341303050518036,-0.31968608498573303,-0.03523911241126143,0.12941886484622955,-0.35829126834869385,-0.04135476875734412,0.15391691029071808,-0.39268165826797485,-0.04604975212049567
A,0.0,0.0,0.0,0.07420089840888977,0.006395459175109863,-0.03704442011348874,0.1531158685684204,-0.04163229465484619,-0.04709383400313527,0.18563517928123474,-0.12892460823059082,-0.05389954077236325,0.15540245175361633,-0.19399482011795044,-0.05939457120530278,0.194248765707016,-0.15928107500076294,-0.009204382283314771,0.24836471676826477,-0.23384147882461548,-0.02562656367354066,0.2755974531173706,-0.28766393661499023,-0.04555110560886533,0.30040472745895386,-0.33960869908332825,-0.06220064984790952,0.16858834028244019,-0.2109616994857788,-0.007619828657880134,0.22624671459197998,-0.3006785809993744,-0.019980241750999994,0.26013466715812683,-0.36114782094955444,-0.037161878516599245,0.29031994938850403,-0.4153808057308197,-0.05120011719100148,0.13276633620262146,-0.23792052268981934,-0.011816866902336187,0.18718236684799194,-0.3229100704193115,-0.02610171141259343,0.22319436073303223,-0.3743482530117035,-0.039900998791381426,0.25336867570877075,-0.420137882232666,-0.05039169939391286,0.08655592799186707,-0.24884483218193054,-0.02072728166513116,0.12694841623306274,-0.31073880195617676,-0.034537314643785066,0.15486356616020203,-0.34835660457611084,-0.04064227195613057,0.18017777800559998,-0.38247257471084595,-0.0453574128650871
A,0.0,0.0,0.0,0.07403998076915741,0.008098721504211426,-0.03693201057583906,0.15026457607746124,-0.02778172492980957,-0.04946288131148435,0.1818409413099289,-0.11026060581207275,-0.058933616056748406,0.15315388143062592,-0.17746978998184204,-0.06753246150881864,0.19937054812908173,-0.13980883359909058,-0.013840400986083523,0.25628940761089325,-0.20896613597869873,-0.033163413777657524,0.28642062842845917,-0.2596139907836914,-0.054811537638016716,0.3146565407514572,-0.309211790561676,-0.0725514929738722,0.17639411985874176,-0.19381940364837646,-0.013360683247157112,0.2383476346731186,-0.2780489921569824,-0.028747806697793976,0.27621273696422577,-0.3357353210449219,-0.04747490249545194,0.31077437102794647,-0.3874386250972748,-0.06259482763678648,0.1417718380689621,-0.2235049605369568,-0.01839276999206163,0.19913871586322784,-0.3032744526863098,-0.03503432162077047,0.23697920143604279,-0.351992130279541,-0.049828071519442574,0.26972542703151703,-0.3955257534980774,-0.06076528914243795,0.09607474505901337,-0.23664459586143494,-0.02803577147395231,0.13871224224567413,-0.2942771315574646,-0.04357643835217573,0.16698096692562103,-0.32954418659210205,-0.05045236684352972,0.1918969303369522,-0.36192160844802856,-0.055551324411936776
A,0.0,0.0,0.0,0.0713208019733429,0.01749861240386963,-0.040919805796391984,0.15062078833580017,-0.011873900890350342,-0.05445741388345482,0.18914496898651123,-0.09784883260726929,-0.0638111037328315,0.16107121109962463,-0.16938477754592896,-0.07199180397535088,0.20689788460731506,-0.12180179357528687,-0.017840430991299172,0.2695240080356598,-0.18902736902236938,-0.036534598948009034,0.3022974729537964,-0.23920324444770813,-0.057329568000085374,0.3329661786556244,-0.28814592957496643,-0.07462814721608879,0.18780159950256348,-0.17975091934204102,-0.015534527519292851,0.25556090474128723,-0.2604316174983978,-0.03053894351566555,0.2974686324596405,-0.3162877559661865,-0.049126314850099106,0.33532825112342834,-0.36597883701324463,-0.06388874623323204,0.15491920709609985,-0.21318036317825317,-0.018837108196265717,0.2157156765460968,-0.28962182998657227,-0.03616418960834267,0.2566700577735901,-0.33700817823410034,-0.05209358307862999,0.29106852412223816,-0.37905174493789673,-0.06346368315959694,0.10982868075370789,-0.23128366470336914,-0.026894240559585114,0.15590336918830872,-0.2848946452140808,-0.04343748736525299,0.18672674894332886,-0.31696078181266785,-0.051041248173959275,0.21281558275222778,-0.34586137533187866,-0.0563304153397155
A,0.0,0.0,0.0,0.07013419270515442,0.02042996883392334,-0.04711189748167044,0.1479974091053009,0.0014303922653198242,-0.0648819494378472,0.1871364712715149,-0.08195227384567261,-0.0776210862529183,0.1638769805431366,-0.15909290313720703,-0.08898901821493155,0.21294674277305603,-0.10639536380767822,-0.024094382984628737,0.2782030701637268,-0.16963082551956177,-0.04549690963148123,0.3117922842502594,-0.21790039539337158,-0.06814436496614462,0.3437201678752899,-0.26576632261276245,-0.08648380519269949,0.19630998373031616,-0.16663354635238647,-0.019593949182024062,0.2672261893749237,-0.24242621660232544,-0.03720739738463408,0.3096309006214142,-0.2960023581981659,-0.0580687660109902,0.34832921624183655,-0.34451889991760254,-0.07420411588071829,0.16511046886444092,-0.20319825410842896,-0.02107998610853201,0.23001298308372498,-0.27465102076530457,-0.040476250214567244,0.2706732451915741,-0.3191862106323242,-0.05750085295557028,0.3051412105560303,-0.35955163836479187,-0.06916476668237692,0.12115046381950378,-0.22453555464744568,-0.027774764908542693,0.16998392343521118,-0.27745458483695984,-0.04560938732146269,0.20148634910583496,-0.307816743850708,-0.05367458493827826,0.22810423374176025,-0.33429229259490967,-0.05885014565109259
A,0.0,0.0,0.0,0.06729927659034729,0.023978054523468018,-0.04067675382299285,0.1415206491947174,0.009189128875732422,-0.05694954455299239,0.1809718906879425,-0.06462043523788452,-0.06978479385776382,0.16584697365760803,-0.13837993144989014,-0.08163416743678908,0.21406731009483337,-0.0903823971748352,-0.022863563005159904,0.2813173234462738,-0.15152758359909058,-0.045373786095808555,0.31770309805870056,-0.1984592080116272,-0.06761053562564712,0.3506748378276825,-0.2441866397857666,-0.08485560477180343,0.20001468062400818,-0.14933353662490845,-0.02209649406773906,0.2757444679737091,-0.2235468029975891,-0.040816806111763526,0.32111892104148865,-0.2771223783493042,-0.06121093765301566,0.36035147309303284,-0.32471534609794617,-0.07647996753854613,0.17041534185409546,-0.18779826164245605,-0.02670631729466777,0.2392607033252716,-0.2564087510108948,-0.04573226333064895,0.2823808491230011,-0.30081093311309814,-0.06172278881473403,0.3185257613658905,-0.3407210111618042,-0.07254834831161361,0.12706667184829712,-0.21398228406906128,-0.035988587741087485,0.17950457334518433,-0.2656673192977905,-0.052701782290171195,0.2146514654159546,-0.29578477144241333,-0.059867553267906715,0.24509873986244202,-0.32152286171913147,-0.06435433388156753
A,0.0,0.0,0.0,0.06580379605293274,0.030018508434295654,-0.03864575107229484,0.13937324285507202,0.019275784492492676,-0.053909714563019406,0.17925521731376648,-0.049982309341430664,-0.06615537707341446,0.16715145111083984,-0.1225900650024414,-0.07780590955746902,0.213036447763443,-0.07560038566589355,-0.023139833701975476,0.28205186128616333,-0.13334524631500244,-0.04584643547070755,0.321005642414093,-0.1781008243560791,-0.0676230222417189,0.3563356399536133,-0.22155731916427612,-0.0845234647823645,0.20135128498077393,-0.13679367303848267,-0.02391376276148094,0.28052395582199097,-0.2071932852268219,-0.044107347024805676,0.32885998487472534,-0.25813794136047363,-0.0650173902942015,0.37096577882766724,-0.3030470609664917,-0.0805399522615744,0.17414849996566772,-0.17863768339157104,-0.029924624828822743,0.24655961990356445,-0.24445828795433044,-0.05087744746936096,0.2937895953655243,-0.2872277498245239,-0.06852649454606308,0.33341312408447266,-0.3249766230583191,-0.08025572751296295,0.13355952501296997,-0.20959705114364624,-0.04026586119664444,0.19167935848236084,-0.2588209807872772,-0.05835543502701057,0.23047417402267456,-0.2859068214893341,-0.06678968970311416,0.26409828662872314,-0.30807456374168396,-0.07231526379121078
A,0.0,0.0,0.0,0.06298556923866272,0.03381115198135376,-0.04010858385885285,0.1363057792186737,0.02731078863143921,-0.05580677836263703,0.17610383033752441,-0.04173779487609863,-0.06814410536611604,0.16337409615516663,-0.11282539367675781,-0.07976086436832475,0.2120337188243866,-0.06524825096130371,-0.02483507244909333,0.282186359167099,-0.12026768922805786,-0.047219440332298745,0.32188549637794495,-0.1633581519126892,-0.0687211230310254,0.35847529768943787,-0.20571571588516235,-0.08567778020227479,0.20219704508781433,-0.12734204530715942,-0.025179989627247323,0.2823418080806732,-0.1936349868774414,-0.045327737918739786,0.33194682002067566,-0.2415180504322052,-0.06646188347662019,0.3762631118297577,-0.2838755249977112,-0.08228858559454011,0.17706018686294556,-0.17053598165512085,-0.030802845946197976,0.25126728415489197,-0.2313007414340973,-0.05181474982822465,0.3008541762828827,-0.2721729874610901,-0.07020562141264008,0.34352734684944153,-0.3090146780014038,-0.08255328982198762,0.13914722204208374,-0.20295023918151855,-0.04085013642037438,0.19998103380203247,-0.24927401542663574,-0.05867996810997056,0.23961496353149414,-0.274471253156662,-0.06719994544113206,0.27426883578300476,-0.2953013479709625,-0.07301840185249375
A,0.0,0.0,0.0,0.060519129037857056,0.03613770008087158,-0.03988564964222974,0.13465073704719543,0.03206855058670044,-0.055459769627333344,0.1710726022720337,-0.038743793964385986,-0.06719618495392865,0.15891921520233154,-0.10892671346664429,-0.07832487132239407,0.20988300442695618,-0.05742889642715454,-0.02824187483477658,0.2793493866920471,-0.11119359731674194,-0.05079424958515233,0.3193870186805725,-0.15251612663269043,-0.071569027563811,0.3561708331108093,-0.1920994520187378,-0.08804311808037824,0.2002086639404297,-0.1212841272354126,-0.028664602151394547,0.2807512581348419,-0.18827813863754272,-0.04906376283454961,0.3303912281990051,-0.23429206013679504,-0.0696776678769595,0.3755425214767456,-0.2741081118583679,-0.08518639411616391,0.1752597689628601,-0.16501617431640625,-0.03404528479862279,0.24910199642181396,-0.22727710008621216,-0.055430850198746384,0.29859447479248047,-0.2660406827926636,-0.07408797945666379,0.34219396114349365,-0.30022865533828735,-0.0868966003863818,0.13732647895812988,-0.1971602439880371,-0.04363295640635556,0.19553881883621216,-0.24278202652931213,-0.06184548344302243,0.2342122197151184,-0.26606515049934387,-0.07086027618336743,0.2693626284599304,-0.28542274236679077,-0.07736049797225064
A,0.0,0.0,0.0,0.05878077447414398,0.03776782751083374,-0.04203532249502473,0.1307300180196762,0.03736841678619385,-0.05925136045388513,0.16747622191905975,-0.03283160924911499,-0.07221297905616098,0.15838615596294403,-0.10335767269134521,-0.08445443943909936,0.20916648209095,-0.051781654357910156,-0.03139198184780412,0.278883621096611,-0.10378921031951904,-0.05486588165931039,0.31884191930294037,-0.14419901371002197,-0.07627603397540383,0.3558131903409958,-0.18335407972335815,-0.09303444609813027,0.19995488226413727,-0.11601877212524414,-0.03078866922132306,0.2806346267461777,-0.18062609434127808,-0.05191471041015916,0.3304774612188339,-0.22545954585075378,-0.0730095206277781,0.37580810487270355,-0.26472944021224976,-0.08884295807055764,0.17545880377292633,-0.1601446270942688,-0.03518785894684129,0.24869011342525482,-0.21999239921569824,-0.05665031806401544,0.2982156127691269,-0.2567116916179657,-0.07534681991509729,0.34165702760219574,-0.2893942594528198,-0.08814509198836618,0.13803331553936005,-0.19268012046813965,-0.04398025930694871,0.19740019738674164,-0.23554164171218872,-0.06200305358342462,0.23683036863803864,-0.2577277421951294,-0.07102534905843072,0.2726217359304428,-0.2765069603919983,-0.07747027263812356
A,0.0,0.0,0.0,0.057083576917648315,0.037995874881744385,-0.04330759702003206,0.1305321753025055,0.03801828622817993,-0.06066350100314821,0.1697888970375061,-0.03222018480300903,-0.07327809391296114,0.1620180904865265,-0.10446363687515259,-0.08506576178348269,0.209445059299469,-0.0500679612159729,-0.032362362572314396,0.27899834513664246,-0.09993183612823486,-0.055743361094357624,0.3188161551952362,-0.13980436325073242,-0.07712130455053057,0.3562094271183014,-0.17839056253433228,-0.09391905573880877,0.20057815313339233,-0.1147642731666565,-0.031082492524149075,0.2812396287918091,-0.17787063121795654,-0.05219470171010698,0.3313004672527313,-0.22146758437156677,-0.07309249995029177,0.3776837885379791,-0.2595687508583069,-0.08882117477929796,0.17643165588378906,-0.15928375720977783,-0.03488533777868952,0.24965909123420715,-0.21703633666038513,-0.056624448129298344,0.2997252643108368,-0.25199028849601746,-0.0750043785361072,0.3442622721195221,-0.2831142842769623,-0.08753241060054506,0.13978025317192078,-0.19231277704238892,-0.043181209096076145,0.19944140315055847,-0.2332661747932434,-0.0615044517604133,0.23942476511001587,-0.25479286909103394,-0.07043139097964968,0.27607014775276184,-0.27306294441223145,-0.0767874738363048
A,0.0,0.0,0.0,0.057379916310310364,0.04010671377182007,-0.04265975787922116,0.13261713087558746,0.042032718658447266,-0.05907502233668538,0.174203559756279,-0.02612900733947754,-0.07099150702043744,0.16637293994426727,-0.09850233793258667,-0.08223218306585522,0.21085582673549652,-0.04983198642730713,-0.030518783476793487,0.2813730388879776,-0.0979001522064209,-0.053326199051582535,0.3217208534479141,-0.1368843913078308,-0.07457554176136227,0.3592662364244461,-0.17520147562026978,-0.09128963783069821,0.20170436799526215,-0.11425292491912842,-0.02925423741027089,0.28301839530467987,-0.17440831661224365,-0.04983633219882222,0.3335147649049759,-0.21656548976898193,-0.07071915849729749,0.37972427904605865,-0.2538682222366333,-0.08636066898390027,0.17727620899677277,-0.15915119647979736,-0.033064073172056396,0.2513585835695267,-0.2152557671070099,-0.054385064390146454,0.3019930571317673,-0.24868404865264893,-0.07274123862072202,0.3466597944498062,-0.2784286439418793,-0.0852016492156622,0.14046485722064972,-0.19293785095214844,-0.041345121559345444,0.20020301640033722,-0.23306608200073242,-0.05924877360149594,0.2400185614824295,-0.2527669072151184,-0.06786165967270108,0.27623869478702545,-0.26867061853408813,-0.07394473090454312
A,0.0,0.0,0.0,0.06039600074291229,0.03867137432098389,-0.04308705740359642,0.13512717187404633,0.04251199960708618,-0.060551356158526914,0.17649461328983307,-0.025204598903656006,-0.07362319865015365,0.16933952271938324,-0.09911596775054932,-0.08597964384344436,0.21215961873531342,-0.05151087045669556,-0.030925185985239523,0.28348807990550995,-0.09979593753814697,-0.054496910057338255,0.3236278146505356,-0.1385939121246338,-0.07639489658859588,0.3610434979200363,-0.17659610509872437,-0.0934842262485347,0.20232056081295013,-0.1153765320777893,-0.0293980311670623,0.28355951607227325,-0.1747153401374817,-0.05019694902685501,0.3339213579893112,-0.21734783053398132,-0.0714936439016185,0.38025908172130585,-0.25507795810699463,-0.08742739596155502,0.17731507122516632,-0.15926486253738403,-0.03290333562281944,0.2522916942834854,-0.2148122787475586,-0.05373005904939987,0.30117468535900116,-0.24792486429214478,-0.07123798467901565,0.3448780030012131,-0.27701467275619507,-0.08325398304251053,0.13867272436618805,-0.19117015600204468,-0.040989830724271314,0.1954040378332138,-0.231553852558136,-0.05856650658634521,0.23382945358753204,-0.2511903941631317,-0.06666595824745514,0.2693120390176773,-0.26707345247268677,-0.07226997204807617
A,0.0,0.0,0.0,0.06194393336772919,0.03995966911315918,-0.04186369669241685,0.13993816077709198,0.0436667799949646,-0.05818476718468446,0.1862328201532364,-0.024505972862243652,-0.07022557970685739,0.17686067521572113,-0.10072380304336548,-0.0814325195233323,0.21570582687854767,-0.05184781551361084,-0.027508007405231183,0.2876930683851242,-0.10291212797164917,-0.04873219322962541,0.3270120173692703,-0.1438646912574768,-0.068970447448919,0.36275292932987213,-0.18333429098129272,-0.08500727084083337,0.20439563691616058,-0.114493727684021,-0.025611357806155866,0.28502102196216583,-0.17422854900360107,-0.04356315922541398,0.3350011855363846,-0.2174420952796936,-0.06291671660346765,0.37932921946048737,-0.2555616497993469,-0.07760017183227319,0.1778399497270584,-0.15808957815170288,-0.028697578279206937,0.25182677805423737,-0.21432635188102722,-0.04701182436747331,0.29884178936481476,-0.24901151657104492,-0.06277352389497537,0.34000785648822784,-0.2797854542732239,-0.07383203324479837,0.1379195898771286,-0.1905345916748047,-0.03631708589000482,0.19340364634990692,-0.23060190677642822,-0.052377576051185315,0.23068921267986298,-0.2510438561439514,-0.059594666628072446,0.2643616944551468,-0.2689317464828491,-0.06458008107347268
A,0.0,0.0,0.0,0.06719991564750671,0.03664964437484741,-0.03633108807650842,0.14970558881759644,0.036657512187957764,-0.04897803140727319,0.19783371686935425,-0.031601786613464355,-0.05836659369913377,0.1834372580051422,-0.10413390398025513,-0.06738743258563318,0.21890878677368164,-0.06778699159622192,-0.020878740380680938,0.2905985713005066,-0.1182103157043457,-0.03942567927686014,0.330235093832016,-0.1585860252380371,-0.05883732510653772,0.36594852805137634,-0.1990737020969391,-0.07445935977546014,0.2052518129348755,-0.1258251667022705,-0.020878691951907058,0.2847783863544464,-0.18570172786712646,-0.035434593240893264,0.3346675932407379,-0.23007625341415405,-0.05321411861029901,0.3772343695163727,-0.2721542716026306,-0.06727223915902414,0.17742404341697693,-0.1653788685798645,-0.025437592323100944,0.24935773015022278,-0.2233251929283142,-0.0402909263774518,0.2950226962566376,-0.2592694163322449,-0.05386580971924104,0.3332853615283966,-0.29403844475746155,-0.06383445931521692,0.13587087392807007,-0.19495800137519836,-0.03431441707459726,0.19238901138305664,-0.23770886659622192,-0.04716407952753343,0.22924277186393738,-0.2599036693572998,-0.052176804076111694,0.26054754853248596,-0.2816336452960968,-0.055957418660796066
A,0.0,0.0,0.0,0.07457438111305237,0.037009477615356445,-0.028832974370232023,0.16046008467674255,0.02707582712173462,-0.036935773204675115,0.20751747488975525,-0.03645467758178711,-0.04353952081095258,0.1853351891040802,-0.10101348161697388,-0.05050215170871297,0.22096320986747742,-0.08493614196777344,-0.011303311671724714,0.2893088757991791,-0.13748282194137573,-0.027916059355845846,0.32741281390190125,-0.17756342887878418,-0.04694249154221097,0.3617455065250397,-0.21936392784118652,-0.0628629219640402,0.2035699188709259,-0.13800519704818726,-0.014788512598386205,0.2791700065135956,-0.200290709733963,-0.028243640895595945,0.3280903398990631,-0.2465100884437561,-0.046329204450955785,0.37014439702033997,-0.292468786239624,-0.061033957164397634,0.1716538369655609,-0.17371207475662231,-0.022581968914380468,0.24151363968849182,-0.2344142496585846,-0.037162498097529806,0.2872897684574127,-0.2716207802295685,-0.05162038327347318,0.32726600766181946,-0.30866488814353943,-0.06263506830822507,0.12632444500923157,-0.19959911704063416,-0.03403629408370534,0.17880725860595703,-0.24637311697006226,-0.04685285360704938,0.21527224779129028,-0.27006620168685913,-0.05252654523741285,0.24765288829803467,-0.293535053730011,-0.05742143885385076
A,0.0,0.0,0.0,0.08089210093021393,0.030321478843688965,-0.01918541360723225,0.1668618768453598,0.010618090629577637,-0.025495144539348757,0.2115033119916916,-0.051133930683135986,-0.032526328229181445,0.18163301050662994,-0.10432130098342896,-0.04084885399865357,0.21876181662082672,-0.10506051778793335,-0.005516842474065697,0.28174038231372833,-0.1649174690246582,-0.022263678722850955,0.3134165555238724,-0.20791375637054443,-0.04111627023743836,0.3403014689683914,-0.25079572200775146,-0.056807882153265155,0.19645075500011444,-0.1478043794631958,-0.014732210897676623,0.26836468279361725,-0.2170162796974182,-0.028864285909406817,0.3117532879114151,-0.2658236026763916,-0.047308607959024584,0.3464933782815933,-0.3124977946281433,-0.06241300609039513,0.16024868190288544,-0.17418912053108215,-0.02756599988865105,0.22618122398853302,-0.24385181069374084,-0.04389282967972008,0.2671663910150528,-0.28563201427459717,-0.05997750442551819,0.30182845890522003,-0.32568055391311646,-0.07233630772756783,0.11030735075473785,-0.19237911701202393,-0.042919768952600634,0.1575906127691269,-0.24749374389648438,-0.057604632341138995,0.19105447828769684,-0.27648013830184937,-0.06501488294529167,0.22049890458583832,-0.3048029839992523,-0.07165958639311043
A,0.0,0.0,0.0,0.09060035645961761,0.006736576557159424,-0.006210103359066466,0.17238925397396088,-0.04500174522399902,-0.008541115753345707,0.20860938727855682,-0.11139661073684692,-0.014254506871097306,0.18443314731121063,-0.14020758867263794,-0.021619412310414532,0.1974247843027115,-0.16020452976226807,0.002575783098123452,0.25277282297611237,-0.2244773507118225,-0.0141278470009496,0.287752702832222,-0.26632440090179443,-0.03166217655687831,0.3140745908021927,-0.3053376376628876,-0.046480546899132946,0.17631079256534576,-0.18143358826637268,-0.013639405563466767,0.24014921486377716,-0.2624848484992981,-0.030559164665632466,0.283627912402153,-0.3165155351161957,-0.04871839583664439,0.31402887403964996,-0.3679945468902588,-0.06319229231029055,0.14255391061306,-0.1853213906288147,-0.03304830492287181,0.20388667285442352,-0.26846060156822205,-0.053475010402493695,0.24424420297145844,-0.31895866990089417,-0.07344228700547717,0.27387677133083344,-0.3659743070602417,-0.08780199960618518,0.1005009263753891,-0.1767309308052063,-0.053553338356309155,0.14513812959194183,-0.2368450164794922,-0.07237043157964251,0.1783207505941391,-0.2782292366027832,-0.08508246318250201,0.2035217136144638,-0.3178379535675049,-0.09570170865207217
A,0.0,0.0,0.0,0.10470613837242126,-0.021681487560272217,0.03309562817088363,0.16241216659545898,-0.08527714014053345,0.0417171606408715,0.19559797644615173,-0.12696224451065063,0.039788939206516716,0.21563735604286194,-0.14533013105392456,0.03521269202104804,0.15379774570465088,-0.20371341705322266,0.01987235821655986,0.2222309112548828,-0.257881760597229,0.0020220555911123483,0.27096518874168396,-0.3023516535758972,-0.012501977236354378,0.3100346624851227,-0.3437994718551636,-0.02594438180454972,0.13963615894317627,-0.20477348566055298,-0.016124028564775017,0.22100529074668884,-0.2712494730949402,-0.03951777503021958,0.27302008867263794,-0.3259070813655853,-0.056900407971227196,0.315205842256546,-0.38250359892845154,-0.0712967178238273,0.1246606707572937,-0.18695810437202454,-0.05170023426541093,0.20021426677703857,-0.25463810563087463,-0.07279146075376275,0.24466586112976074,-0.3068051338195801,-0.08735860496886971,0.28115877509117126,-0.35807472467422485,-0.10050170481332543,0.11518886685371399,-0.15165913105010986,-0.08551066726573708,0.16234031319618225,-0.20527175068855286,-0.11056273788341286,0.19636106491088867,-0.2474120557308197,-0.12765656769403222,0.22651070356369019,-0.28587186336517334,-0.1420335507405639
A,0.0,0.0,0.0,0.0823839008808136,-0.04218524694442749,0.024268720318730175,0.1377124786376953,-0.11934870481491089,0.03120142782216817,0.17755544185638428,-0.16244497895240784,0.02835578659659177,0.21134433150291443,-0.1905318796634674,0.023641528581435978,0.1199730634689331,-0.2223902940750122,0.01878922620898038,0.1959448754787445,-0.27702102065086365,0.002068834166209399,0.2457190454006195,-0.31695249676704407,-0.014408308992926777,0.2858542203903198,-0.3556729555130005,-0.0286962911289379,0.1156318187713623,-0.21179315447807312,-0.009990865344946087,0.20363399386405945,-0.28335946798324585,-0.028935361633841694,0.25736740231513977,-0.33246946334838867,-0.0495141260128662,0.3035218417644501,-0.3852945864200592,-0.06531585378462523,0.11911362409591675,-0.17668136954307556,-0.038514971713368595,0.2037392258644104,-0.2541956305503845,-0.05739817393833846,0.251449853181839,-0.3046027421951294,-0.07478458804899901,0.2884117066860199,-0.35884371399879456,-0.08746192974859923,0.13191020488739014,-0.12321531772613525,-0.06549624724203795,0.18879663944244385,-0.1813448965549469,-0.0821822248202011,0.21886438131332397,-0.22520989179611206,-0.09259418023640364,0.24509575963020325,-0.268432080745697,-0.10075492782408446
A,0.0,0.0,0.0,0.03339414298534393,-0.09262800216674805,0.022032127423642578,0.08309608697891235,-0.17311877012252808,0.025753731547354164,0.13321542739868164,-0.21179375052452087,0.02188997220849842,0.17435631155967712,-0.2295633852481842,0.017093130095361175,0.08877161145210266,-0.22884923219680786,0.00946240470415205,0.16884803771972656,-0.29888516664505005,-0.005481808738352356,0.21604809165000916,-0.34007740020751953,-0.01651238213622719,0.25227344036102295,-0.37712204456329346,-0.025083349378348885,0.1013355553150177,-0.20581063628196716,-0.014980291308404503,0.18623602390289307,-0.2939488887786865,-0.028394162015558777,0.2361876368522644,-0.34182626008987427,-0.0401863654270187,0.2752707600593567,-0.38634493947029114,-0.04906990501427799,0.11758372187614441,-0.16378381848335266,-0.03843121352934986,0.1963852345943451,-0.2571088969707489,-0.05153510096812397,0.24046918749809265,-0.3082638382911682,-0.05951224389815479,0.27330106496810913,-0.35599827766418457,-0.06571970629835278,0.13970735669136047,-0.10497778654098511,-0.060417861969710884,0.1918136179447174,-0.17592039704322815,-0.07261412340545803,0.21900063753128052,-0.22165897488594055,-0.07612777251148373,0.24274295568466187,-0.2657260298728943,-0.07835094380521923
A,0.0,0.0,0.0,0.009518519043922424,-0.10914486646652222,0.023363019323539902,0.04785725474357605,-0.19214072823524475,0.025078800490689446,0.09638765454292297,-0.23249873518943787,0.02014492543656843,0.13670256733894348,-0.24425208568572998,0.012805736607504059,0.06430754065513611,-0.2278599739074707,-0.0015592066500289548,0.13600066304206848,-0.3121030926704407,-0.01440071223061068,0.1765209436416626,-0.354073703289032,-0.020635203474569153,0.20793509483337402,-0.3889729380607605,-0.024527807736205887,0.08852556347846985,-0.20041832327842712,-0.024155375563907455,0.16768234968185425,-0.30189406871795654,-0.03621961829941256,0.21360018849372864,-0.3584930896759033,-0.04330538494269831,0.24844714999198914,-0.4050755202770233,-0.04747219664733393,0.11310052871704102,-0.15568625926971436,-0.04413459731023295,0.1858207881450653,-0.26163744926452637,-0.05556172413508875,0.22417694330215454,-0.32180872559547424,-0.0601099347857712,0.25105786323547363,-0.37229323387145996,-0.0627346774725197,0.13677260279655457,-0.09697985649108887,-0.06173473505060656,0.18736815452575684,-0.1838059425354004,-0.07192199585716708,0.21180850267410278,-0.23649129271507263,-0.0720413541583298,0.23254045844078064,-0.2847975492477417,-0.07050438133757098
A,0.0,0.0,0.0,-0.006396204233169556,-0.1134306788444519,0.01537749835549107,0.025188297033309937,-0.201657235622406,0.01413646166471949,0.07320389151573181,-0.2504567801952362,0.008314951446635632,0.11402392387390137,-0.2685398459434509,0.0002374963878253311,0.0408821702003479,-0.22990167140960693,-0.01363420380951652,0.10693696141242981,-0.32275140285491943,-0.02864517538549194,0.14548742771148682,-0.36914294958114624,-0.03513036935331115,0.17596328258514404,-0.4043956995010376,-0.03838875411750564,0.07223320007324219,-0.20007053017616272,-0.03162320225240478,0.14103683829307556,-0.3094533681869507,-0.04462622745634803,0.18306958675384521,-0.37161439657211304,-0.05161090462209472,0.21533769369125366,-0.4184655547142029,-0.05562578781248817,0.10335499048233032,-0.15751022100448608,-0.046993027317540736,0.16347748041152954,-0.2707914412021637,-0.05837662412525901,0.1968894600868225,-0.3351922929286957,-0.06321953504087219,0.2208823263645172,-0.3871998190879822,-0.06610138981343994,0.13043397665023804,-0.10660403966903687,-0.060497376012818904,0.17317041754722595,-0.19817125797271729,-0.07057294516565094,0.1944684088230133,-0.2530032992362976,-0.0709784728169609,0.21377888321876526,-0.3011980354785919,-0.0694923204064537
A,0.0,0.0,0.0,-0.016389846801757812,-0.11278790235519409,0.014398276203394289,0.008481040596961975,-0.20704111456871033,0.014155481339514608,0.05409832298755646,-0.25658589601516724,0.009954905466258879,0.09495224058628082,-0.267875611782074,0.0035478333971354914,0.026793137192726135,-0.23135730624198914,-0.013987915261566286,0.08438853919506073,-0.33177250623703003,-0.02649510246413911,0.11826910078525543,-0.38359057903289795,-0.031164517297327166,0.1458853930234909,-0.42228013277053833,-0.03349583004313672,0.06381373107433319,-0.2045304775238037,-0.03044181843000615,0.12172771990299225,-0.31991249322891235,-0.04101647217470372,0.15870319306850433,-0.3862798511981964,-0.04712960277396405,0.18809588253498077,-0.4356241822242737,-0.05056291226941312,0.09904523193836212,-0.16512000560760498,-0.04414491881328786,0.1492627114057541,-0.2809559404850006,-0.0538513414998647,0.17958278954029083,-0.34891247749328613,-0.060924267067491655,0.20131786167621613,-0.4021707773208618,-0.06557051618295873,0.12938366830348969,-0.11773282289505005,-0.0559195183654424,0.16493646800518036,-0.2064826786518097,-0.06502219070392812,0.18042148649692535,-0.26063624024391174,-0.06700936485725606,0.19371362030506134,-0.3074726462364197,-0.0668791883130666
A,0.0,0.0,0.0,-0.020953044295310974,-0.11191040277481079,0.015483064324598672,0.0010968148708343506,-0.2038884460926056,0.015797544949691655,0.045873627066612244,-0.2535001039505005,0.01228068743739641,0.08593399822711945,-0.2669534683227539,0.006632865154188039,0.017881885170936584,-0.23461958765983582,-0.011729725888926623,0.07202108204364777,-0.33898651599884033,-0.022664387962777255,0.1025129109621048,-0.3926128149032593,-0.026256907052356837,0.12700535356998444,-0.4318133741617203,-0.027830801225263713,0.05735950171947479,-0.21075132489204407,-0.027856151825744746,0.11005149781703949,-0.32993170619010925,-0.03696903145964825,0.14337991178035736,-0.3972889184951782,-0.042148406869728205,0.1694420725107193,-0.4469313323497772,-0.04494423723872387,0.09452410042285919,-0.17423027753829956,-0.041231840169984935,0.14063696563243866,-0.2918832004070282,-0.04934116757567608,0.16799162328243256,-0.35959580540657043,-0.05577824941929066,0.18696056306362152,-0.41317081451416016,-0.06020672923978054,0.12613002955913544,-0.12872260808944702,-0.05258297852333271,0.15843935310840607,-0.21715179085731506,-0.06015608391817295,0.17109163105487823,-0.2702583372592926,-0.06146495721395695,0.1810355931520462,-0.31705641746520996,-0.060983567751009105
A,0.0,0.0,0.0,-0.025133922696113586,-0.11002039909362793,0.01590773039069404,-0.007577359676361084,-0.20258969068527222,0.01617246069517364,0.03334470093250275,-0.2588497996330261,0.01258961339053144,0.0723322182893753,-0.2794833481311798,0.006860073139336009,0.009215310215950012,-0.23771750926971436,-0.012123817163143258,0.057798609137535095,-0.3428557813167572,-0.02422789722177754,0.0859421044588089,-0.3975899815559387,-0.028782532135579686,0.10899268090724945,-0.43872329592704773,-0.03124826825651894,0.04906795918941498,-0.2169305682182312,-0.029197916905019383,0.09661968052387238,-0.33665144443511963,-0.03948987699541817,0.1272091418504715,-0.40628349781036377,-0.04577962733301888,0.1520877331495285,-0.4593575894832611,-0.04970894060525666,0.08733080327510834,-0.18185722827911377,-0.04350604541096459,0.12932492792606354,-0.29857197403907776,-0.05320959589872132,0.15471692383289337,-0.36849653720855713,-0.06056780792269478,0.1730731576681137,-0.42456549406051636,-0.06584476358685265,0.1206962913274765,-0.13608580827713013,-0.05568105406555901,0.14883534610271454,-0.2216852307319641,-0.06504673189911614,0.16072700917720795,-0.276402086019516,-0.06753073311838875,0.171395406126976,-0.3255264461040497,-0.06799204326662789
A,0.0,0.0,0.0,-0.031767576932907104,-0.10052508115768433,0.01076042740749017,-0.02068847417831421,-0.19540998339653015,0.008838058404194271,0.013428077101707458,-0.25995105504989624,0.0040028173956443425,0.049207985401153564,-0.29063117504119873,-0.002603050599304879,0.00570303201675415,-0.23741602897644043,-0.015552144542766655,0.04773789644241333,-0.3441694974899292,-0.030260499611927116,0.07319992780685425,-0.4012470841407776,-0.036822680429054344,0.09498625993728638,-0.444527730345726,-0.04047416527612313,0.04612809419631958,-0.21943411231040955,-0.03086340618176564,0.08874088525772095,-0.3392884135246277,-0.04362339158399209,0.11671122908592224,-0.4111921787261963,-0.05147298802478417,0.14060816168785095,-0.4664169251918793,-0.05645348136170014,0.08431053161621094,-0.1868051290512085,-0.044084429786039436,0.12168881297111511,-0.3033396601676941,-0.056153215513063515,0.14484059810638428,-0.37426120042800903,-0.0640415549729596,0.16297069191932678,-0.43081486225128174,-0.0694405138943921,0.1172780990600586,-0.14319318532943726,-0.055611990437341774,0.14258873462677002,-0.23005247116088867,-0.06656183306915864,0.1541135013103485,-0.2857118248939514,-0.06946346168263062,0.1654907763004303,-0.3352046012878418,-0.07018978153212174
A,0.0,0.0,0.0,-0.03535574674606323,-0.10155904293060303,0.01266561663069865,-0.02492980659008026,-0.19741573929786682,0.012109875030006378,0.01131446659564972,-0.2593883275985718,0.008860750406171292,0.04762353003025055,-0.28576040267944336,0.003436889548908084,0.0007715374231338501,-0.23884758353233337,-0.018876872674439937,0.041629478335380554,-0.3489203155040741,-0.03315130965492585,0.06696604192256927,-0.4075842499732971,-0.03800326557538369,0.08921180665493011,-0.451648011803627,-0.04031646595976213,0.04304198920726776,-0.22042998671531677,-0.03418819578072885,0.08302177488803864,-0.34375715255737305,-0.04804358230612138,0.10966159403324127,-0.4173572361469269,-0.054870083645795376,0.13275064527988434,-0.47387564182281494,-0.05859515042683938,0.08291883766651154,-0.18759626150131226,-0.04682869435927728,0.1188698261976242,-0.3051990866661072,-0.05971123249909738,0.14037971198558807,-0.37673473358154297,-0.06756826089403489,0.1571960598230362,-0.4339890480041504,-0.07246248768350938,0.11712799966335297,-0.14405810832977295,-0.0573659275629268,0.14151354134082794,-0.2318582534790039,-0.06924739079258302,0.15140052139759064,-0.28798383474349976,-0.07284061209938386,0.1610928326845169,-0.3376728892326355,-0.07372253732464173
A,0.0,0.0,0.0,-0.04136991500854492,-0.09976518154144287,0.007862267379351806,-0.035684734582901,-0.1949308216571808,0.005514617372938346,0.003021538257598877,-0.25314199924468994,0.001406584113539111,0.04126846790313721,-0.2708783745765686,-0.004931746687105942,-0.001971602439880371,-0.23595374822616577,-0.024565412367991257,0.03757557272911072,-0.34944063425064087,-0.03887929644744759,0.06220528483390808,-0.4083544909954071,-0.043555999811104584,0.08360055088996887,-0.45211492478847504,-0.045616368468216706,0.042519599199295044,-0.21824988722801208,-0.037140286232641984,0.08068466186523438,-0.3456484079360962,-0.05038824554841881,0.10568034648895264,-0.4188019633293152,-0.05619826417725449,0.12687772512435913,-0.47258269786834717,-0.059154237325600434,0.0829293429851532,-0.187241792678833,-0.04721598577063446,0.11587092280387878,-0.3069147765636444,-0.05878937494318848,0.13516023755073547,-0.37852513790130615,-0.06580960627954369,0.15009596943855286,-0.43364113569259644,-0.07016270485084419,0.11619964241981506,-0.14704269170761108,-0.05575660121004944,0.13912758231163025,-0.2358504831790924,-0.06657900538604622,0.14816400408744812,-0.2923360764980316,-0.06969456252019768,0.1570882499217987,-0.34093672037124634,-0.07020310189884071
A,0.0,0.0,0.0,-0.04185707867145538,-0.10016322135925293,0.00907888093908582,-0.03701186180114746,-0.1961190104484558,0.007501494306524137,0.00011835992336273193,-0.2564851939678192,0.0039001325419292243,0.03808435797691345,-0.27672672271728516,-0.0018692411906897632,-0.003854796290397644,-0.2332070767879486,-0.02350653132478442,0.035062193870544434,-0.34850603342056274,-0.03816339543143954,0.060411155223846436,-0.4081268012523651,-0.04264034127871241,0.08263024687767029,-0.4525454491376877,-0.04422411119620051,0.04039281606674194,-0.21648180484771729,-0.03625985404531207,0.07806798815727234,-0.34541991353034973,-0.04961375689188685,0.1036531925201416,-0.419424831867218,-0.05468250608126368,0.125883549451828,-0.4735497236251831,-0.05690552091280665,0.08061572909355164,-0.1865464150905609,-0.046527908947865626,0.11300119757652283,-0.30686497688293457,-0.058158350941340586,0.13288778066635132,-0.37806183099746704,-0.06424190646092143,0.14895445108413696,-0.4323129653930664,-0.06764019077698435,0.11423063278198242,-0.14726018905639648,-0.05520162155906405,0.13757935166358948,-0.2372952401638031,-0.06586827134768214,0.1468827724456787,-0.29454174637794495,-0.06853470003287043,0.15580123662948608,-0.3438338041305542,-0.06857930665890422
A,0.0,0.0,0.0,-0.04455605149269104,-0.09915310144424438,0.007119066379345895,-0.040404513478279114,-0.19602641463279724,0.005104267335809709,-0.002129301428794861,-0.2558596134185791,0.0016031385812311783,0.03583092987537384,-0.27514877915382385,-0.003765579714126943,-0.004892721772193909,-0.233049213886261,-0.023961685766153096,0.0333150178194046,-0.3492475152015686,-0.03779405372279143,0.057987913489341736,-0.4088074862957001,-0.04161627234952903,0.079597607254982,-0.45245619118213654,-0.04270584153073287,0.04040904343128204,-0.21629542112350464,-0.0352020749642179,0.07615090906620026,-0.34652698040008545,-0.04775887744563079,0.10091377794742584,-0.419873982667923,-0.05206364037530875,0.1227765828371048,-0.4725218713283539,-0.05355397256153083,0.0810394436120987,-0.18698960542678833,-0.04407453553812957,0.11088405549526215,-0.30931466817855835,-0.05493534745710349,0.12993992865085602,-0.3797531723976135,-0.0601792560710237,0.14578042924404144,-0.4324716627597809,-0.06287743168013549,0.1143612414598465,-0.1485809087753296,-0.05154101194875693,0.13479052484035492,-0.23793771862983704,-0.06134288029807067,0.14313249289989471,-0.29478758573532104,-0.06330637650626159,0.15181396901607513,-0.34340721368789673,-0.06274205463068938
A,0.0,0.0,0.0,-0.04598015546798706,-0.09871751070022583,0.005370334509166241,-0.042559295892715454,-0.1959621012210846,0.002630004446359635,-0.004056200385093689,-0.25464484095573425,-0.0014132344896324867,0.03482925891876221,-0.27253371477127075,-0.007246996954677343,-0.005881115794181824,-0.23154142498970032,-0.02468328618317628,0.0313507616519928,-0.34796035289764404,-0.0395610302022078,0.056471437215805054,-0.40808501839637756,-0.044786461376247644,0.07890692353248596,-0.45212872326374054,-0.04697046124249482,0.040365070104599,-0.21566078066825867,-0.035499208354053735,0.07469955086708069,-0.3450847268104553,-0.04852915250569367,0.09948951005935669,-0.41841113567352295,-0.05405655198603654,0.12186482548713684,-0.47149398922920227,-0.0567959553828814,0.08062049746513367,-0.18819865584373474,-0.04418910362630868,0.11004254221916199,-0.30896276235580444,-0.05550292947202706,0.12935462594032288,-0.3782867193222046,-0.06157048486977601,0.14566463232040405,-0.430084228515625,-0.06508748673707032,0.11295995116233826,-0.15228211879730225,-0.0517201169660666,0.13410687446594238,-0.2392730414867401,-0.0618991821339705,0.14279967546463013,-0.2950526475906372,-0.06443256580143952,0.15176481008529663,-0.3427281379699707,-0.06451047652274156
A,0.0,0.0,0.0,-0.048523157835006714,-0.09580373764038086,0.007495478044177162,-0.048961177468299866,-0.1909750998020172,0.007074454116548168,-0.011599987745285034,-0.25187167525291443,0.005594852629030811,0.02620258927345276,-0.26827216148376465,0.0021643126540880075,-0.007036715745925903,-0.23147499561309814,-0.021825553135101927,0.029696673154830933,-0.34716159105300903,-0.033395792574708594,0.05372467637062073,-0.4068514406681061,-0.03607481646639599,0.07459193468093872,-0.4501875191926956,-0.036523747474973334,0.03991904854774475,-0.21677997708320618,-0.031684189320628775,0.07363000512123108,-0.34608685970306396,-0.04204683679444088,0.09719493985176086,-0.4186856746673584,-0.04498686197501911,0.11841443181037903,-0.46964117884635925,-0.04567641693455471,0.08036556839942932,-0.18964603543281555,-0.03912613469464077,0.1082608699798584,-0.30907440185546875,-0.0481408529291798,0.1267070174217224,-0.3783477544784546,-0.05278009104830517,0.1423937976360321,-0.42875702679157257,-0.055242060900752676,0.1117728054523468,-0.15352624654769897,-0.0451394684920956,0.131050705909729,-0.24073070287704468,-0.053690756888215674,0.13938561081886292,-0.29629138112068176,-0.05550668317181362,0.1481858491897583,-0.3425060510635376,-0.05497255849940075
A,0.0,0.0,0.0,-0.052041277289390564,-0.09345114231109619,0.0012892882065500544,-0.05660626292228699,-0.18928611278533936,-0.0035510340979669763,-0.021611839532852173,-0.25324270129203796,-0.008743596802872844,0.015567600727081299,-0.2761259973049164,-0.015515622291189857,-0.010253116488456726,-0.23116075992584229,-0.028588975388032623,0.022416025400161743,-0.34878820180892944,-0.044399690422636695,0.045642316341400146,-0.40929311513900757,-0.050474700126272865,0.06679964065551758,-0.4540309011936188,-0.053230293634754844,0.03653627634048462,-0.21653419733047485,-0.03762798065267248,0.06630361080169678,-0.3475761413574219,-0.05214397290669126,0.088409423828125,-0.4222252666950226,-0.05825460756145162,0.1087525486946106,-0.4762973189353943,-0.061264429781061835,0.07565200328826904,-0.19043689966201782,-0.044842485878092475,0.10170388221740723,-0.31134918332099915,-0.05747445354185743,0.12003141641616821,-0.3821033239364624,-0.06379056030831975,0.13592198491096497,-0.4346878379583359,-0.06728562021575613,0.1058693528175354,-0.1558922529220581,-0.051180646363121696,0.12433835864067078,-0.24356147646903992,-0.06222373301110906,0.13204985857009888,-0.29915380477905273,-0.06485512906633062,0.14014524221420288,-0.34608709812164307,-0.0649053087266509
A,0.0,0.0,0.0,-0.053512781858444214,-0.09419691562652588,0.003849359916841877,-0.056501686573028564,-0.19130313396453857,0.0015968510306834105,-0.020631834864616394,-0.25491762161254883,-0.0013167758115173456,0.016261965036392212,-0.27663305401802063,-0.005658564168641078,-0.011836886405944824,-0.23293155431747437,-0.022974339790323484,0.020149976015090942,-0.35024410486221313,-0.03595184675572227,0.04207935929298401,-0.41120487451553345,-0.04018744594571899,0.0616203248500824,-0.455901101231575,-0.04161010823366951,0.035825520753860474,-0.2181144654750824,-0.031871636874654996,0.06368100643157959,-0.34817230701446533,-0.043271285958269345,0.08472585678100586,-0.42215704917907715,-0.04742982006786178,0.10420960187911987,-0.47466081380844116,-0.04899404711244415,0.07569783926010132,-0.19284924864768982,-0.03889040044663261,0.0986545979976654,-0.31275230646133423,-0.04874607316372703,0.11499300599098206,-0.3825334310531616,-0.053396271086910474,0.12938794493675232,-0.4335579574108124,-0.055707925475815046,0.10585686564445496,-0.159773588180542,-0.04494230217454742,0.12206175923347473,-0.24691954255104065,-0.05334678060529541,0.12870442867279053,-0.30164384841918945,-0.05445302046058487,0.13602465391159058,-0.34710922837257385,-0.05342367804763626
A,0.0,0.0,0.0,-0.05558300018310547,-0.09031254053115845,0.0038182182529169495,-0.062133193016052246,-0.18866366147994995,0.0018655279477286513,-0.029346585273742676,-0.25668108463287354,-0.0004701006050993328,0.006630420684814453,-0.2819218635559082,-0.004238897113765461,-0.016408562660217285,-0.23152348399162292,-0.024922270903999788,0.01432657241821289,-0.350602924823761,-0.038622005487496835,0.03647691011428833,-0.4126349985599518,-0.042881290073211176,0.05653446912765503,-0.4578026086091995,-0.044200664962346536,0.03133860230445862,-0.21836841106414795,-0.033534819836432916,0.058497607707977295,-0.3503511846065521,-0.04596227651339291,0.07932895421981812,-0.4255375266075134,-0.05008951073389767,0.09906250238418579,-0.47901394963264465,-0.05153478925925015,0.07108685374259949,-0.194379985332489,-0.04010996093850849,0.09416860342025757,-0.31550133228302,-0.0507310243497443,0.11063459515571594,-0.3859105110168457,-0.05542728176217793,0.12551912665367126,-0.4374585300683975,-0.057744613493497354,0.10144618153572083,-0.16229277849197388,-0.04561161493759869,0.11736094951629639,-0.2497795820236206,-0.05521091690164326,0.12378767132759094,-0.30508947372436523,-0.0570256510923457,0.13065004348754883,-0.35110801458358765,-0.05641250928741215
A,0.0,0.0,0.0,-0.05567315220832825,-0.087166428565979,0.004080985284446115,-0.06502425670623779,-0.18799537420272827,0.0036220390657319967,-0.03234362602233887,-0.2577860653400421,0.0028867296250894015,0.005039989948272705,-0.2782485783100128,0.0006160853272660916,-0.015506699681282043,-0.23215702176094055,-0.022732202351988917,0.012651681900024414,-0.35221415758132935,-0.034597104803623324,0.03438901901245117,-0.41422486305236816,-0.03835648523360646,0.05424189567565918,-0.45837774872779846,-0.039476475135387545,0.03237459063529968,-0.21938392519950867,-0.030662224085034495,0.05762284994125366,-0.35260480642318726,-0.04021089749127782,0.07774150371551514,-0.4278872311115265,-0.04317730517774976,0.0966322124004364,-0.4805615544319153,-0.04402363152891553,0.07168683409690857,-0.196120023727417,-0.03659298123508847,0.09271067380905151,-0.3169119656085968,-0.04479472936779416,0.10852238535881042,-0.38719427585601807,-0.04937868417889035,0.12239092588424683,-0.4373682290315628,-0.05200942458301938,0.1010676920413971,-0.16460955142974854,-0.04152554871231473,0.11655476689338684,-0.2500676214694977,-0.04913614915400899,0.1229800283908844,-0.3033995032310486,-0.05040101187020696,0.12978258728981018,-0.34616619348526,-0.049743900463880664
A,0.0,0.0,0.0,-0.056082457304000854,-0.08264976739883423,0.003771768194866354,-0.06773519515991211,-0.18485233187675476,0.004113554266524488,-0.03706015646457672,-0.25795528292655945,0.004306614642274553,-0.0018262267112731934,-0.2825656831264496,0.003110601344388897,-0.012694895267486572,-0.23744571208953857,-0.020390883776116198,0.013137519359588623,-0.35572201013565063,-0.0316314014966963,0.0339694619178772,-0.4171173572540283,-0.03534038992481214,0.05361068248748779,-0.4603837579488754,-0.036668724137115305,0.03417566418647766,-0.22486349940299988,-0.028070271703171557,0.057314515113830566,-0.3558482527732849,-0.0373616728361128,0.07654184103012085,-0.43003928661346436,-0.040473199206161325,0.0950201153755188,-0.48245081305503845,-0.041574544029998606,0.07181844115257263,-0.20148003101348877,-0.03408069418625814,0.09266912937164307,-0.31980985403060913,-0.04309304313616735,0.10828396677970886,-0.3895409405231476,-0.04861602442221624,0.12162131071090698,-0.4398580342531204,-0.05185237409429533,0.09996077418327332,-0.16954755783081055,-0.03912621991591436,0.11660099029541016,-0.25356075167655945,-0.04837244259076101,0.12380930781364441,-0.3068932890892029,-0.05136346699552519,0.13066160678863525,-0.34988129138946533,-0.05191402764873487
A,0.0,0.0,0.0,-0.056780681014060974,-0.08351445198059082,0.0028194362256783734,-0.06957162916660309,-0.1867663860321045,0.00349405533225422,-0.0388549268245697,-0.25979912281036377,0.004058522028486777,-0.0035778582096099854,-0.28141701221466064,0.0032119549304354678,-0.011642009019851685,-0.24032452702522278,-0.019576188320655774,0.014286071062088013,-0.35671401023864746,-0.031071195522685002,0.035170167684555054,-0.4186226725578308,-0.03552509113623614,0.05470576882362366,-0.4625968784093857,-0.03749655574037547,0.035518765449523926,-0.22691288590431213,-0.027079006800789784,0.05905070900917053,-0.35635775327682495,-0.03643662496878619,0.07865145802497864,-0.43109196424484253,-0.03968630745484347,0.0976342260837555,-0.48411768674850464,-0.04091411843373294,0.0732513964176178,-0.20280152559280396,-0.033263269955654096,0.09378620982170105,-0.3207080364227295,-0.0425156542606544,0.11009243130683899,-0.3912101984024048,-0.04845675840451236,0.12440070509910583,-0.4423286020755768,-0.05194398775174136,0.1012895405292511,-0.17019754648208618,-0.03867583736254687,0.11787799000740051,-0.25442102551460266,-0.04869537069870944,0.12530243396759033,-0.3083828091621399,-0.052406538421649884,0.13265693187713623,-0.3515353798866272,-0.053431149715919446
A,0.0,0.0,0.0,-0.057112351059913635,-0.08247566223144531,0.0024454675319134367,-0.07161986827850342,-0.18428224325180054,0.0018742917042686713,-0.0414775013923645,-0.2565900385379791,0.0014463163849427474,-0.006161004304885864,-0.27894723415374756,-0.0004979593625762391,-0.013041466474533081,-0.23836839199066162,-0.02323028746224054,0.014094054698944092,-0.35653969645500183,-0.03578711602068552,0.035469889640808105,-0.41901183128356934,-0.04046254533506044,0.055318355560302734,-0.4631575644016266,-0.0424196377692283,0.034568995237350464,-0.2258104681968689,-0.030783404811984383,0.059004902839660645,-0.3574811816215515,-0.041338241874939285,0.07887834310531616,-0.43282049894332886,-0.04503904956555971,0.09808433055877686,-0.48580166697502136,-0.04643393981433519,0.0731399655342102,-0.20199230313301086,-0.03672110962844499,0.09335339069366455,-0.32236772775650024,-0.04694902825332292,0.1100519597530365,-0.39353179931640625,-0.05303101170039781,0.12497729063034058,-0.44483985006809235,-0.05652658197260507,0.10180044174194336,-0.169366717338562,-0.04175537008023866,0.11729609966278076,-0.2550058662891388,-0.052488710015779816,0.12508201599121094,-0.3087676465511322,-0.05607982653356203,0.1333615481853485,-0.35195839405059814,-0.056870333134895645
A,0.0,0.0,0.0,-0.05822354555130005,-0.08347803354263306,0.002469488037576184,-0.07305070757865906,-0.18581950664520264,0.002066363897000656,-0.0438711941242218,-0.25966042280197144,0.0016470139052842114,-0.00897468626499176,-0.28355491161346436,-1.3751307989195993e-05,-0.014459043741226196,-0.24045169353485107,-0.020482457392091646,0.00996735692024231,-0.35840916633605957,-0.032591787316079035,0.029888242483139038,-0.42117297649383545,-0.03722126517462243,0.04871851205825806,-0.4662069082260132,-0.03918190781044473,0.033387839794158936,-0.22876477241516113,-0.027987363897437945,0.05489689111709595,-0.35917073488235474,-0.03814435113238801,0.07320335507392883,-0.4347040057182312,-0.04162439066934098,0.09180930256843567,-0.4882625639438629,-0.04284644980000962,0.0715566873550415,-0.20588120818138123,-0.03407785777019967,0.09024611115455627,-0.3248498737812042,-0.04387720409798135,0.10555341839790344,-0.3960020840167999,-0.04916693750786294,0.11952272057533264,-0.44710129499435425,-0.051981420405383005,0.10003125667572021,-0.17373114824295044,-0.039376960285181895,0.11394438147544861,-0.26015058159828186,-0.04917878020572175,0.1207711398601532,-0.3148287832736969,-0.051752832867379084,0.12791845202445984,-0.3584453761577606,-0.0517917845027398
A,0.0,0.0,0.0,-0.05650654435157776,-0.08001196384429932,0.0017359097532789747,-0.07438507676124573,-0.1810559630393982,0.0003001151185344497,-0.04867500066757202,-0.25618767738342285,-0.0013280050784487685,-0.014406785368919373,-0.2801406979560852,-0.0040042509513114055,-0.017492875456809998,-0.23668307065963745,-0.02162004329284173,0.005518168210983276,-0.3537668287754059,-0.03467129796763402,0.02446267008781433,-0.4172554016113281,-0.040225288570127304,0.04261067509651184,-0.4634195566177368,-0.04294930651803952,0.028644949197769165,-0.2264561653137207,-0.029454282224378403,0.04877433180809021,-0.35679930448532104,-0.03991462916155797,0.06663781404495239,-0.43249383568763733,-0.04362766325493794,0.08508694171905518,-0.48666492104530334,-0.04529880613108617,0.06736916303634644,-0.20451462268829346,-0.035986880511245545,0.08462876081466675,-0.32313501834869385,-0.04547090709229451,0.099569171667099,-0.3933899402618408,-0.050265374332866486,0.11333301663398743,-0.4433765411376953,-0.053121822625598725,0.0983450710773468,-0.1731305718421936,-0.04200558990260106,0.11053574085235596,-0.2585349977016449,-0.05166036516448003,0.11598247289657593,-0.312995970249176,-0.05431865781565648,0.12175223231315613,-0.3559626340866089,-0.05466890588422757
A,0.0,0.0,0.0,-0.05816638469696045,-0.07771188020706177,3.3673383370569354e-06,-0.07691039144992828,-0.17925143241882324,-0.0012191164847479286,-0.05106775462627411,-0.2547995150089264,-0.0019097777390868487,-0.016916021704673767,-0.277693510055542,-0.003609767749907178,-0.018748298287391663,-0.232954740524292,-0.02317540008388619,0.0011726915836334229,-0.3506737947463989,-0.03572286698781113,0.018666476011276245,-0.41357719898223877,-0.041026708072053,0.035985738039016724,-0.4589245468378067,-0.04372651535831551,0.027543693780899048,-0.22369146347045898,-0.029645359477029842,0.045058757066726685,-0.3533995747566223,-0.03947730395756821,0.060929059982299805,-0.4284796714782715,-0.04278947446309189,0.07774859666824341,-0.4824596345424652,-0.04423037204705338,0.06543910503387451,-0.20277628302574158,-0.03488131645880799,0.08012184500694275,-0.3218517005443573,-0.04412343013845543,0.09329149127006531,-0.39281409978866577,-0.049352947955952686,0.10600143671035767,-0.44356483221054077,-0.052686415946112675,0.09512791037559509,-0.17209124565124512,-0.0396623726543055,0.10596618056297302,-0.25582775473594666,-0.04990205574594597,0.11123314499855042,-0.308922678232193,-0.053212479090319675,0.11752429604530334,-0.3508383631706238,-0.05406318265758614
A,0.0,0.0,0.0,-0.05856126546859741,-0.07337510585784912,-0.002400755253574971,-0.07804745435714722,-0.17823374271392822,-0.0036741283954597748,-0.05223686993122101,-0.2546030282974243,-0.003526887460566286,-0.018465757369995117,-0.2771492004394531,-0.004300473560533646,-0.01793093979358673,-0.2334524393081665,-0.02536581393792403,0.0015105009078979492,-0.35011032223701477,-0.03696273576929343,0.01764795184135437,-0.41318774223327637,-0.04175486352755797,0.03360110521316528,-0.45863135159015656,-0.04413698550774825,0.02726808190345764,-0.22438040375709534,-0.029939077165863637,0.04370132088661194,-0.3522058129310608,-0.039273291197559956,0.05795058608055115,-0.42742079496383667,-0.04259502824857009,0.0737377405166626,-0.48137643933296204,-0.04407780927135718,0.06366991996765137,-0.20430392026901245,-0.03328111332371009,0.07778194546699524,-0.3207428753376007,-0.04249513458921683,0.09051376581192017,-0.39087045192718506,-0.04870376673056853,0.10292240977287292,-0.4403012990951538,-0.05255795579864753,0.09146377444267273,-0.17490047216415405,-0.036238177982113484,0.10241001844406128,-0.2581806182861328,-0.04637299787714255,0.10745629668235779,-0.3112764358520508,-0.0502934226067282,0.1135358214378357,-0.3516795039176941,-0.05158997636749518
A,0.0,0.0,0.0,-0.05921977758407593,-0.07413029670715332,-0.0016495341378686135,-0.07840971648693085,-0.17966997623443604,-0.0016491680116814678,-0.05216115713119507,-0.25582432746887207,-3.82531115974416e-05,-0.017524749040603638,-0.2765195965766907,0.000894276675353467,-0.019534051418304443,-0.23201319575309753,-0.023161092814007134,-0.0007953345775604248,-0.3475649058818817,-0.03338418346265826,0.01594558358192444,-0.4100818932056427,-0.037215085741081566,0.032671213150024414,-0.4550497531890869,-0.03883626874903712,0.025887340307235718,-0.22336125373840332,-0.02678261701385054,0.04245072603225708,-0.34956657886505127,-0.03429037150363001,0.056759417057037354,-0.42354118824005127,-0.036176195409098,0.07306531071662903,-0.47654274106025696,-0.036722907837429375,0.06223919987678528,-0.20440661907196045,-0.029184380587139458,0.07526993751525879,-0.31807419657707214,-0.03648013811925921,0.08781027793884277,-0.3874667286872864,-0.04157792594651255,0.10061350464820862,-0.4359337091445923,-0.04477163967112574,0.08978208899497986,-0.17668920755386353,-0.031222896691360802,0.09846621751785278,-0.2589983344078064,-0.039101949002542824,0.10253101587295532,-0.3110853135585785,-0.04196438011149439,0.10831385850906372,-0.3503507673740387,-0.042739832814731926
A,0.0,0.0,0.0,-0.05671818554401398,-0.0701981782913208,-0.0012965895207912581,-0.07673026621341705,-0.17178237438201904,-0.0025582800358847635,-0.05312208831310272,-0.24711927771568298,-0.0020337030496762054,-0.019379228353500366,-0.2700541019439697,-0.001957496183024432,-0.016540110111236572,-0.22794485092163086,-0.026936554603310014,0.0038871467113494873,-0.34534406661987305,-0.03770546361062088,0.02123233675956726,-0.40720686316490173,-0.04065623252841988,0.03856822848320007,-0.4507588744163513,-0.0412224431261734,0.027239233255386353,-0.21926379203796387,-0.030337914146514322,0.045191049575805664,-0.3480978012084961,-0.039063853465052034,0.06032276153564453,-0.42089715600013733,-0.039628689430685426,0.07738393545150757,-0.47229304909706116,-0.03851576267931023,0.06324565410614014,-0.19970500469207764,-0.03205588205906906,0.07777252793312073,-0.3154372572898865,-0.039379288695784,0.09098711609840393,-0.3837827444076538,-0.04193014397475281,0.10424980521202087,-0.430922269821167,-0.04270598783347168,0.09139743447303772,-0.17011183500289917,-0.03331375240537682,0.10153335332870483,-0.25485748052597046,-0.03996095924827614,0.1063816249370575,-0.30779367685317993,-0.040660721503229524,0.11197108030319214,-0.3469061255455017,-0.03940726562592545
A,0.0,0.0,0.0,-0.05674833059310913,-0.07284027338027954,-0.002970111103763884,-0.07641756534576416,-0.17626291513442993,-0.005001218071242874,-0.051809340715408325,-0.24960270524024963,-0.005633973529597824,-0.018126994371414185,-0.2704451084136963,-0.006860638981720513,-0.016652166843414307,-0.22935450077056885,-0.026661298716476267,0.0029089152812957764,-0.3453523516654968,-0.039234645212104624,0.02131444215774536,-0.40752679109573364,-0.04438457220237524,0.03960072994232178,-0.4519727826118469,-0.04670822202604086,0.02601262927055359,-0.2203001081943512,-0.031137145603111094,0.044713348150253296,-0.3473869264125824,-0.042152244145086115,0.06130439043045044,-0.4214644134044647,-0.045650261933019465,0.07940378785133362,-0.4745146930217743,-0.04674924492280752,0.06163060665130615,-0.20080548524856567,-0.034384503508022135,0.07767343521118164,-0.3141913414001465,-0.04366083770435125,0.09243658185005188,-0.38321802020072937,-0.04870814039747984,0.10701772570610046,-0.4318525195121765,-0.05138399406712324,0.08998125791549683,-0.17173004150390625,-0.03745320021550924,0.10207176208496094,-0.25457319617271423,-0.04608171387951643,0.10789614915847778,-0.3076155185699463,-0.04846944242160589,0.11494109034538269,-0.3474613428115845,-0.04858655064742834
A,0.0,0.0,0.0,-0.05639323592185974,-0.07341742515563965,-0.0011065671960750478,-0.07517370581626892,-0.17414480447769165,-0.0033976440126934904,-0.048799991607666016,-0.24732786417007446,-0.004543773345176305,-0.012303948402404785,-0.269286185503006,-0.006490107140962209,-0.017673492431640625,-0.2272738814353943,-0.027853997405145492,0.004677385091781616,-0.34569162130355835,-0.03992241246578487,0.02359810471534729,-0.4076997637748718,-0.04379003493068012,0.04189753532409668,-0.4516257047653198,-0.04512787608382496,0.026018798351287842,-0.21852770447731018,-0.03294127432582172,0.04755359888076782,-0.349740594625473,-0.04348966104862484,0.06540152430534363,-0.4235130548477173,-0.046153686921570625,0.08376634120941162,-0.47498324513435364,-0.04645257068750652,0.06319597363471985,-0.19802570343017578,-0.03629012031433376,0.08111417293548584,-0.3163902759552002,-0.045079685728524055,0.09623289108276367,-0.386045902967453,-0.04937637222883495,0.1107972264289856,-0.4341912865638733,-0.051429301481221046,0.0932357907295227,-0.16736042499542236,-0.039124615471337165,0.10605370998382568,-0.2520582973957062,-0.04747346414205822,0.11229953169822693,-0.30577147006988525,-0.04941175876138004,0.11991050839424133,-0.3464709520339966,-0.04895428566214832
A,0.0,0.0,0.0,-0.05634957551956177,-0.07758396863937378,0.001977283116985973,-0.0737723708152771,-0.17809224128723145,0.001103767036084946,-0.047366559505462646,-0.2512921094894409,0.0006411401723482868,-0.012921363115310669,-0.2722824811935425,-0.0011918215727462211,-0.017198801040649414,-0.233162522315979,-0.024947804090942327,0.006633639335632324,-0.34867167472839355,-0.0374228941923036,0.02662000060081482,-0.41065269708633423,-0.04211076970156569,0.04563078284263611,-0.45420241355895996,-0.04408503572400946,0.028173357248306274,-0.22181132435798645,-0.03217706705387968,0.05016651749610901,-0.35054999589920044,-0.04238258178290266,0.06867682933807373,-0.4244893789291382,-0.044990515959824506,0.08729588985443115,-0.476274311542511,-0.04560456301030058,0.06637412309646606,-0.19909030199050903,-0.03768920401986975,0.0837632417678833,-0.31606924533843994,-0.04665914426502127,0.09923940896987915,-0.38617148995399475,-0.050878374529446546,0.11381447315216064,-0.4352966845035553,-0.053153874976004545,0.09714898467063904,-0.1669597029685974,-0.04250305767115492,0.11048108339309692,-0.25390323996543884,-0.05156931902226347,0.11677902936935425,-0.30817198753356934,-0.05358167241271872,0.12384605407714844,-0.349685400724411,-0.05335014934595961
A,0.0,0.0,0.0,-0.049988746643066406,-0.08473098278045654,0.005568893664417374,-0.05934584140777588,-0.18143045902252197,0.0025649378457046623,-0.031546205282211304,-0.2486145794391632,-0.0019903180274241095,0.0026986002922058105,-0.2760431170463562,-0.008066104686918152,-0.020769715309143066,-0.23407205939292908,-0.02173455335116614,0.007081747055053711,-0.34787648916244507,-0.036133128180267704,0.02805730700492859,-0.4088127017021179,-0.04213482789612044,0.047001153230667114,-0.45317503809928894,-0.04479022972202529,0.023222923278808594,-0.2227662205696106,-0.0331218307456993,0.04965287446975708,-0.34911414980888367,-0.04503843091345061,0.07065564393997192,-0.42275112867355347,-0.05009749807334174,0.08991974592208862,-0.47672784328460693,-0.05255133561706771,0.06382086873054504,-0.19915282726287842,-0.042681499346258533,0.08524328470230103,-0.31592121720314026,-0.052763896956207645,0.1020207405090332,-0.3860049247741699,-0.05778496615505446,0.11636587977409363,-0.4380960464477539,-0.06072163112378348,0.09897521138191223,-0.16585296392440796,-0.051260470374586475,0.11402687430381775,-0.25352567434310913,-0.05929782517171134,0.12054243683815002,-0.3074468672275543,-0.0597050627312683,0.1278454065322876,-0.3518593907356262,-0.058423335625889194
A,0.0,0.0,0.0,-0.03877842426300049,-0.09797149896621704,0.01394387761422422,-0.03743016719818115,-0.18962103128433228,0.012590915507757927,-0.011846542358398438,-0.2552100718021393,0.0073663900449219,0.01855906844139099,-0.2901127338409424,0.0005507574143166494,-0.019110172986984253,-0.2275884449481964,-0.011275172621822094,0.011566370725631714,-0.33617717027664185,-0.024660434030806755,0.030941247940063477,-0.39499974250793457,-0.030230519750034546,0.047269076108932495,-0.44062256813049316,-0.03318436203232977,0.020481616258621216,-0.21757283806800842,-0.028222608768260216,0.05214551091194153,-0.3388020396232605,-0.04034815488091681,0.0728994607925415,-0.4099992513656616,-0.04630772156349394,0.08989027142524719,-0.4658842980861664,-0.049696960874712204,0.06121164560317993,-0.19405275583267212,-0.04296529425016615,0.08790838718414307,-0.3088248372077942,-0.052703735806858276,0.10312509536743164,-0.378285676240921,-0.056623214312708114,0.1136874258518219,-0.4341900646686554,-0.059274145790254806,0.09965398907661438,-0.15850353240966797,-0.056134482302582,0.1151827871799469,-0.2473139464855194,-0.06292566416493628,0.1202048659324646,-0.30233901739120483,-0.06167674569121573,0.1254015564918518,-0.35030704736709595,-0.05969030914536688
A,0.0,0.0,0.0,0.03776293992996216,-0.062144339084625244,0.020141460504873976,0.05760848522186279,-0.14544928073883057,0.02875128252480863,0.08319807052612305,-0.2041577696800232,0.029526807871206984,0.10025176405906677,-0.2482815384864807,0.03032553060029386,-0.01013287901878357,-0.2289145290851593,0.02524410983596681,0.018063783645629883,-0.3326101303100586,0.018235879522308096,0.0380687415599823,-0.39813506603240967,0.01084314616446136,0.052094489336013794,-0.449912965297699,0.004532392640157923,-0.007900446653366089,-0.23173940181732178,0.0046900217798793165,0.028947025537490845,-0.345024973154068,-0.004206331409022823,0.05106112360954285,-0.41609591245651245,-0.014931040312603727,0.0687406063079834,-0.47444090247154236,-0.022533017638579622,0.012583315372467041,-0.22160035371780396,-0.01594245755995871,0.0483909547328949,-0.3367672264575958,-0.025257039311782137,0.06783121824264526,-0.4070567190647125,-0.03408344598437907,0.0801507830619812,-0.4643663018941879,-0.04011661695267321,0.049008846282958984,-0.20243513584136963,-0.035663926470533625,0.07578572630882263,-0.2954677939414978,-0.044590098279968515,0.08542940020561218,-0.3537648320198059,-0.04876113446380259,0.0919254720211029,-0.40373340249061584,-0.05116340281392695
A,0.0,0.0,0.0,0.05210331082344055,-0.08442646265029907,0.06979592299527759,0.05286332964897156,-0.1576409935951233,0.10906341826982136,0.0497894287109375,-0.20544219017028809,0.1291053608662569,0.050784558057785034,-0.252440869808197,0.14690572178430195,0.004546672105789185,-0.24002990126609802,0.12204608476228351,0.01248866319656372,-0.32146820425987244,0.14189627921647663,0.018031597137451172,-0.38109835982322693,0.1459491566426241,0.019252747297286987,-0.4342682957649231,0.14377564346856708,-0.006184279918670654,-0.2441633939743042,0.0755317673689806,0.00497668981552124,-0.339923620223999,0.08936851626700992,0.011774837970733643,-0.4087960720062256,0.08542129552430744,0.013731271028518677,-0.4665350615978241,0.07913701391286487,-0.01236674189567566,-0.24195429682731628,0.026875000134774396,0.002817690372467041,-0.3410702347755432,0.03131285464830036,0.013660043478012085,-0.4092497229576111,0.0252747532582962,0.01780492067337036,-0.4682115316390991,0.01813693872160549,-0.01001003384590149,-0.23947685956954956,-0.018535498841933062,0.004475057125091553,-0.3275684118270874,-0.021907328008941462,0.01224607229232788,-0.38471102714538574,-0.026998095526627353,0.017361849546432495,-0.4356774389743805,-0.03308596679501896
A,0.0,0.0,0.0,0.05970749258995056,-0.051421403884887695,-0.002590599951133754,0.07539927959442139,-0.1391696333885193,0.006570697746440146,0.06657752394676208,-0.20316684246063232,0.011730754266693566,0.04700687527656555,-0.24289649724960327,0.018190450485064957,0.037855714559555054,-0.2239835262298584,0.03906952541620967,0.040599822998046875,-0.3038639426231384,0.03732746418864963,0.03789898753166199,-0.3553466498851776,0.029514900858714554,0.031302690505981445,-0.39702728390693665,0.02280791987033126,0.018482327461242676,-0.23593729734420776,0.031131209324314568,0.021402865648269653,-0.3265700340270996,0.030745796377971146,0.020734339952468872,-0.3831360936164856,0.02275468360932109,0.016935914754867554,-0.4303884506225586,0.01630244728477237,-0.0023777782917022705,-0.2374269962310791,0.01804265518040893,0.00011584162712097168,-0.3296556770801544,0.014364478628351662,0.0015144944190979004,-0.38412797451019287,0.007025403420641396,-0.0007108449935913086,-0.42861050367355347,0.0016381030280285813,-0.025676444172859192,-0.23034727573394775,0.002975276655718062,-0.02471253275871277,-0.30628329515457153,-3.0431273614794918e-05,-0.023467227816581726,-0.35109955072402954,-0.0014965757883942388,-0.023767217993736267,-0.38895583152770996,-0.0031653712659931443
A,0.0,0.0,0.0,0.06697055697441101,-0.037445247173309326,-0.009299505787353723,0.09600558876991272,-0.12117034196853638,-0.0011757960835581116,0.09211277961730957,-0.1897299885749817,0.004704889090348274,0.07202708721160889,-0.22789311408996582,0.012071426672477514,0.07410034537315369,-0.20186173915863037,0.032450604898471624,0.08514171838760376,-0.2773876190185547,0.031088111636776716,0.08876928687095642,-0.3221261501312256,0.023924698767800123,0.08874943852424622,-0.3589532673358917,0.018225121957797796,0.04592674970626831,-0.2233564853668213,0.029635738296050818,0.05901223421096802,-0.30856120586395264,0.03183970944358805,0.0637158453464508,-0.35830849409103394,0.025812500802416594,0.06672719120979309,-0.3994280695915222,0.021026828972239286,0.016697824001312256,-0.23398640751838684,0.02146523417307833,0.029823243618011475,-0.31524378061294556,0.021771004138130934,0.03651955723762512,-0.36119309067726135,0.01755159878506163,0.04166913032531738,-0.3986241817474365,0.014046747883398325,-0.01723344624042511,-0.23448723554611206,0.010626679000992567,-0.00955289602279663,-0.3008597493171692,0.01264780917539099,-0.0037678182125091553,-0.33710795640945435,0.015329311316449434,0.0011986792087554932,-0.3670652508735657,0.016538394329685957
A,0.0,0.0,0.0,0.06906148791313171,-0.027942657470703125,-0.014767453800715202,0.10672375559806824,-0.11710721254348755,-0.010208971593357319,0.10976153612136841,-0.19584330916404724,-0.006011024378068441,0.07729634642601013,-0.2289924919605255,-0.0005781891800609174,0.08892786502838135,-0.205264151096344,0.02157256772758842,0.10301071405410767,-0.27548691630363464,0.02115178873779655,0.10609614849090576,-0.32090330123901367,0.014242349397562748,0.10472899675369263,-0.3586946427822113,0.007928840089761025,0.0563359260559082,-0.2298314869403839,0.020856045391582256,0.07177239656448364,-0.3173314332962036,0.024636551942847973,0.07900461554527283,-0.3687819540500641,0.021149834823035008,0.08227407932281494,-0.4125533699989319,0.01793025081994415,0.022580116987228394,-0.23912537097930908,0.015219062771819836,0.03683006763458252,-0.32169094681739807,0.015354333650492435,0.04662930965423584,-0.3684556484222412,0.011006521266125446,0.0520494282245636,-0.40567439794540405,0.007193269878797537,-0.015054404735565186,-0.23580968379974365,0.006654023397885567,-0.005193918943405151,-0.30165448784828186,0.006460522506557709,0.004088699817657471,-0.33714646100997925,0.007930347901009327,0.012393802404403687,-0.36584436893463135,0.00827563853951574
A,0.0,0.0,0.0,0.07347363233566284,-0.026760578155517578,-0.017351138186938897,0.11754930019378662,-0.11983531713485718,-0.013005302069075242,0.11972591280937195,-0.20273160934448242,-0.008276988533623353,0.08345729112625122,-0.23491275310516357,-0.0022405677152050885,0.10201945900917053,-0.20485103130340576,0.018457359852902755,0.12066051363945007,-0.2781532406806946,0.016444240915291175,0.1265142560005188,-0.32610392570495605,0.008225796962790355,0.1276409924030304,-0.36614876985549927,0.0009113890558296589,0.0685012936592102,-0.23160159587860107,0.01874234642338024,0.08852621912956238,-0.32039493322372437,0.02058526988577114,0.09894901514053345,-0.3749121129512787,0.015447123194746837,0.10418304800987244,-0.4196276068687439,0.010999722624831065,0.03303641080856323,-0.2419872283935547,0.014017084832005366,0.04977801442146301,-0.32624417543411255,0.012286834637336597,0.06266596913337708,-0.3753225803375244,0.006391448653005227,0.06990915536880493,-0.4134470224380493,0.0016478308101000039,-0.006586149334907532,-0.23949715495109558,0.006256700246296987,0.006121039390563965,-0.3053828179836273,0.004578430424146518,0.017290771007537842,-0.3420717716217041,0.004949672831855878,0.026347815990447998,-0.3713463544845581,0.004459017174951896
A,0.0,0.0,0.0,0.07748070359230042,-0.020918965339660645,-0.020919295228850388,0.12931016087532043,-0.11418437957763672,-0.016533535174858116,0.13844513893127441,-0.2018614411354065,-0.010777680404316925,0.10194364190101624,-0.2376495599746704,-0.003492285232823633,0.11674991250038147,-0.20393258333206177,0.017661722175944305,0.14068976044654846,-0.2786424458026886,0.01698601412044809,0.14862969517707825,-0.32926106452941895,0.00919632779823587,0.1515440046787262,-0.3727254569530487,0.0017448203025196563,0.08312246203422546,-0.23350858688354492,0.02004632333682821,0.10763099789619446,-0.3240578770637512,0.023226678170431114,0.12107923626899719,-0.38182345032691956,0.0180813481883888,0.1290779411792755,-0.42965760827064514,0.013216774709690071,0.04646959900856018,-0.24573993682861328,0.01710193211602018,0.06591138243675232,-0.32967063784599304,0.015980051629412628,0.0815441906452179,-0.3787274956703186,0.009150053173470951,0.09077927470207214,-0.4170811176300049,0.003436667177993513,0.005752727389335632,-0.24585455656051636,0.0107682131083493,0.021269381046295166,-0.30933964252471924,0.009042425811458088,0.033935338258743286,-0.3446621298789978,0.008602811753917194,0.044310033321380615,-0.3738105297088623,0.007263459529895044
A,0.0,0.0,0.0,0.07734012603759766,-0.017512857913970947,-0.02293803747409129,0.13450369238853455,-0.10830241441726685,-0.020032959241802928,0.14800480008125305,-0.19888606667518616,-0.015519286688800094,0.11171481013298035,-0.23937344551086426,-0.009432438943917987,0.12646391987800598,-0.20245999097824097,0.014575644213323358,0.15490469336509705,-0.27901774644851685,0.01229060981756902,0.16397270560264587,-0.33131107687950134,0.003422628206749323,0.16720807552337646,-0.37663212418556213,-0.004801355019594666,0.09348303079605103,-0.23414641618728638,0.01743207481092668,0.12165823578834534,-0.3258599042892456,0.019017472680275205,0.1365019977092743,-0.38578444719314575,0.012632937918965581,0.14501646161079407,-0.4362112432718277,0.006777064226184848,0.057076066732406616,-0.24737286567687988,0.014990855756764176,0.07898834347724915,-0.3323512673377991,0.012479621734087232,0.09572309255599976,-0.3812519907951355,0.0053194205310092,0.1046590507030487,-0.4194723963737488,-0.0006336412126302093,0.015306711196899414,-0.2480536699295044,0.009040350842838052,0.03086942434310913,-0.3110266923904419,0.005754074364517692,0.04440978169441223,-0.3464459478855133,0.004784341252957347,0.05498230457305908,-0.37517333030700684,0.003231865869452122
A,0.0,0.0,0.0,0.0781327486038208,-0.015018939971923828,-0.02342647787023111,0.13839927315711975,-0.10488992929458618,-0.02098829027104898,0.15401238203048706,-0.19733461737632751,-0.0170335518925242,0.11675053834915161,-0.24166494607925415,-0.011614181174223859,0.13238093256950378,-0.20358732342720032,0.012944859379643958,0.16382303833961487,-0.2834796607494354,0.009806676694864791,0.1746363639831543,-0.33750176429748535,0.0005155823745042198,0.1792885959148407,-0.3850869834423065,-0.008223450815563638,0.09928154945373535,-0.23592999577522278,0.015292350129897159,0.13134923577308655,-0.32920509576797485,0.015224483722562354,0.1491394340991974,-0.39057642221450806,0.007877276206130546,0.15925756096839905,-0.4422277361154556,0.0013423744092904144,0.06283143162727356,-0.24888980388641357,0.012307746262962382,0.08850154280662537,-0.33699434995651245,0.00754400707941727,0.10860288143157959,-0.38839513063430786,-0.0010857271992392725,0.11921364068984985,-0.42846374213695526,-0.007809145914649207,0.020662277936935425,-0.24916791915893555,0.005899312367404264,0.040205806493759155,-0.31651467084884644,-7.316978022231524e-05,0.055697083473205566,-0.35255685448646545,-0.0025983330125711745,0.0669807493686676,-0.3808184862136841,-0.005042375603949267
A,0.0,0.0,0.0,0.07794840633869171,-0.010602235794067383,-0.02488638800849685,0.14197809994220734,-0.09907060861587524,-0.022562246446511836,0.1596415489912033,-0.19528400897979736,-0.01861633514334926,0.12120820581912994,-0.24012970924377441,-0.013146696289084048,0.14001433551311493,-0.19876325130462646,0.013817977483370214,0.17271630465984344,-0.27905166149139404,0.011019868168034463,0.18580661714076996,-0.33130043745040894,0.0018438814179830842,0.19392167031764984,-0.3758023977279663,-0.007120241553536744,0.10709185898303986,-0.23353946208953857,0.01647037486264935,0.1397174745798111,-0.3276202082633972,0.01605022544691792,0.15932856500148773,-0.3885515034198761,0.008010777036645322,0.17243944108486176,-0.4391270726919174,0.0006407964713730507,0.0707394927740097,-0.24808740615844727,0.013433043236830144,0.09804944694042206,-0.3381076455116272,0.00692244977409473,0.1200198084115982,-0.3897506594657898,-0.003294156308299989,0.13312731683254242,-0.4287955313920975,-0.011150155824623198,0.02782483398914337,-0.24993044137954712,0.006915597102590709,0.04780237376689911,-0.31912076473236084,-0.001568695090725214,0.06326927244663239,-0.3546234369277954,-0.005915267069838137,0.07497648894786835,-0.3819645643234253,-0.009700723600587935
A,0.0,0.0,0.0,0.07944223284721375,-0.010404050350189209,-0.025647202500294952,0.14542517066001892,-0.09666383266448975,-0.023500543081354408,0.16234585642814636,-0.19310304522514343,-0.019478060298752098,0.12417536973953247,-0.23982584476470947,-0.01401648762930563,0.14556607604026794,-0.19646930694580078,0.013449785305965634,0.18021339178085327,-0.2754688560962677,0.009613677865672798,0.19439628720283508,-0.32730787992477417,-0.0010109050135724829,0.2041260004043579,-0.3727671205997467,-0.011341854923557548,0.11230593919754028,-0.23308604955673218,0.016079679137874336,0.1461353898048401,-0.32632046937942505,0.013764632872153015,0.1669340431690216,-0.3872920274734497,0.0032344008859581663,0.18170621991157532,-0.4377768486738205,-0.006055938539248018,0.0749703049659729,-0.248318612575531,0.01304113679270813,0.10515376925468445,-0.33828073740005493,0.0047636544395572855,0.12873360514640808,-0.3903326094150543,-0.007565229659121542,0.14415201544761658,-0.4305827468633652,-0.01694228872020176,0.03103560209274292,-0.24974358081817627,0.00659466861452529,0.05334705114364624,-0.3170353174209595,-0.0034357462945990846,0.07091838121414185,-0.35264942049980164,-0.009251462289284973,0.0853567123413086,-0.381216824054718,-0.014169189141284733
A,0.0,0.0,0.0,0.07806308567523956,-0.009391307830810547,-0.028405823022154664,0.1450619250535965,-0.09116721153259277,-0.028294962108162736,0.1628139466047287,-0.1863863468170166,-0.02574227771165738,0.1281861811876297,-0.2385745644569397,-0.021507339760688637,0.15036578476428986,-0.19046279788017273,0.008728363342555667,0.18637646734714508,-0.27131837606430054,0.002586723096641208,0.20150111615657806,-0.3236995339393616,-0.009107914961901997,0.21303440630435944,-0.36973077058792114,-0.0198399799168385,0.11682401597499847,-0.22881147265434265,0.012402656279476787,0.1527111679315567,-0.32290786504745483,0.007649474102976228,0.17464391887187958,-0.38462454080581665,-0.003919378597316836,0.19126130640506744,-0.43426182866096497,-0.013576951086548661,0.07901902496814728,-0.24534949660301208,0.010331977881463672,0.11121775209903717,-0.33619558811187744,0.00043133113157978187,0.13602899014949799,-0.3880370259284973,-0.012136110313264226,0.15389131009578705,-0.4272729754447937,-0.021291500166086053,0.03487379848957062,-0.24770918488502502,0.004636763386400844,0.05898033082485199,-0.31467393040657043,-0.006478181317476128,0.07760901749134064,-0.35061532258987427,-0.01277547723057637,0.09382323920726776,-0.37925755977630615,-0.017656339541105126
A,0.0,0.0,0.0,0.07876141369342804,-0.00830841064453125,-0.028714722687482208,0.14799554646015167,-0.086875319480896,-0.029813308933853477,0.16598327457904816,-0.1824222207069397,-0.028438354576110214,0.13101281225681305,-0.23569273948669434,-0.02548389948356089,0.1532222181558609,-0.1874217987060547,0.005789928404510647,0.19175870716571808,-0.26830440759658813,-0.0014503094964766206,0.20875658094882965,-0.3216070532798767,-0.01326864558654961,0.2217467576265335,-0.3684422969818115,-0.023941375980257362,0.12043245136737823,-0.22733160853385925,0.008996383553267151,0.15985949337482452,-0.3212619423866272,0.0033566309473371803,0.18412302434444427,-0.38268014788627625,-0.007829557838022083,0.20302991569042206,-0.43237829208374023,-0.01700958117294249,0.08320535719394684,-0.24542170763015747,0.006587968008489042,0.11791549623012543,-0.3362634778022766,-0.0038406315391057433,0.1447495073080063,-0.3880942761898041,-0.016122032621979088,0.16455574333667755,-0.4275270700454712,-0.02503357149112162,0.03878690302371979,-0.249359130859375,0.0005638257468945085,0.06469275057315826,-0.31611913442611694,-0.010783227825641006,0.08533020317554474,-0.35092711448669434,-0.016836493009805054,0.10342194139957428,-0.3785229027271271,-0.0215082305614942
A,0.0,0.0,0.0,0.0810103714466095,-0.007144629955291748,-0.02843156381402423,0.15112939476966858,-0.08630341291427612,-0.028082483623961707,0.1682175099849701,-0.18122801184654236,-0.02543410955820491,0.13243207335472107,-0.2334585189819336,-0.02109434193823745,0.1570834219455719,-0.18689483404159546,0.010083091269393663,0.1954423189163208,-0.26870572566986084,0.0042650120436746874,0.212875634431839,-0.32266613841056824,-0.007189519879261752,0.22650283575057983,-0.37016168236732483,-0.01763790956590583,0.12480428814888,-0.22604900598526,0.013639116483886937,0.16595423221588135,-0.3199278712272644,0.00945578125413249,0.19116082787513733,-0.38239210844039917,-0.0015768687602530918,0.21103888750076294,-0.4333324730396271,-0.010632530030648013,0.08819839358329773,-0.24397513270378113,0.011330142441352109,0.12394747138023376,-0.3339821696281433,0.0026592217024017373,0.1510014533996582,-0.38658082485198975,-0.00892023573521783,0.1708759069442749,-0.4264601469039917,-0.017344487075547477,0.043930113315582275,-0.24836382269859314,0.005169183771272401,0.06975939869880676,-0.3147481679916382,-0.00384345132749786,0.09099197387695312,-0.3508831262588501,-0.008827545855979224,0.11004731059074402,-0.37975648045539856,-0.012990981516281863
A,0.0,0.0,0.0,0.0808204710483551,-0.008568644523620605,-0.029064520886493028,0.15160909295082092,-0.08515012264251709,-0.030216544559550584,0.1697346568107605,-0.17812973260879517,-0.02896114594335586,0.13630568981170654,-0.23258846998214722,-0.026207696339440645,0.1584237813949585,-0.18808862566947937,0.0047992787600037445,0.1980123221874237,-0.27169716358184814,-0.004342902610403598,0.2155626118183136,-0.3261771500110626,-0.01806123151476413,0.23013567924499512,-0.3758789896965027,-0.03001521497066051,0.1262677013874054,-0.22695040702819824,0.007703615193861424,0.16889852285385132,-0.3209710717201233,0.00014827738192479956,0.1954984962940216,-0.3843437135219574,-0.013124999283206762,0.21705642342567444,-0.4367544800043106,-0.02374207942779094,0.08943831920623779,-0.24396702647209167,0.0049895717107233395,0.12788474559783936,-0.33491724729537964,-0.006041485974890293,0.15604647994041443,-0.38814830780029297,-0.018596268883300127,0.1778508424758911,-0.43007494509220123,-0.027583637899113,0.04543429613113403,-0.24658310413360596,-0.0015264599773558984,0.07315969467163086,-0.31264543533325195,-0.012287662057531179,0.0958825945854187,-0.3503541350364685,-0.01813765025730163,0.11672893166542053,-0.38187289237976074,-0.022793095251870454
A,0.0,0.0,0.0,0.07954937219619751,-0.010348141193389893,-0.02868761067622927,0.14963370561599731,-0.0874640941619873,-0.02989337166184214,0.16635897755622864,-0.18080562353134155,-0.02887187657290724,0.13346102833747864,-0.23585456609725952,-0.02649193947547701,0.1599050760269165,-0.19158530235290527,0.0054024817294475724,0.19879570603370667,-0.27581313252449036,-0.0036010285035672496,0.2160281538963318,-0.3312329649925232,-0.017518938904345305,0.2308051586151123,-0.38193607330322266,-0.02976325472229746,0.1268252432346344,-0.2299816608428955,0.0077827364078757455,0.1687803864479065,-0.32401466369628906,0.0004800019308959236,0.19514843821525574,-0.3879265785217285,-0.012840092567444117,0.217045396566391,-0.44067901372909546,-0.023635388737261565,0.08925259113311768,-0.24606668949127197,0.00452574350526902,0.12747550010681152,-0.337729275226593,-0.006178080955237419,0.15556204319000244,-0.3914523422718048,-0.018337776338398726,0.17758965492248535,-0.43378399312496185,-0.027195866604984076,0.04507201910018921,-0.24740830063819885,-0.0026014374230953763,0.0725899338722229,-0.31476354598999023,-0.013124284719765456,0.09557560086250305,-0.3532394468784332,-0.018656739419043333,0.11708444356918335,-0.3854249119758606,-0.02316356581980017
A,0.0,0.0,0.0,0.07980707287788391,-0.009933829307556152,-0.02939342155968916,0.15067923069000244,-0.08726823329925537,-0.03108338832771551,0.1701701283454895,-0.18007797002792358,-0.030450653358457203,0.1380957067012787,-0.23700103163719177,-0.028352489768622036,0.16029098629951477,-0.19274547696113586,0.004161285162808781,0.20007121562957764,-0.27727827429771423,-0.005808469447401876,0.21751669049263,-0.33335283398628235,-0.02041076503610384,0.23208698630332947,-0.3848848342895508,-0.03310747451996576,0.12776145339012146,-0.23202157020568848,0.006743762102814799,0.1703455150127411,-0.3267502188682556,-0.001455921404158289,0.1968711018562317,-0.39156973361968994,-0.015456254667697067,0.2186065912246704,-0.44580578804016113,-0.02670808702623617,0.09021413326263428,-0.24866902828216553,0.003687459436150675,0.1285323202610016,-0.3402535915374756,-0.007507219518629427,0.15684637427330017,-0.3944205641746521,-0.02007526539182436,0.1790793240070343,-0.4381851851940155,-0.029303070231435413,0.04581940174102783,-0.2503792345523834,-0.0032858933127499768,0.07325491309165955,-0.3167233169078827,-0.014252821988520736,0.09632954001426697,-0.35575395822525024,-0.020196689366457576,0.11810299754142761,-0.3890790045261383,-0.025010882019159908
A,0.0,0.0,0.0,0.08107626438140869,-0.010391831398010254,-0.029801675571746955,0.15279200673103333,-0.08884537220001221,-0.03139145997042192,0.1723376214504242,-0.18276137113571167,-0.030565024806804786,0.13922709226608276,-0.23821809887886047,-0.028272650657839904,0.1613101065158844,-0.19537711143493652,0.0048996699166821145,0.20101255178451538,-0.278613805770874,-0.00467164254436625,0.21900448203086853,-0.33388301730155945,-0.01918486830467714,0.23450282216072083,-0.38515713810920715,-0.03206740271920694,0.12907952070236206,-0.2343544363975525,0.007444859494768252,0.17168617248535156,-0.3289528787136078,-0.000610635428841988,0.19832545518875122,-0.3938848376274109,-0.014707143871731887,0.22039645910263062,-0.44896432757377625,-0.026128351210303435,0.09136506915092468,-0.25040385127067566,0.0042148735498415135,0.13027659058570862,-0.34167081117630005,-0.007467643345393071,0.1584700345993042,-0.3962383270263672,-0.020706509693212638,0.18039235472679138,-0.4410051852464676,-0.030369929491229186,0.04635976254940033,-0.2515081763267517,-0.002942814013607631,0.0741664469242096,-0.31746992468833923,-0.014745375594742427,0.09725567698478699,-0.35688209533691406,-0.021446229411907325,0.11883306503295898,-0.39126330614089966,-0.026832287653036246
A,0.0,0.0,0.0,0.08145120739936829,-0.010374128818511963,-0.02845668112900057,0.1519322395324707,-0.08860224485397339,-0.029198975023291496,0.17198732495307922,-0.1803261637687683,-0.027810836863181976,0.14046287536621094,-0.2339494824409485,-0.025135800894759086,0.16034701466560364,-0.19550582766532898,0.005466268211193892,0.20041653513908386,-0.2785318195819855,-0.0042618370619038615,0.2184160351753235,-0.3337358236312866,-0.018738382216952232,0.23378244042396545,-0.38456249237060547,-0.03141671298112669,0.1279463768005371,-0.23415210843086243,0.00747734475839934,0.1708141565322876,-0.3292035758495331,-0.0009324522809492919,0.1976107954978943,-0.39482924342155457,-0.015234040748737243,0.21981367468833923,-0.44991153478622437,-0.02656878409948149,0.09006419777870178,-0.24985185265541077,0.003861928172000262,0.12952157855033875,-0.34159648418426514,-0.008182407077811149,0.15778309106826782,-0.397308886051178,-0.02180516226258078,0.1799195110797882,-0.4426382780075073,-0.03149368865456381,0.04544210433959961,-0.24969205260276794,-0.0035133687317738804,0.07373780012130737,-0.31608104705810547,-0.015419331100247291,0.09673166275024414,-0.35592859983444214,-0.022155669238827613,0.11822649836540222,-0.39044374227523804,-0.027420182433388618
A,0.0,0.0,0.0,0.08115500211715698,-0.009327530860900879,-0.027716258582529463,0.1521541178226471,-0.08725422620773315,-0.028502857354339994,0.17112359404563904,-0.1779003143310547,-0.027264596936163343,0.14119553565979004,-0.231603741645813,-0.024839131203350462,0.15962159633636475,-0.19648125767707825,0.003944654441568218,0.19944992661476135,-0.28056812286376953,-0.006382065401282944,0.2180348038673401,-0.3364798128604889,-0.020791808185038008,0.23355382680892944,-0.3878664970397949,-0.03330630999511186,0.12719711661338806,-0.23478716611862183,0.005423963959458433,0.17025557160377502,-0.3304363489151001,-0.003490989371073283,0.19744721055030823,-0.3959923982620239,-0.017581516918596662,0.21955430507659912,-0.45108193159103394,-0.028729796451386846,0.08952727913856506,-0.2502562701702118,0.001460406887474619,0.12848424911499023,-0.34252554178237915,-0.010684930761215128,0.15657302737236023,-0.39769306778907776,-0.02402327213889066,0.17867150902748108,-0.44283072650432587,-0.033599222120699324,0.04489082098007202,-0.2501915693283081,-0.006181757473257221,0.07245451211929321,-0.3166816234588623,-0.018444158178624548,0.0957457423210144,-0.3564918637275696,-0.025388071355280317,0.11771327257156372,-0.39127087593078613,-0.03077783626025621
A,0.0,0.0,0.0,0.07919751107692719,-0.0077994465827941895,-0.03089031721967217,0.15068940818309784,-0.08318626880645752,-0.03300060849207398,0.17328844964504242,-0.1752985715866089,-0.032508244323906865,0.1437274068593979,-0.2325366735458374,-0.030488133016405072,0.1600351780653,-0.19379884004592896,0.002903518913882408,0.20028527081012726,-0.27891838550567627,-0.0074736741887306835,0.2187686413526535,-0.3356686234474182,-0.022245863038477864,0.23447285592556,-0.3877173662185669,-0.034987216401276555,0.12781675159931183,-0.2333117127418518,0.0060523026106977795,0.1714433878660202,-0.33018314838409424,-0.0026341274430876638,0.19841332733631134,-0.396505206823349,-0.016991898003396955,0.22049947082996368,-0.4517919421195984,-0.028365630242404904,0.0903613418340683,-0.25000521540641785,0.003445226880359087,0.12978748977184296,-0.3423430323600769,-0.00833341996687409,0.1577647179365158,-0.39835217595100403,-0.02161464239972588,0.17949075996875763,-0.4434651732444763,-0.03118960517960545,0.04632796347141266,-0.2513873279094696,-0.003188716066432562,0.07423122227191925,-0.3180380165576935,-0.014835258531746831,0.09698136150836945,-0.3581099510192871,-0.02143272343593594,0.11849461495876312,-0.3927217721939087,-0.026581972423372235
A,0.0,0.0,0.0,0.08237364888191223,-0.00884777307510376,-0.028769828809799947,0.15397638082504272,-0.08540904521942139,-0.029920319525899686,0.17135992646217346,-0.1769283413887024,-0.028930006979408063,0.14123189449310303,-0.23267173767089844,-0.026648709981145657,0.15999913215637207,-0.1927536129951477,0.0030492013670482265,0.19939005374908447,-0.2787402272224426,-0.007935270166399278,0.21775928139686584,-0.33603808283805847,-0.022553138865532674,0.23350971937179565,-0.3883524239063263,-0.035236703662576474,0.1273447871208191,-0.23241639137268066,0.004697581322488986,0.16954070329666138,-0.3312020003795624,-0.005278459249439038,0.19658684730529785,-0.39776360988616943,-0.020183375535907544,0.21965616941452026,-0.4533045291900635,-0.031876931397619046,0.08972537517547607,-0.24948203563690186,0.0007951830398269522,0.12804052233695984,-0.34401828050613403,-0.012424550449850358,0.1566334068775177,-0.40009796619415283,-0.026510715915264882,0.18005090951919556,-0.44585278630256653,-0.03654628476351718,0.045325905084609985,-0.2516099214553833,-0.006841337738933362,0.07303819060325623,-0.3198561370372772,-0.01996426327377776,0.09624212980270386,-0.360507607460022,-0.027519144548477925,0.11868610978126526,-0.39633306860923767,-0.03334205454439143
A,0.0,0.0,0.0,0.0829901397228241,-0.00861823558807373,-0.02793306058441658,0.15433958172798157,-0.0846865177154541,-0.028785675225606155,0.17272788286209106,-0.1750490665435791,-0.02771599723195095,0.1418311595916748,-0.23031124472618103,-0.02549298426305313,0.1593628227710724,-0.1953635811805725,0.0040717498196158886,0.19909468293190002,-0.27999961376190186,-0.006512232051989031,0.21746698021888733,-0.3369932174682617,-0.020997281579127502,0.23293611407279968,-0.38972601294517517,-0.03368087804113884,0.12694981694221497,-0.23497548699378967,0.005126334799626875,0.1699126660823822,-0.3327372074127197,-0.004328101800581408,0.19707289338111877,-0.3994789719581604,-0.01904784089123268,0.2195838987827301,-0.45607614517211914,-0.030649180916896057,0.08925485610961914,-0.25160443782806396,0.0006939915620591819,0.12784862518310547,-0.34569740295410156,-0.012018471417775345,0.15606167912483215,-0.4020516872406006,-0.025926831571212006,0.17876183986663818,-0.4486585557460785,-0.03586343994533081,0.04460953176021576,-0.2527693510055542,-0.00741474230011363,0.07216235995292664,-0.32172489166259766,-0.020136145336380196,0.09545958042144775,-0.362825870513916,-0.0273622585663702,0.11790087819099426,-0.3989959955215454,-0.03296415826474686
A,0.0,0.0,0.0,0.0813651978969574,-0.0066283345222473145,-0.029411406133021956,0.15397140383720398,-0.08038938045501709,-0.03145472227379287,0.17465239763259888,-0.17002922296524048,-0.03130850462957824,0.14386534690856934,-0.22550347447395325,-0.02994375570460761,0.15955212712287903,-0.19532257318496704,0.0011496031725073408,0.199016273021698,-0.2810763418674469,-0.010489077184047346,0.21726638078689575,-0.33922451734542847,-0.025474960792507773,0.23277246952056885,-0.3926324248313904,-0.038474547553505545,0.12693572044372559,-0.23541519045829773,0.002443425247747655,0.1696014404296875,-0.33426764607429504,-0.008087377872016077,0.19712913036346436,-0.4018884301185608,-0.023341613698448782,0.22058022022247314,-0.45947253704071045,-0.03528738288923705,0.08911606669425964,-0.2524765133857727,-0.0017506102963125159,0.12799429893493652,-0.3473387658596039,-0.015386881183530932,0.156052827835083,-0.4047392010688782,-0.029826517093624716,0.17925012111663818,-0.4526737332344055,-0.04012161015316451,0.04462793469429016,-0.2535979449748993,-0.009721180300857668,0.0722130537033081,-0.32254087924957275,-0.023301091853227263,0.0950758159160614,-0.3642852306365967,-0.031143276828970556,0.1174432635307312,-0.4015512764453888,-0.037151685792650824
A,0.0,0.0,0.0,0.08052501082420349,-0.006273627281188965,-0.027920056086173872,0.15013757348060608,-0.07768607139587402,-0.03011408070861421,0.17295902967453003,-0.16189497709274292,-0.030601534944167952,0.1455826461315155,-0.21735277771949768,-0.030266046475759367,0.15845263004302979,-0.19474762678146362,-0.00034217569455563535,0.19717586040496826,-0.2808973491191864,-0.013446722131362776,0.21596702933311462,-0.33975574374198914,-0.029257567551127295,0.2321050465106964,-0.39431503415107727,-0.04271578783928476,0.12616094946861267,-0.2346695363521576,-0.0005498153722385268,0.16904336214065552,-0.3354629874229431,-0.012698831919720988,0.19699466228485107,-0.40439462661743164,-0.02898980113505445,0.2215210497379303,-0.4637167751789093,-0.04164570937692247,0.08827480673789978,-0.2515743672847748,-0.0059924018086405795,0.1274927854537964,-0.3474827706813812,-0.02090096655129514,0.1560228168964386,-0.4062284827232361,-0.03613364319144807,0.18075546622276306,-0.45567041635513306,-0.046943448435655455,0.04395461082458496,-0.252482533454895,-0.01502167335539184,0.07139882445335388,-0.3228611350059509,-0.02952123801051698,0.09465447068214417,-0.364799827337265,-0.03778593982397638,0.11840102076530457,-0.40217626094818115,-0.044089790385356764
A,0.0,0.0,0.0,0.0800238698720932,-0.007390737533569336,-0.028362155065195793,0.15081728994846344,-0.07821828126907349,-0.031964605778711075,0.17462493479251862,-0.16377758979797363,-0.033970000326888794,0.14195509254932404,-0.2195926308631897,-0.03561957377220892,0.1614895612001419,-0.2027517557144165,-0.001148105587134296,0.2003769427537918,-0.28901535272598267,-0.014853238232689137,0.21866507828235626,-0.34815746545791626,-0.03203901845242285,0.23448069393634796,-0.40339165925979614,-0.0469377693834474,0.1282327026128769,-0.24094563722610474,-0.002101147651927704,0.17078129947185516,-0.34002813696861267,-0.014801019907253021,0.19795261323451996,-0.40963441133499146,-0.032807545840995544,0.22065211832523346,-0.46987876296043396,-0.04708855423356795,0.0888168066740036,-0.25468581914901733,-0.008199085586028332,0.12854953110218048,-0.3495408594608307,-0.023767801106231445,0.15689648687839508,-0.4094650149345398,-0.04027389931704306,0.1804511398077011,-0.4612026810646057,-0.052266521483915085,0.04260477423667908,-0.25125575065612793,-0.01784439767922663,0.07156823575496674,-0.3222326934337616,-0.033577917248265976,0.09542213380336761,-0.36529839038848877,-0.04280186268712782,0.11900694668292999,-0.40398573875427246,-0.049883367598312134
A,0.0,0.0,0.0,0.07881639897823334,-0.011990487575531006,-0.031201471163626593,0.14826072752475739,-0.07912307977676392,-0.038643034695382994,0.16623447835445404,-0.16528278589248657,-0.044337591676708143,0.13362209498882294,-0.223168283700943,-0.04992394015073387,0.16026635468006134,-0.21060097217559814,-0.007820519207712096,0.19801907241344452,-0.2981143295764923,-0.024256870670910757,0.2156762331724167,-0.35501086711883545,-0.043286184369321745,0.23253954946994781,-0.40986308455467224,-0.05945008113860695,0.12515662610530853,-0.2472049593925476,-0.009300021975036543,0.16480986773967743,-0.34762346744537354,-0.024225684403177183,0.19008056819438934,-0.41684532165527344,-0.044074746369119566,0.2131553739309311,-0.47973471879959106,-0.06018322944521515,0.08482180535793304,-0.2579706311225891,-0.0158783593761882,0.12310095131397247,-0.35348832607269287,-0.03308868273973076,0.15082122385501862,-0.4135635495185852,-0.050225424169298094,0.17499272525310516,-0.468055784702301,-0.06294851243376343,0.037086859345436096,-0.25123342871665955,-0.026212696506377142,0.0653945654630661,-0.32404404878616333,-0.04299639776229469,0.0890422910451889,-0.3688189387321472,-0.052469870595928114,0.11239568889141083,-0.41048726439476013,-0.059897559283967894
A,0.0,0.0,0.0,0.07630005478858948,-0.012230336666107178,-0.03388623700976723,0.1456039845943451,-0.0751526951789856,-0.04363615618586891,0.16305741667747498,-0.16083621978759766,-0.05103565187692993,0.12805595993995667,-0.21842432022094727,-0.05834192962885254,0.15574324131011963,-0.21016335487365723,-0.014094066745940381,0.1925242841243744,-0.299468994140625,-0.032613372370008165,0.20915678143501282,-0.35750555992126465,-0.052783554359677964,0.2253795862197876,-0.41417115926742554,-0.06973998428821915,0.12017709016799927,-0.24766159057617188,-0.014614471174184018,0.15681013464927673,-0.3507083058357239,-0.03179737733245247,0.1796562373638153,-0.4213253855705261,-0.052752068206075364,0.20137199759483337,-0.4869776964187622,-0.06981555552721375,0.08014598488807678,-0.25894275307655334,-0.01999852986574524,0.11655181646347046,-0.35588037967681885,-0.03880055801511162,0.14282888174057007,-0.4170888662338257,-0.05605155409813278,0.1659926176071167,-0.47333911061286926,-0.06888836802482956,0.032947078347206116,-0.2528604567050934,-0.029256699546579057,0.05943867564201355,-0.3247862458229065,-0.04696928517461174,0.08203506469726562,-0.36925071477890015,-0.05656500340938919,0.10426905751228333,-0.4107869267463684,-0.064034530832771
A,0.0,0.0,0.0,0.07451736927032471,-0.00907987356185913,-0.037447638706709085,0.14345607161521912,-0.06786495447158813,-0.04953907792403811,0.16207873821258545,-0.1523432731628418,-0.05859214429690951,0.1268051564693451,-0.20707297325134277,-0.06743727614119166,0.1531495451927185,-0.2069411277770996,-0.02045754891767615,0.18846997618675232,-0.29665571451187134,-0.04063394655420893,0.20397278666496277,-0.3572555482387543,-0.06177508448197955,0.21885550022125244,-0.4166796803474426,-0.07925346483423823,0.11782276630401611,-0.24555623531341553,-0.019918190212393938,0.15446999669075012,-0.35089099407196045,-0.03829861422016734,0.17669731378555298,-0.42404797673225403,-0.059533961014295755,0.19753366708755493,-0.4914371073246002,-0.07663254429533595,0.0781322717666626,-0.25772082805633545,-0.02428360086813086,0.11386263370513916,-0.35595494508743286,-0.04365764175489062,0.1389254927635193,-0.42065438628196716,-0.06135243912174815,0.1606588363647461,-0.4794699549674988,-0.0743847711844694,0.03160673379898071,-0.25259315967559814,-0.032841421560789286,0.05843758583068848,-0.3263469934463501,-0.05067801837756747,0.08008986711502075,-0.3731323480606079,-0.06056319166853541,0.10099968314170837,-0.4165976345539093,-0.06817455579474085
A,0.0,0.0,0.0,0.07337211072444916,-0.005161464214324951,-0.04142581456392236,0.1444089263677597,-0.058414995670318604,-0.05638860696046777,0.1634664684534073,-0.1415444016456604,-0.06758938142149873,0.12867282330989838,-0.19764018058776855,-0.07856490620463319,0.1540999859571457,-0.19599062204360962,-0.026767063597731067,0.18851570785045624,-0.2850434184074402,-0.04930076905577607,0.20317859947681427,-0.3466007113456726,-0.07161176362126298,0.21757076680660248,-0.4072137475013733,-0.0896505133160872,0.11781249940395355,-0.23458391427993774,-0.02497393050282426,0.15683315694332123,-0.3398086428642273,-0.045255830223254634,0.1793489307165146,-0.4137904644012451,-0.06741929211705155,0.20031411945819855,-0.48258501291275024,-0.08497023739903398,0.07780228555202484,-0.2472015619277954,-0.028182023847989512,0.11357139050960541,-0.34498000144958496,-0.048733545179061366,0.13782967627048492,-0.41103965044021606,-0.0666387990960402,0.15938781201839447,-0.4715345501899719,-0.07964164921133943,0.03137202560901642,-0.24325865507125854,-0.03589885839312501,0.05863143503665924,-0.3180534243583679,-0.05400604912131257,0.08015109598636627,-0.3650153875350952,-0.06381019362299867,0.10127963125705719,-0.4094640016555786,-0.07137505122511811
A,0.0,0.0,0.0,0.07243439555168152,-0.0023518800735473633,-0.041429226416312304,0.14302405714988708,-0.05343639850616455,-0.05714940013285741,0.15936338901519775,-0.13730329275131226,-0.06891965599652394,0.12121564149856567,-0.19167214632034302,-0.08054451377984151,0.1530991792678833,-0.19090062379837036,-0.029912878888808336,0.1880427598953247,-0.2792089581489563,-0.05294911296959981,0.20356988906860352,-0.34058770537376404,-0.0749426084935294,0.21805667877197266,-0.4005541205406189,-0.09259529145356282,0.11717456579208374,-0.23102077841758728,-0.02826528357263669,0.15690389275550842,-0.3369233012199402,-0.04852181779142484,0.18027400970458984,-0.4097564220428467,-0.06935948612090215,0.20105552673339844,-0.47631368041038513,-0.08561492444869145,0.07769140601158142,-0.2439592480659485,-0.031390224713049975,0.11275041103363037,-0.34226393699645996,-0.05170234398838147,0.13652071356773376,-0.4069370627403259,-0.06835476787682637,0.1570640504360199,-0.4657650589942932,-0.08023211093541249,0.03157925605773926,-0.23931625485420227,-0.03900248663421735,0.05822429060935974,-0.3130537271499634,-0.05693012954588994,0.07921692728996277,-0.3591541647911072,-0.06604268135424718,0.09890910983085632,-0.40260884165763855,-0.07284624608155355
A,0.0,0.0,0.0,0.07484644651412964,0.0013731718063354492,-0.04242229216916371,0.14498618245124817,-0.04691457748413086,-0.05846133955938626,0.1598135232925415,-0.12929290533065796,-0.07066796475274373,0.11903053522109985,-0.17872834205627441,-0.08307187759501744,0.15264734625816345,-0.183246910572052,-0.030747005131075866,0.1873432993888855,-0.269490122795105,-0.054147423591444976,0.20211243629455566,-0.3305576741695404,-0.07642241322619725,0.2157565951347351,-0.3906327784061432,-0.09450772904975224,0.11655542254447937,-0.2243245244026184,-0.028927258562276847,0.15533572435379028,-0.32649460434913635,-0.05047201120478917,0.17654910683631897,-0.40022045373916626,-0.07289196306092549,0.19544044137001038,-0.46929651498794556,-0.09036312752587605,0.07680869102478027,-0.23861464858055115,-0.031849322255681045,0.11246740818023682,-0.3340270519256592,-0.05324994900448132,0.13457298278808594,-0.3980408012866974,-0.0712197696529131,0.1533605456352234,-0.4575022757053375,-0.0840407734475832,0.030079185962677002,-0.23558974266052246,-0.03925522544605542,0.05589671432971954,-0.30799591541290283,-0.057246827866862304,0.07628887891769409,-0.3538830280303955,-0.06687342130763341,0.09592515230178833,-0.39709776639938354,-0.07438365125281621
A,0.0,0.0,0.0,0.07416471838951111,0.00012487173080444336,-0.0406390852486993,0.1441454291343689,-0.04505515098571777,-0.058028986231079216,0.15860119462013245,-0.12505298852920532,-0.07172563068627369,0.11820843815803528,-0.17518478631973267,-0.08610706172942173,0.149416983127594,-0.17971938848495483,-0.035315362290134544,0.1830727458000183,-0.2650100588798523,-0.06009269274829876,0.197666734457016,-0.3233058452606201,-0.08288823209761631,0.21149706840515137,-0.3818191587924957,-0.10133130990027439,0.11297830939292908,-0.21837449073791504,-0.03498905293702137,0.15069815516471863,-0.32004380226135254,-0.05753998600005161,0.171767920255661,-0.39094439148902893,-0.080343910977831,0.1902715265750885,-0.45820966362953186,-0.09853276006936085,0.07260668277740479,-0.23081445693969727,-0.03876610986947071,0.10769104957580566,-0.32650038599967957,-0.06071667887329113,0.1304321587085724,-0.390217661857605,-0.0789175792789365,0.14961090683937073,-0.4502089321613312,-0.09236723326205265,0.025012314319610596,-0.22654464840888977,-0.04663995422481548,0.050360649824142456,-0.2993520200252533,-0.06550301007985126,0.07050997018814087,-0.3452702462673187,-0.07568156115769398,0.08885395526885986,-0.38900697231292725,-0.08383807681559574
A,0.0,0.0,0.0,0.07224442064762115,-0.0006914734840393066,-0.0391164052105637,0.14253045618534088,-0.047648608684539795,-0.055421021095583,0.15819285809993744,-0.12724417448043823,-0.06821645449764446,0.11525090038776398,-0.17266017198562622,-0.08202839296228603,0.1466151624917984,-0.17810475826263428,-0.03453217472798542,0.17851193249225616,-0.2607288956642151,-0.05831246849066929,0.19158019125461578,-0.3180192708969116,-0.08075999122030453,0.20382146537303925,-0.3762318193912506,-0.09926472257740215,0.11018891632556915,-0.21504688262939453,-0.034941684714624444,0.14501483738422394,-0.3139827251434326,-0.0566279182947369,0.1637633889913559,-0.3840356767177582,-0.07925203096039013,0.17997418344020844,-0.45126232504844666,-0.097745981327364,0.06930361688137054,-0.22640356421470642,-0.03920070480472759,0.10250259935855865,-0.32018667459487915,-0.06075605031020359,0.12365670502185822,-0.3839148283004761,-0.07909066628582195,0.1410232037305832,-0.4444572329521179,-0.09294052075512127,0.020826712250709534,-0.22207671403884888,-0.04739431690342144,0.044450461864471436,-0.295605331659317,-0.0663044045484753,0.06385265290737152,-0.34204089641571045,-0.07666277538902477,0.08137278258800507,-0.3865709602832794,-0.08521759163505749
A,0.0,0.0,0.0,0.06958243250846863,0.0005497932434082031,-0.03904572230575809,0.13836383819580078,-0.04494810104370117,-0.05580496516822109,0.15459463000297546,-0.1234513521194458,-0.06897494670747051,0.11217385530471802,-0.17018389701843262,-0.08332828906176815,0.14252981543540955,-0.17887556552886963,-0.03675266829131374,0.17233744263648987,-0.2606010138988495,-0.06053826686738262,0.18473190069198608,-0.318001389503479,-0.08294757184384594,0.19673410058021545,-0.37580353021621704,-0.10146953639386425,0.10498514771461487,-0.21512877941131592,-0.03708430853484401,0.13654887676239014,-0.3137504458427429,-0.05853945490716228,0.15386676788330078,-0.3828160762786865,-0.08094905790684948,0.16938069462776184,-0.44918569922447205,-0.09941956129668483,0.06359145045280457,-0.225164532661438,-0.041026835411770435,0.09387511014938354,-0.317939817905426,-0.062356223434193225,0.11335265636444092,-0.3808881640434265,-0.08024549213050136,0.12978830933570862,-0.4419677257537842,-0.09387963739035854,0.015580728650093079,-0.2186030149459839,-0.048817050725205036,0.03886406123638153,-0.29154181480407715,-0.06796228614447841,0.05650940537452698,-0.33661729097366333,-0.07810495522616634,0.07230925559997559,-0.38058552145957947,-0.08634336021540889
A,0.0,0.0,0.0,0.07054267823696136,6.341934204101562e-05,-0.03821070833350859,0.1385859102010727,-0.049367547035217285,-0.05353179542566977,0.15299944579601288,-0.12845218181610107,-0.06524396283771239,0.10929392278194427,-0.16891932487487793,-0.07833514703656874,0.1402757614850998,-0.1814003586769104,-0.03605949474717818,0.16883401572704315,-0.2632465362548828,-0.059450499398963075,0.18123941123485565,-0.3199721872806549,-0.08162822170402251,0.19311900436878204,-0.3772975504398346,-0.10008189423228941,0.10343869030475616,-0.21677744388580322,-0.03665198354269705,0.1324487179517746,-0.3173905611038208,-0.05778748883153639,0.1491834670305252,-0.385681688785553,-0.07987016035463057,0.1639852374792099,-0.45138561725616455,-0.0979677547350093,0.06258620321750641,-0.2252969741821289,-0.0408356857135459,0.09002520143985748,-0.3210841417312622,-0.06266167355920516,0.10871128737926483,-0.38420677185058594,-0.08119890434886656,0.12443558871746063,-0.44500914216041565,-0.09502647413160048,0.015107795596122742,-0.21666723489761353,-0.04871834410573683,0.035270869731903076,-0.29068058729171753,-0.06877147002364836,0.0515495240688324,-0.3363044857978821,-0.07973843408967696,0.06558294594287872,-0.38068893551826477,-0.08841115577365599
A,0.0,0.0,0.0,0.07034347951412201,-0.00031495094299316406,-0.03823846614318427,0.13825534284114838,-0.04937541484832764,-0.054460291176610554,0.15311329066753387,-0.12848752737045288,-0.06723811513143119,0.10960616171360016,-0.16912001371383667,-0.08150301909404334,0.13854117691516876,-0.18163734674453735,-0.03698873928146895,0.16597701609134674,-0.26363977789878845,-0.0610122609730297,0.17733527719974518,-0.32059037685394287,-0.08342964982944068,0.18845297396183014,-0.37831494212150574,-0.10223268008189734,0.10098527371883392,-0.21557950973510742,-0.03806548228817519,0.12846048176288605,-0.31563419103622437,-0.06053812465029296,0.1445503681898117,-0.38441193103790283,-0.0833324793572956,0.15912018716335297,-0.45126429200172424,-0.10206253117280539,0.05963878333568573,-0.22288727760314941,-0.042732335984283054,0.0852491706609726,-0.3185904622077942,-0.0657994005675846,0.1037612110376358,-0.3825111389160156,-0.08479509538369712,0.11987514793872833,-0.44454437494277954,-0.09907312726932105,0.011942163109779358,-0.21367239952087402,-0.051074244439178074,0.030975431203842163,-0.28771114349365234,-0.07238143718200263,0.04761321842670441,-0.3345388174057007,-0.0843637887235218,0.06287465989589691,-0.38068729639053345,-0.09391948616462287
A,0.0,0.0,0.0,0.06953614950180054,0.0018241405487060547,-0.04195591244598518,0.13917148113250732,-0.045440733432769775,-0.059091491584979394,0.15504151582717896,-0.12834429740905762,-0.0719638522317041,0.11095777153968811,-0.17194020748138428,-0.08594707954426895,0.14147934317588806,-0.1819973587989807,-0.036991460209094384,0.16900840401649475,-0.2637890577316284,-0.06002452406784187,0.17899546027183533,-0.321734756231308,-0.08222520906230102,0.18871459364891052,-0.37998563051223755,-0.10080389488240371,0.1034267246723175,-0.21696823835372925,-0.03565671849747787,0.1313115954399109,-0.315062552690506,-0.056562790607415536,0.1460992991924286,-0.3840569257736206,-0.0790596510817636,0.15916508436203003,-0.4504753649234772,-0.09754754412671218,0.06192442774772644,-0.22583645582199097,-0.03825982097288261,0.08739504218101501,-0.3187348246574402,-0.059429312085114816,0.10503751039505005,-0.38206928968429565,-0.07758141863843093,0.11999472975730896,-0.44306015968322754,-0.09123779643078933,0.013438016176223755,-0.21865957975387573,-0.04498417485257278,0.0330863893032074,-0.292747437953949,-0.06432156074544082,0.050378769636154175,-0.33917731046676636,-0.0750368963529695,0.06655356287956238,-0.3844665586948395,-0.08355344641705642
A,0.0,0.0,0.0,0.06946076452732086,3.039836883544922e-05,-0.04128456992631868,0.13817797601222992,-0.04833930730819702,-0.05847760421758608,0.15260688960552216,-0.12969255447387695,-0.07153381166583017,0.10890538990497589,-0.17244112491607666,-0.08573757616406397,0.13820995390415192,-0.1813151240348816,-0.03799891976242975,0.1653154045343399,-0.2630646228790283,-0.06187728179222063,0.17522259056568146,-0.32113969326019287,-0.08446782586699442,0.1846894472837448,-0.3798655867576599,-0.10325161872034982,0.09995739161968231,-0.21594738960266113,-0.03729474676376299,0.1279555708169937,-0.3154793977737427,-0.05897789207821802,0.14257751405239105,-0.38489824533462524,-0.08173528072958902,0.15523554384708405,-0.4521385729312897,-0.10039111731177286,0.05854515731334686,-0.22458654642105103,-0.04039216918474153,0.085047647356987,-0.3184305429458618,-0.06227609647041277,0.10228772461414337,-0.38257503509521484,-0.08065217492705301,0.11639659106731415,-0.4447096288204193,-0.09445211050635294,0.010590210556983948,-0.21688270568847656,-0.047518962450084246,0.030386969447135925,-0.29124367237091064,-0.06735232231741861,0.04708679020404816,-0.33826929330825806,-0.07823809740668253,0.061938658356666565,-0.38428348302841187,-0.08693045137053446
A,0.0,0.0,0.0,0.06891551613807678,0.0039027929306030273,-0.04331013817537155,0.13876670598983765,-0.042389869689941406,-0.06145946566212501,0.1547585427761078,-0.12419897317886353,-0.07495563361990776,0.11125525832176208,-0.1673201322555542,-0.08961019549715843,0.13932251930236816,-0.17405962944030762,-0.04162004847276535,0.1666865050792694,-0.25505441427230835,-0.06633792702305641,0.17641153931617737,-0.31278854608535767,-0.08905555937636223,0.18553584814071655,-0.37084823846817017,-0.10772912088978615,0.10103568434715271,-0.2097158432006836,-0.03993656370985832,0.13007527589797974,-0.30942437052726746,-0.06238284219253387,0.1445252001285553,-0.3784152865409851,-0.08513755236018028,0.15682697296142578,-0.44490399956703186,-0.10366615537751045,0.05972374975681305,-0.2191067337989807,-0.04206731055128898,0.08609196543693542,-0.3118796944618225,-0.064384809473637,0.10292258858680725,-0.3751777410507202,-0.08278263244974937,0.11642923951148987,-0.43572795391082764,-0.09651517752755012,0.011773288249969482,-0.21274805068969727,-0.04834515113580551,0.0322018563747406,-0.286635160446167,-0.06819987926829185,0.048601746559143066,-0.33297574520111084,-0.0790737110768589,0.06291162967681885,-0.3781929612159729,-0.08778580162871208
A,0.0,0.0,0.0,0.06823694705963135,-0.0004184842109680176,-0.03951609762685848,0.13572636246681213,-0.0473787784576416,-0.05586102487819744,0.15059930086135864,-0.12752902507781982,-0.06823936732786251,0.10845553874969482,-0.17082279920578003,-0.08176773669498516,0.13793793320655823,-0.1806274652481079,-0.0357594850875671,0.1650772988796234,-0.2618424892425537,-0.058779752574139366,0.17530325055122375,-0.3198854327201843,-0.08073262753265453,0.18483710289001465,-0.3777497112751007,-0.09882072242277218,0.09986189007759094,-0.21470606327056885,-0.035371291212015876,0.12870940566062927,-0.3137989640235901,-0.05553771065848423,0.14395564794540405,-0.38192838430404663,-0.0767947274662788,0.1569449007511139,-0.44716644287109375,-0.09412906201856686,0.05844306945800781,-0.22330492734909058,-0.03873425232546879,0.08400687575340271,-0.31675559282302856,-0.059073931298428306,0.10124996304512024,-0.3796084523200989,-0.07600681366699291,0.1157139241695404,-0.44005584716796875,-0.08868353696840359,0.010217785835266113,-0.2155945897102356,-0.04603695752399517,0.029067352414131165,-0.2896164357662201,-0.0645605612017448,0.04514814913272858,-0.3357306122779846,-0.07412365706937862,0.059524863958358765,-0.38065677881240845,-0.0816390428163345
A,0.0,0.0,0.0,0.06843145191669464,-0.0017380714416503906,-0.03860252508184203,0.13422615826129913,-0.05022072792053223,-0.054805317607133475,0.1507789045572281,-0.12935513257980347,-0.0673310325410057,0.11267925798892975,-0.17833811044692993,-0.08095145383140334,0.13659735023975372,-0.18529748916625977,-0.036419251647203055,0.16478930413722992,-0.2697996497154236,-0.060158902492730704,0.17565666139125824,-0.32970404624938965,-0.08217100211641082,0.1854424625635147,-0.388516366481781,-0.1000453994538475,0.09790100157260895,-0.21902191638946533,-0.03619624459406623,0.12642203271389008,-0.31985729932785034,-0.057121192749946204,0.1419592648744583,-0.3899446129798889,-0.07870606490632781,0.15546618402004242,-0.4554593563079834,-0.09618997731467971,0.056147024035453796,-0.2272685170173645,-0.03958919429442176,0.08115078508853912,-0.32274895906448364,-0.059985773351399985,0.09869079291820526,-0.3866690993309021,-0.07700172969362029,0.11393354833126068,-0.4466480016708374,-0.08988069155475387,0.00819079577922821,-0.21828508377075195,-0.04684333288332709,0.026503831148147583,-0.293346643447876,-0.06555247464439162,0.043092355132102966,-0.3402913510799408,-0.07565346517822036,0.05912382900714874,-0.3851032853126526,-0.08351408102771529
A,0.0,0.0,0.0,0.06921336054801941,-0.00619959831237793,-0.03525859766332928,0.13346394896507263,-0.06418943405151367,-0.047714821031974,0.14811396598815918,-0.14298123121261597,-0.056844088217900435,0.11079210042953491,-0.19291114807128906,-0.06681727521745984,0.13411733508110046,-0.19664520025253296,-0.029291612065122763,0.1622951328754425,-0.28681695461273193,-0.050667013010667006,0.17339026927947998,-0.3494891822338104,-0.07099065833418194,0.1825246512889862,-0.40885233879089355,-0.08722022824613873,0.09491410851478577,-0.22928377985954285,-0.02942814954249684,0.1229822039604187,-0.33518505096435547,-0.04803165697185818,0.13983222842216492,-0.4085155725479126,-0.06775095962612454,0.15429994463920593,-0.4734562933444977,-0.08317924939720456,0.05333736538887024,-0.2363453507423401,-0.033310121825621763,0.07898318767547607,-0.33728641271591187,-0.05212280430524174,0.09759151935577393,-0.4034683108329773,-0.06821903490154568,0.11387073993682861,-0.4624437987804413,-0.07984961473076169,0.00621408224105835,-0.22570902109146118,-0.04080441870419804,0.02401965856552124,-0.30397722125053406,-0.058776649615452925,0.04051157832145691,-0.3523033857345581,-0.06786765061943356,0.056950539350509644,-0.3971070647239685,-0.07436763398973767
A,0.0,0.0,0.0,0.07204578816890717,-0.00794285535812378,-0.03306771503420691,0.13607685267925262,-0.07974398136138916,-0.04103951962324004,0.15184910595417023,-0.16521883010864258,-0.04613794074984412,0.114427849650383,-0.21353286504745483,-0.051644728198965595,0.13523299992084503,-0.21322005987167358,-0.016957432642897174,0.1640777438879013,-0.30486053228378296,-0.03416955159636359,0.17534147202968597,-0.36772438883781433,-0.05292207063766341,0.18435470759868622,-0.4256489872932434,-0.06846427978607039,0.0965481847524643,-0.2454991340637207,-0.016403483838161037,0.125391885638237,-0.3505582809448242,-0.031742253020723865,0.14305563271045685,-0.4254683554172516,-0.05074281679125647,0.15781505405902863,-0.489790141582489,-0.06571091772647719,0.05562393367290497,-0.2517188489437103,-0.020245625317414806,0.08289001882076263,-0.3516777753829956,-0.03684931309553008,0.1023750752210617,-0.41701602935791016,-0.053359840676506565,0.11879442632198334,-0.4730588495731354,-0.06547899605365615,0.009720027446746826,-0.23977193236351013,-0.027715460077246235,0.028395429253578186,-0.3160795569419861,-0.044295561179836795,0.04506693780422211,-0.36463403701782227,-0.05367816300721984,0.06205157935619354,-0.4093171954154968,-0.06064565540881972
A,0.0,0.0,0.0,0.0758693516254425,-0.015280604362487793,-0.030175472349924348,0.13952910900115967,-0.09988641738891602,-0.03392879918317249,0.15561112761497498,-0.1903975009918213,-0.03535814464191844,0.11821246147155762,-0.23518577218055725,-0.036414145232242845,0.13278961181640625,-0.2246825098991394,-0.006062546019506954,0.1608315408229828,-0.3162839412689209,-0.019326875657839082,0.17136654257774353,-0.3781925439834595,-0.03578491017321994,0.1788727343082428,-0.4353276491165161,-0.0499933685372298,0.09536314010620117,-0.25617146492004395,-0.005673608482879899,0.12373125553131104,-0.3609793484210968,-0.01749241046707084,0.14119333028793335,-0.4346756339073181,-0.03377360358933856,0.15445831418037415,-0.4979085922241211,-0.04671201735834529,0.056080907583236694,-0.2631635367870331,-0.010246201158565782,0.08272156119346619,-0.3637673854827881,-0.02430824443797519,0.10215941071510315,-0.4286227226257324,-0.03847191363672664,0.11742177605628967,-0.484068900346756,-0.04890376210312297,0.01216442883014679,-0.2523854970932007,-0.01859668336908271,0.03062307834625244,-0.32987701892852783,-0.032884134651226304,0.04743126034736633,-0.3779071569442749,-0.040366097093624376,0.06371253728866577,-0.42130565643310547,-0.04613643020491054
A,0.0,0.0,0.0,0.07635959982872009,-0.020366787910461426,-0.028577219847903734,0.1382177174091339,-0.11052501201629639,-0.03048227370189238,0.15150675177574158,-0.20383375883102417,-0.030340414647326952,0.11507150530815125,-0.25204741954803467,-0.02919889443026591,0.13330578804016113,-0.22542858123779297,0.0005900013127018156,0.16066816449165344,-0.3156846761703491,-0.01061222065644074,0.17070913314819336,-0.37403517961502075,-0.025642970729933268,0.17836260795593262,-0.4280221462249756,-0.03888558984206725,0.09719043970108032,-0.25709229707717896,0.00148676355431121,0.12534353137016296,-0.36039304733276367,-0.008503558267221933,0.14218997955322266,-0.4308009147644043,-0.023050550524459368,0.155405193567276,-0.49073880910873413,-0.034717958573565966,0.05892708897590637,-0.2646419405937195,-0.0029821662831466256,0.08465078473091125,-0.3650369644165039,-0.01616868578301478,0.10399776697158813,-0.42592930793762207,-0.029129780982003695,0.11891224980354309,-0.4763913154602051,-0.03864309579537917,0.01546524465084076,-0.2549443244934082,-0.011241299253271109,0.03392788767814636,-0.3290071487426758,-0.02472440913723517,0.05003046989440918,-0.3724674582481384,-0.03153568521545935,0.06478095054626465,-0.4107699394226074,-0.036840025488601214
A,0.0,0.0,0.0,0.08001330494880676,-0.02456676959991455,-0.023305814149722437,0.14051175117492676,-0.11763685941696167,-0.021497116791948656,0.15277299284934998,-0.20674216747283936,-0.01877590585027633,0.11786583065986633,-0.24673479795455933,-0.015070603596910814,0.13086378574371338,-0.22243556380271912,0.009619034458950182,0.15815231204032898,-0.3089348375797272,0.0010482551111579141,0.1683391034603119,-0.3625085651874542,-0.012020081649467329,0.17551550269126892,-0.40996572375297546,-0.023391799437746386,0.09590443968772888,-0.2507389485836029,0.009714573253944536,0.12323403358459473,-0.3503624200820923,0.0025702317758202753,0.13978561758995056,-0.4167127013206482,-0.00974163729225097,0.15210729837417603,-0.47141382098197937,-0.019670335012420992,0.05899056792259216,-0.25719282031059265,0.004371895552679916,0.08386403322219849,-0.3534128665924072,-0.006263122796013931,0.10240477323532104,-0.4098612070083618,-0.017836540373906473,0.11604216694831848,-0.4553966522216797,-0.026395024168238024,0.017015263438224792,-0.24744147062301636,-0.004449127144113163,0.03398670256137848,-0.3166498839855194,-0.015217353957638124,0.04907292127609253,-0.3571881651878357,-0.02095975856755672,0.06286013126373291,-0.39252758026123047,-0.02576712090049682
A,0.0,0.0,0.0,0.08070752024650574,-0.023918509483337402,-0.02059186613880115,0.1391684114933014,-0.1139172911643982,-0.01792964330635982,0.14874887466430664,-0.20207306742668152,-0.014790253627523953,0.11407420039176941,-0.2426392138004303,-0.010729504662975842,0.1295229196548462,-0.2129397690296173,0.01249154758878035,0.15616101026535034,-0.29550522565841675,0.005482028324678367,0.16469046473503113,-0.34629228711128235,-0.006340506400391632,0.16951003670692444,-0.39041343331336975,-0.01667970782838779,0.09446904063224792,-0.24101421236991882,0.012598730709925121,0.12074407935142517,-0.3355518579483032,0.007059243593886322,0.13593140244483948,-0.39662447571754456,-0.003967926285639578,0.1464676558971405,-0.44595256447792053,-0.012979907828793102,0.05790477991104126,-0.24891844391822815,0.007561551958843893,0.08137509226799011,-0.3402212858200073,-0.0012641705409066617,0.09939262270927429,-0.392067551612854,-0.011410104955956513,0.11191943287849426,-0.4333438277244568,-0.019148079592213207,0.016743123531341553,-0.2414085865020752,-0.0006483017652669787,0.03357212245464325,-0.30713143944740295,-0.009225142102167183,0.048151254653930664,-0.34406882524490356,-0.0134920514257999,0.060854315757751465,-0.3754446506500244,-0.017371844414100224
A,0.0,0.0,0.0,0.08122612535953522,-0.026338636875152588,-0.017826241415860977,0.13720999658107758,-0.11540788412094116,-0.013284460616233673,0.14484812319278717,-0.19989490509033203,-0.00873627138597044,0.11274264752864838,-0.234198659658432,-0.0028472447050091887,0.1254996806383133,-0.20796754956245422,0.018418735849735413,0.15219391882419586,-0.28580617904663086,0.014058064694580708,0.16097398102283478,-0.33240896463394165,0.0037225880912217235,0.16537819802761078,-0.3729349672794342,-0.005204101999225941,0.0917121022939682,-0.23548027873039246,0.01856595373439518,0.11765129864215851,-0.32510992884635925,0.016640420096990738,0.13227416574954987,-0.38210344314575195,0.007831745806214485,0.14222155511379242,-0.4277135729789734,0.0005050658034804201,0.056341126561164856,-0.24412685632705688,0.013557967755076561,0.07839392125606537,-0.3301735520362854,0.008305894236144695,0.09531430900096893,-0.3773956298828125,-8.011224309711906e-06,0.10664956271648407,-0.41362494230270386,-0.006378386144461956,0.01647140085697174,-0.23814266920089722,0.0054552187463912105,0.033027127385139465,-0.3011866807937622,0.0010672478490221238,0.04635848104953766,-0.3342263698577881,-0.0006596624482710922,0.05722223222255707,-0.3608397841453552,-0.0027593795423683787
A,0.0,0.0,0.0,0.07999324798583984,-0.02737891674041748,-0.014296466803699559,0.1328231394290924,-0.11340904235839844,-0.007665570213049477,0.14031609892845154,-0.19569844007492065,-0.0019352085353432358,0.10700613260269165,-0.22770190238952637,0.004851040576994592,0.1219390332698822,-0.2021237015724182,0.026606508211642677,0.14593422412872314,-0.2763424813747406,0.025951881573945457,0.15296173095703125,-0.3213024139404297,0.017592682184130126,0.1560295820236206,-0.3608130216598511,0.009863621236235076,0.08886384963989258,-0.22814416885375977,0.026043784485608512,0.11309918761253357,-0.31281229853630066,0.02800660455361026,0.12716057896614075,-0.3658771514892578,0.02113973596826213,0.13728010654449463,-0.4089398980140686,0.014966412128359252,0.05363568663597107,-0.23632478713989258,0.02017940083280223,0.07387468218803406,-0.3195241689682007,0.01741116741433757,0.09026411175727844,-0.36451464891433716,0.009353064612895423,0.10128971934318542,-0.3988511562347412,0.003123238363713199,0.013997793197631836,-0.2318824827671051,0.011461516523212367,0.031032472848892212,-0.29678863286972046,0.008561080933958465,0.04377615451812744,-0.32917892932891846,0.007086935599744493,0.05388063192367554,-0.3537275195121765,0.005129126512855464
A,0.0,0.0,0.0,0.0760045051574707,-0.026162385940551758,-0.015589440614263594,0.12844055891036987,-0.11141359806060791,-0.011560397595445693,0.13720858097076416,-0.1931474208831787,-0.008229669556300223,0.10291731357574463,-0.22324928641319275,-0.003905437561030567,0.11592385172843933,-0.1988675594329834,0.020731880888064325,0.1392238438129425,-0.27021604776382446,0.01786091327639383,0.1464979350566864,-0.31342434883117676,0.00903454106273216,0.1493408977985382,-0.35060206055641174,0.0012630315960393546,0.08399027585983276,-0.22296130657196045,0.019780914857705056,0.10730627179145813,-0.30520814657211304,0.019540028273780763,0.1209949254989624,-0.3560272455215454,0.01299144662888807,0.13104447722434998,-0.3984494209289551,0.007312398031075418,0.04981836676597595,-0.23053589463233948,0.013690595142264783,0.06968453526496887,-0.31191593408584595,0.008762939460297048,0.0854482352733612,-0.35513633489608765,0.0014529069649995563,0.09605732560157776,-0.38807037472724915,-0.00395285049481231,0.010953053832054138,-0.22657936811447144,0.004742389637698352,0.02800661325454712,-0.28998225927352905,-2.0884748579419465e-05,0.04101249575614929,-0.3208685517311096,-0.0015715722928746345,0.05117592215538025,-0.34392207860946655,-0.00333716734340328
A,0.0,0.0,0.0,0.07084861397743225,-0.027568161487579346,-0.014387224212612182,0.12041473388671875,-0.11017030477523804,-0.010559300303782493,0.12839433550834656,-0.18723616003990173,-0.007478937849725753,0.0986548662185669,-0.2197667956352234,-0.0034156202975168526,0.11031180620193481,-0.19888857007026672,0.020529535256002873,0.1311856210231781,-0.26638856530189514,0.018176366232012242,0.13774225115776062,-0.30601441860198975,0.009802739724193543,0.14030689001083374,-0.3398019075393677,0.0025550973430767954,0.07869011163711548,-0.222040057182312,0.019091578788732022,0.09993699193000793,-0.30191293358802795,0.01965913421628329,0.11235672235488892,-0.34945082664489746,0.0138097308870897,0.12173038721084595,-0.3892459273338318,0.008777893736635178,0.04500463604927063,-0.2289559245109558,0.012738055206511945,0.06391972303390503,-0.3081108033657074,0.008472079999421567,0.07858508825302124,-0.34999600052833557,0.001672721357692808,0.08912956714630127,-0.38270479440689087,-0.0033162668052568733,0.006533727049827576,-0.22370383143424988,0.003733776399542421,0.02176627516746521,-0.2868395149707794,-0.000672387884321779,0.03349870443344116,-0.3164060413837433,-0.0014855359851821959,0.043118029832839966,-0.33808398246765137,-0.0024770036044969856
A,0.0,0.0,0.0,0.07071568071842194,-0.030263304710388184,-0.014491510453808587,0.11731581389904022,-0.11102449893951416,-0.01043570401816396,0.12359316647052765,-0.18649697303771973,-0.007263533181685489,0.0943344384431839,-0.2219460904598236,-0.002972420414153021,0.1071893721818924,-0.19442597031593323,0.023944935885083396,0.127110555768013,-0.26107558608055115,0.022811138194811065,0.1324300318956375,-0.30180859565734863,0.014993284952652175,0.13361896574497223,-0.3362024128437042,0.008274191182863433,0.0756005197763443,-0.21835926175117493,0.02329347015620442,0.09588952362537384,-0.29709213972091675,0.025755277958523948,0.10715742409229279,-0.34468793869018555,0.020664352116000373,0.11562012135982513,-0.38456326723098755,0.016211607617151458,0.04190389811992645,-0.22681599855422974,0.017473123160016257,0.059645459055900574,-0.3044443726539612,0.014948085074138362,0.07340879738330841,-0.34681761264801025,0.008627211798739154,0.08309794962406158,-0.37938421964645386,0.003906163045030553,0.0036658048629760742,-0.22398874163627625,0.008900108870875556,0.0167931467294693,-0.2856619954109192,0.00564002164901467,0.027399107813835144,-0.31362390518188477,0.005384432275604922,0.03633899986743927,-0.33305710554122925,0.0049519111707923
A,0.0,0.0,0.0,0.07071511447429657,-0.030120253562927246,-0.014217337149375453,0.11681075394153595,-0.10913431644439697,-0.01037653863727428,0.12203918397426605,-0.18427035212516785,-0.007437934189283624,0.09185035526752472,-0.22071534395217896,-0.003248302753263488,0.1061825305223465,-0.19100597500801086,0.024863109436637387,0.125684455037117,-0.25717973709106445,0.024481106993562207,0.13133467733860016,-0.2977273464202881,0.017437654060131536,0.13299931585788727,-0.33154118061065674,0.011314707320934758,0.07459686696529388,-0.2148447036743164,0.024402907562262044,0.09428350627422333,-0.2935515344142914,0.02773400440514706,0.1049080342054367,-0.3403317928314209,0.023167252984649167,0.11303944885730743,-0.3798917233943939,0.01909837729931496,0.04163743555545807,-0.22384583950042725,0.01885179474652432,0.05867086350917816,-0.2995772361755371,0.01772569164336346,0.07202143967151642,-0.3411383628845215,0.012254821580654607,0.08161066472530365,-0.372816801071167,0.007946840000158772,0.004145234823226929,-0.22173845767974854,0.010493531335896478,0.016479238867759705,-0.28100574016571045,0.008940635693079457,0.02751825749874115,-0.3095562756061554,0.009432696250087247,0.03765241801738739,-0.330258309841156,0.009344952625042424
A,0.0,0.0,0.0,0.07074159383773804,-0.028137505054473877,-0.012850041829722159,0.11533975601196289,-0.10806697607040405,-0.007925506078379385,0.12058740854263306,-0.18209660053253174,-0.004099220365958445,0.09062084555625916,-0.21663573384284973,0.0009340173190253154,0.10274133086204529,-0.1888902187347412,0.02617599782280422,0.12293240427970886,-0.2546527087688446,0.026765606968922384,0.1295551359653473,-0.29540562629699707,0.020874691798610456,0.1315051019191742,-0.3279586434364319,0.01590744186870552,0.07203361392021179,-0.21273332834243774,0.025605521767658956,0.09173077344894409,-0.2922302782535553,0.030403099625630148,0.10288184881210327,-0.33981502056121826,0.027396928190512426,0.11127588152885437,-0.3793627619743347,0.024676512598318823,0.03984224796295166,-0.22196584939956665,0.020021678551358946,0.05571112036705017,-0.29835572838783264,0.02014610883526302,0.0695570707321167,-0.3404075801372528,0.01543241799555517,0.07937660813331604,-0.37138456106185913,0.011766336529774435,0.0033298730850219727,-0.22042730450630188,0.011736650622708567,0.014101594686508179,-0.28054311871528625,0.011180454536599882,0.02498757839202881,-0.3085153102874756,0.012299748740417726,0.03481808304786682,-0.3271944522857666,0.012783713310284384
A,0.0,0.0,0.0,0.0708218514919281,-0.0265500545501709,-0.013836227685686708,0.11546751856803894,-0.10980892181396484,-0.00936696245568669,0.12069541215896606,-0.1852472722530365,-0.005589782588657499,0.08897286653518677,-0.21761518716812134,-0.0007097678980869659,0.10329514741897583,-0.1898830533027649,0.022492063834789633,0.12262183427810669,-0.25603124499320984,0.021979758187654852,0.12861794233322144,-0.2972552478313446,0.015351208529892801,0.13018617033958435,-0.33058926463127136,0.009545788771930575,0.07199886441230774,-0.2136220932006836,0.022045431330326437,0.09117540717124939,-0.2929946184158325,0.02529998277080381,0.10200116038322449,-0.34067580103874207,0.02152037773979032,0.10968783497810364,-0.38044825196266174,0.01816230420720899,0.03891584277153015,-0.22210070490837097,0.016778109266880392,0.055355191230773926,-0.2992696166038513,0.01559717082184875,0.06909447908401489,-0.3416457772254944,0.010585494942489504,0.07842037081718445,-0.3741627633571625,0.0065946263703438035,0.001547485589981079,-0.2192688286304474,0.008837228312614798,0.013763278722763062,-0.27917400002479553,0.007003330762955784,0.024875760078430176,-0.3078100085258484,0.007606158636036753,0.034446537494659424,-0.3284994661808014,0.007611340980503201
A,0.0,0.0,0.0,0.07137608528137207,-0.027245044708251953,-0.013726661365637938,0.11610680818557739,-0.11086726188659668,-0.00874480643511788,0.1212691068649292,-0.18661466240882874,-0.0043336250001289045,0.0886867344379425,-0.21592941880226135,0.0011223160781241859,0.10330748558044434,-0.19021230936050415,0.022748013574471315,0.12222898006439209,-0.25826871395111084,0.022454155225148043,0.12787875533103943,-0.3000086545944214,0.015496730420579752,0.12976673245429993,-0.33461976051330566,0.009259553242316088,0.07193353772163391,-0.21341776847839355,0.02256036697684749,0.09064176678657532,-0.2924475371837616,0.025406000751843294,0.1014399528503418,-0.34115856885910034,0.02025052680431827,0.10923853516578674,-0.38144034147262573,0.01567187121867164,0.038672447204589844,-0.22170612215995789,0.017680616665472826,0.05388084053993225,-0.29785990715026855,0.016295333940377077,0.06763240694999695,-0.3409404456615448,0.009927155997445425,0.07713863253593445,-0.37314239144325256,0.004959326784899076,0.001647844910621643,-0.21945422887802124,0.010212864342918238,0.013877898454666138,-0.28055649995803833,0.008646008174707731,0.025181442499160767,-0.3099246621131897,0.008720323990871748,0.03518742322921753,-0.33050277829170227,0.008153930853893598
A,0.0,0.0,0.0,0.07159329950809479,-0.027188479900360107,-0.013283687208883066,0.1158350259065628,-0.1111564040184021,-0.008183589701644678,0.12060143053531647,-0.18541961908340454,-0.003617160984418888,0.08804692327976227,-0.2142532467842102,0.001940203217685621,0.10259141027927399,-0.1887921392917633,0.020812357279368143,0.12187494337558746,-0.2583094835281372,0.019693730833836298,0.12738512456417084,-0.30122530460357666,0.01275635367900918,0.12866540253162384,-0.33646702766418457,0.006810114222474795,0.07128219306468964,-0.2114117443561554,0.020449661153264742,0.09052588045597076,-0.29134508967399597,0.02252497940034459,0.10102243721485138,-0.3414562940597534,0.01755321255595277,0.1079021543264389,-0.38192445039749146,0.013404589581199389,0.03787468373775482,-0.2192763090133667,0.015617565686710577,0.053704842925071716,-0.29594171047210693,0.01415964352608512,0.06698204576969147,-0.33914822340011597,0.008474145519443255,0.07588551938533783,-0.3719594478607178,0.004079071308382254,0.0008070021867752075,-0.21617776155471802,0.008247365678556662,0.01314409077167511,-0.2757580876350403,0.006980636591919165,0.024051740765571594,-0.30613064765930176,0.007501776299335461,0.0337117463350296,-0.32874393463134766,0.007299778020836811
A,0.0,0.0,0.0,0.07082372903823853,-0.023681581020355225,-0.016012700559059567,0.116893470287323,-0.10564571619033813,-0.011874046461144872,0.12365883588790894,-0.18259233236312866,-0.007689313781867213,0.09080615639686584,-0.21288824081420898,-0.002434162241826243,0.10431063175201416,-0.18549269437789917,0.019138682349165492,0.12347730994224548,-0.2543582320213318,0.017960646836598926,0.12900906801223755,-0.29773783683776855,0.010845524905761295,0.13064604997634888,-0.3332552909851074,0.00455362228169065,0.07284542918205261,-0.209425687789917,0.01998184592886787,0.09208795428276062,-0.290034681558609,0.02201708005233627,0.10261669754981995,-0.340115487575531,0.016852978332480006,0.10950818657875061,-0.38065773248672485,0.012432166090746932,0.039499908685684204,-0.21798935532569885,0.016145381792028957,0.05638021230697632,-0.2947838604450226,0.013976090303202682,0.06995898485183716,-0.33875587582588196,0.007741362037648969,0.0785098671913147,-0.37188324332237244,0.0029861218710891535,0.0023145824670791626,-0.21553874015808105,0.00959793542935472,0.014939606189727783,-0.2747133672237396,0.007080460614105277,0.025520026683807373,-0.30464398860931396,0.0068848749571941426,0.03428134322166443,-0.3268900513648987,0.006290222699334436
A,0.0,0.0,0.0,0.06946377456188202,-0.02403426170349121,-0.016528213309214834,0.11515431106090546,-0.10765653848648071,-0.012761087069378618,0.12113399803638458,-0.1854015588760376,-0.008702147664592985,0.08794121444225311,-0.21536609530448914,-0.003505541157068137,0.10248224437236786,-0.1883487105369568,0.01734497965676951,0.12308959662914276,-0.2571128308773041,0.015668774111105677,0.12927211821079254,-0.30037277936935425,0.008254886692299124,0.13104306161403656,-0.33615386486053467,0.0017280614412413797,0.07110171020030975,-0.21246114373207092,0.018222805200053926,0.09137795865535736,-0.2931252121925354,0.019718730909659143,0.1028742641210556,-0.34349364042282104,0.014407986862494226,0.11037473380565643,-0.38475437462329865,0.00993625828428435,0.0380413681268692,-0.22088965773582458,0.01449099471224713,0.055038973689079285,-0.298602432012558,0.011988054117097136,0.06918717920780182,-0.3431704640388489,0.005527963017954107,0.07809226214885712,-0.37731730937957764,0.0005758994667814932,0.0010804086923599243,-0.2175845503807068,0.008032545534803148,0.013101115822792053,-0.27647632360458374,0.005161951383485075,0.024073436856269836,-0.30652350187301636,0.004666142253114458,0.033283576369285583,-0.3289634883403778,0.003816294338463422
A,0.0,0.0,0.0,0.06982281804084778,-0.02304518222808838,-0.017842201683038184,0.1168854832649231,-0.10582911968231201,-0.01461451703619332,0.12375649809837341,-0.1844053566455841,-0.01081672327529759,0.09105619788169861,-0.21687975525856018,-0.005825727413707682,0.10400742292404175,-0.18763500452041626,0.015443103220945886,0.12463951110839844,-0.25805842876434326,0.01316272823203235,0.1305513083934784,-0.3027985095977783,0.005342118740713886,0.13244181871414185,-0.34071415662765503,-0.0016120749565970982,0.07267692685127258,-0.21247130632400513,0.016835657712704233,0.09332093596458435,-0.29382970929145813,0.017595341262108377,0.10436728596687317,-0.3454105257987976,0.011721410621589712,0.11137410998344421,-0.3876589834690094,0.006741332188880733,0.039642125368118286,-0.22140532732009888,0.013606381435579351,0.05690288543701172,-0.2990216016769409,0.010960747320837072,0.0706956684589386,-0.3435822129249573,0.0047720696969690835,0.07944098114967346,-0.3777835965156555,-0.00011178215174822981,0.0026277005672454834,-0.21857544779777527,0.00749191578540831,0.015185415744781494,-0.2778420150279999,0.00473799493227034,0.026150405406951904,-0.30870819091796875,0.004509472586846641,0.03541630506515503,-0.3322705328464508,0.003794255033767513
A,0.0,0.0,0.0,0.07108673453330994,-0.024093568325042725,-0.017377766862267663,0.11851850152015686,-0.10749709606170654,-0.013916863210255315,0.12420621514320374,-0.18622323870658875,-0.009967942803854157,0.09066024422645569,-0.2173599898815155,-0.004889314144605805,0.10567930340766907,-0.1878497302532196,0.016008558601384948,0.12759238481521606,-0.257327675819397,0.014038017869239638,0.1346149742603302,-0.30199939012527466,0.006409319967275451,0.13712555170059204,-0.3397962152957916,-0.0005178117661159831,0.07405883073806763,-0.2134084701538086,0.017146854579692672,0.09584265947341919,-0.2945999205112457,0.01806827160740454,0.10765165090560913,-0.34596478939056396,0.01232441506559212,0.11484158039093018,-0.3881271034479141,0.007476095028465579,0.04052436351776123,-0.22279667854309082,0.0137024800407346,0.059482723474502563,-0.3010134696960449,0.010873665020113776,0.07408064603805542,-0.34644538164138794,0.004144582815712283,0.08278372883796692,-0.38186317682266235,-0.001146867603750934,0.0028728246688842773,-0.2197544276714325,0.007477511570101569,0.016064077615737915,-0.2776257395744324,0.004278120503073524,0.0269029438495636,-0.30851367115974426,0.0035282670634444457,0.03527507185935974,-0.33266785740852356,0.0024125824330951673
A,0.0,0.0,0.0,0.07056882977485657,-0.02407658100128174,-0.016325367169827132,0.11816313862800598,-0.1103253960609436,-0.012463284211605696,0.1242428719997406,-0.18957394361495972,-0.008490308674424796,0.08865135908126831,-0.21900665760040283,-0.0033231848128139063,0.10703447461128235,-0.19219759106636047,0.018268542809039445,0.12788066267967224,-0.2613857388496399,0.017455781323462816,0.13443151116371155,-0.3057239353656769,0.010567563099414201,0.13659155368804932,-0.34242159128189087,0.004118347519636245,0.07496532797813416,-0.21759074926376343,0.018642604795843454,0.09555226564407349,-0.29912126064300537,0.021079410312324853,0.1071937084197998,-0.349925696849823,0.016373165396601053,0.11474347114562988,-0.39240989089012146,0.012238519711047502,0.04134160280227661,-0.22618913650512695,0.01435236211642632,0.05904623866081238,-0.3049857020378113,0.012513916452974172,0.07379740476608276,-0.35056832432746887,0.006241160889715047,0.08279049396514893,-0.386483371257782,0.0011445651553572134,0.0037794262170791626,-0.22244349122047424,0.007257244528830142,0.016109824180603027,-0.28114479780197144,0.004503327400982471,0.027565449476242065,-0.31241410970687866,0.003914028385281654,0.03721266984939575,-0.33691030740737915,0.0028557390697301344
A,0.0,0.0,0.0,0.06983283162117004,-0.021317243576049805,-0.01704560661349319,0.1178094744682312,-0.10712194442749023,-0.013295520782804715,0.12453022599220276,-0.18693453073501587,-0.009168894715941178,0.0906328558921814,-0.22062087059020996,-0.00382320115934931,0.10862958431243896,-0.18966633081436157,0.016643236636781467,0.13060122728347778,-0.25994640588760376,0.01516128635373093,0.13744768500328064,-0.3054105043411255,0.007995910256767047,0.13957789540290833,-0.34312525391578674,0.0012405738361565,0.07667133212089539,-0.21607494354248047,0.017384377553725017,0.09805276989936829,-0.29895615577697754,0.018658907398247493,0.109927237033844,-0.3505740463733673,0.013321342192256225,0.11711010336875916,-0.3931667357683182,0.00867781440135218,0.04298761487007141,-0.22567328810691833,0.013486526220702899,0.06149813532829285,-0.3061283230781555,0.010324361979627383,0.07601091265678406,-0.35165828466415405,0.003352890967988742,0.08440545201301575,-0.3874451816082001,-0.002213661779052245,0.005768194794654846,-0.22327440977096558,0.006847840048038734,0.018507301807403564,-0.28238317370414734,0.002624067257755769,0.029492318630218506,-0.31229281425476074,0.001199954085649324,0.03808271884918213,-0.3353347182273865,-0.0003804315802256042
A,0.0,0.0,0.0,0.06963619589805603,-0.01845484972000122,-0.01947137092034268,0.12002068758010864,-0.1040387749671936,-0.017110484957498784,0.12891238927841187,-0.18788474798202515,-0.014027626558942075,0.09300452470779419,-0.22317829728126526,-0.009759433872801537,0.11078926920890808,-0.18967318534851074,0.013862222127812629,0.13322710990905762,-0.26098668575286865,0.011770510740774398,0.14029666781425476,-0.3080282509326935,0.00438088567202044,0.1423276662826538,-0.3469284176826477,-0.002722362128821487,0.07894915342330933,-0.21669191122055054,0.015064972147541766,0.10098016262054443,-0.3009333908557892,0.01594168755431724,0.11315780878067017,-0.3534393906593323,0.010466772757666831,0.12031307816505432,-0.39749665558338165,0.005548238914656167,0.04562893509864807,-0.22617366909980774,0.01147712550331903,0.06447196006774902,-0.30762648582458496,0.007498586710738664,0.07967227697372437,-0.3543376922607422,0.00022428268889029823,0.08786940574645996,-0.3909167945384979,-0.0056152020839874695,0.008099138736724854,-0.22335141897201538,0.004946561690616136,0.020607829093933105,-0.28377848863601685,-0.0005198064169746885,0.03205704689025879,-0.31572261452674866,-0.002760177084979887,0.04069450497627258,-0.3405265212059021,-0.004961240410608525
A,0.0,0.0,0.0,0.0701521784067154,-0.019405722618103027,-0.01834317921816364,0.1202748566865921,-0.10453569889068604,-0.01521319030939594,0.12859196960926056,-0.18769600987434387,-0.011343470506062658,0.09499789774417877,-0.22486698627471924,-0.0063855566193069535,0.1109192818403244,-0.19092196226119995,0.01340575822473511,0.1346108466386795,-0.2647198438644409,0.010435250856289713,0.1419704109430313,-0.3128458261489868,0.0022209659575764817,0.1444241851568222,-0.3534398078918457,-0.005386257741292866,0.07958672940731049,-0.21864929795265198,0.01434517678649172,0.10269968211650848,-0.3049643635749817,0.013844342239508478,0.11550162732601166,-0.3595954477787018,0.006898551050880997,0.12297241389751434,-0.40468792617321014,0.001004855649853198,0.04658247530460358,-0.22899973392486572,0.010793577216873018,0.06602244079113007,-0.3124585747718811,0.006308577757636158,0.0819178968667984,-0.36069560050964355,-0.0016725316752399522,0.09130071103572845,-0.3981582522392273,-0.007955923407962473,0.00916290283203125,-0.22648435831069946,0.004499809153685419,0.02163289487361908,-0.28959542512893677,-0.0008261642876732367,0.033461734652519226,-0.3214899003505707,-0.002929781527882369,0.042718157172203064,-0.3454130291938782,-0.004985751315643938
A,0.0,0.0,0.0,0.06718006730079651,-0.016733646392822266,-0.02283274195687568,0.1191202700138092,-0.10408759117126465,-0.021619241680667756,0.13036313652992249,-0.1918020248413086,-0.018802199508712647,0.09390607476234436,-0.2302442193031311,-0.014728102829025147,0.11188462376594543,-0.19636857509613037,0.008570892740323188,0.135514497756958,-0.27362537384033203,0.004357329573764446,0.14210650324821472,-0.324154257774353,-0.004839063618049977,0.14425569772720337,-0.3674336075782776,-0.013362904075250981,0.07935887575149536,-0.22442829608917236,0.010747666474713924,0.1025109589099884,-0.3129569888114929,0.00893548969580138,0.11555460095405579,-0.3702540993690491,0.001081874016023221,0.12361329793930054,-0.4184065908193588,-0.005540097128317711,0.0454997718334198,-0.2338169515132904,0.008185911927654388,0.06606525182723999,-0.319497287273407,0.002216599419995191,0.08269697427749634,-0.36960315704345703,-0.006166375238166211,0.0929059386253357,-0.4088032841682434,-0.012641841541693566,0.0075608789920806885,-0.2295878529548645,0.0024765292222639346,0.02045673131942749,-0.29498109221458435,-0.004436171609626172,0.03325191140174866,-0.32900798320770264,-0.00704215233744776,0.044049859046936035,-0.35510051250457764,-0.009357240978346226
A,0.0,0.0,0.0,0.06877337396144867,-0.018086135387420654,-0.02522445394433248,0.12093381583690643,-0.10495036840438843,-0.02543764672017801,0.13133226335048676,-0.19280770421028137,-0.023421895864970566,0.09598682820796967,-0.2340604066848755,-0.02029298170245397,0.11158005893230438,-0.20269775390625,0.0026121559202749722,0.13473986089229584,-0.286087304353714,-0.0040694341879259355,0.14121703803539276,-0.34091758728027344,-0.014777518983549953,0.14379243552684784,-0.38895946741104126,-0.024264223117000938,0.07754789292812347,-0.23060032725334167,0.0053842829655934565,0.10099969804286957,-0.324381947517395,0.0010431495610703223,0.11394663155078888,-0.3872441351413727,-0.008549221034712673,0.12198249995708466,-0.43925273418426514,-0.016224938619501472,0.04238767921924591,-0.23877140879631042,0.0035789812099267237,0.06339065730571747,-0.32750266790390015,-0.0035378573812465675,0.0795334130525589,-0.3822730779647827,-0.012647673662371517,0.08989103138446808,-0.4261924624443054,-0.019592176366217018,0.0036363452672958374,-0.232143372297287,-0.0015376078082169897,0.016876831650733948,-0.2987297773361206,-0.009137671615548015,0.029441162943840027,-0.3362621068954468,-0.012208909902341247,0.04003329575061798,-0.36686211824417114,-0.014736785728103996
A,0.0,0.0,0.0,0.07056862115859985,-0.018867075443267822,-0.02601410951601224,0.12396439909934998,-0.10922849178314209,-0.02591010686145978,0.13141503930091858,-0.19736313819885254,-0.023547024839984942,0.09358292818069458,-0.23746314644813538,-0.02033725883947568,0.11251521110534668,-0.21455469727516174,0.0016934950589586606,0.13336393237113953,-0.29991474747657776,-0.006449117233472634,0.13979417085647583,-0.3553790748119354,-0.018782182970511485,0.14368295669555664,-0.40466704964637756,-0.029876287469136287,0.07686668634414673,-0.24194177985191345,0.0037718767752323856,0.09694129228591919,-0.33874696493148804,-0.002988363757225443,0.10956215858459473,-0.40454310178756714,-0.015051748046147395,0.11849701404571533,-0.45894333720207214,-0.024846583047377635,0.0405195951461792,-0.2476384937763214,0.001036778882649969,0.06014570593833923,-0.3411232829093933,-0.00889826789634185,0.07499006390571594,-0.3982163369655609,-0.020665624552833606,0.08500158786773682,-0.4436229169368744,-0.029395738059150744,0.0009239763021469116,-0.23739710450172424,-0.005024155510085393,0.012236237525939941,-0.30645519495010376,-0.0156843731193419,0.024604082107543945,-0.34707993268966675,-0.021646448784935046,0.0358559787273407,-0.38095080852508545,-0.02633580323444562
A,0.0,0.0,0.0,0.06913664937019348,-0.02615189552307129,-0.02515942955352557,0.12029331922531128,-0.11496728658676147,-0.02675416858829749,0.12587609887123108,-0.19961842894554138,-0.026843111756818416,0.0897645652294159,-0.2419770359992981,-0.02676997872032416,0.10659617185592651,-0.2287832796573639,-5.800439822678527e-05,0.12478327751159668,-0.31680482625961304,-0.011203202213721397,0.13100004196166992,-0.37354275584220886,-0.025902960244195583,0.13563114404678345,-0.4250483512878418,-0.03862492160834563,0.07001662254333496,-0.2533324360847473,-0.00047541118539129457,0.08695313334465027,-0.3531123399734497,-0.010833110455052974,0.09818768501281738,-0.42131316661834717,-0.026154575664179447,0.1072235107421875,-0.48006826639175415,-0.03828728364743483,0.03294321894645691,-0.25559163093566895,-0.005557222086565616,0.051090896129608154,-0.35184043645858765,-0.018683874774353626,0.06628715991973877,-0.41240406036376953,-0.03255294056572211,0.07752016186714172,-0.4638403654098511,-0.04261108281053794,-0.007552534341812134,-0.24141687154769897,-0.013758362996952656,0.0035203397274017334,-0.3143656849861145,-0.026918975431101444,0.01654064655303955,-0.3583870530128479,-0.03400710763372672,0.029428541660308838,-0.397308349609375,-0.03943106697835219
A,0.0,0.0,0.0,0.07067421078681946,-0.02739894390106201,-0.027458936055211325,0.12125357985496521,-0.11599838733673096,-0.02998379439583232,0.12872815132141113,-0.20173317193984985,-0.03082823761275222,0.09431353211402893,-0.24672120809555054,-0.031123122279552717,0.10531184077262878,-0.23654603958129883,-0.00037402990625423627,0.12111365795135498,-0.3278031349182129,-0.012184727084843416,0.1257038414478302,-0.3859972357749939,-0.027339333747534056,0.12888213992118835,-0.43957334756851196,-0.040316695426611204,0.06780508160591125,-0.2610655128955841,-6.931141166433008e-05,0.08296260237693787,-0.36566802859306335,-0.010995798823444147,0.09250926971435547,-0.4360455870628357,-0.02686821677258422,0.10033643245697021,-0.49773332476615906,-0.03916297674646785,0.030274540185928345,-0.26230111718177795,-0.004701832388548155,0.046902358531951904,-0.3623599410057068,-0.01850073233714511,0.05953317880630493,-0.42507344484329224,-0.03242027953734805,0.06917011737823486,-0.4791226089000702,-0.04216919288506915,-0.01022888720035553,-0.245796799659729,-0.012728141699938078,-0.0008549690246582031,-0.32080593705177307,-0.026401793663410444,0.010504037141799927,-0.36660662293434143,-0.033403562461046477,0.02247437834739685,-0.4078938663005829,-0.03841264367571284
A,0.0,0.0,0.0,0.07104092836380005,-0.030080556869506836,-0.026877606363029827,0.12276861071586609,-0.12179183959960938,-0.029674954787822116,0.1336156725883484,-0.20550298690795898,-0.03068250984046017,0.09461089968681335,-0.24105554819107056,-0.0310302433380798,0.1045486330986023,-0.24239352345466614,-0.0020387781141266714,0.12119019031524658,-0.3343749940395355,-0.014463638030917991,0.1255541741847992,-0.3938184976577759,-0.02969543643388306,0.1284339427947998,-0.4466255307197571,-0.04247743830177342,0.06621411442756653,-0.2666202783584595,-0.0023300189813539873,0.08232372999191284,-0.37421345710754395,-0.012854374089272369,0.09304583072662354,-0.4453274607658386,-0.027118656859727253,0.10129439830780029,-0.5058519244194031,-0.038033453823061336,0.027979731559753418,-0.2665964663028717,-0.007482408621342529,0.04462894797325134,-0.3686292767524719,-0.020407985971303333,0.05890148878097534,-0.432406485080719,-0.033374490291805614,0.06971004605293274,-0.4860636293888092,-0.04266489118430172,-0.01205494999885559,-0.24712517857551575,-0.01615118242892777,-0.0021035224199295044,-0.3204130530357361,-0.02870361700746571,0.010084271430969238,-0.3658084273338318,-0.034923305810423244,0.022405147552490234,-0.40629279613494873,-0.039642868638964046
A,0.0,0.0,0.0,0.07264018058776855,-0.03225982189178467,-0.026690875821600457,0.12380850315093994,-0.12649226188659668,-0.02924301446307709,0.13554278016090393,-0.20790117979049683,-0.03012015269030144,0.09628865122795105,-0.23646780848503113,-0.030410153501520654,0.10592016577720642,-0.2431880235671997,-0.0026599333517651758,0.12320533394813538,-0.33574214577674866,-0.014889081650267144,0.12755557894706726,-0.3947575092315674,-0.0298673842929702,0.13044095039367676,-0.44809702038764954,-0.042734453164825936,0.06765002012252808,-0.2666136622428894,-0.00305755104761829,0.0843285620212555,-0.37416860461235046,-0.013872015931497117,0.09492871165275574,-0.44493797421455383,-0.028042295657883187,0.10303038358688354,-0.5055294632911682,-0.039012113296280404,0.029249072074890137,-0.26570582389831543,-0.008239357442448636,0.04607418179512024,-0.36870139837265015,-0.021180007316957017,0.05941134691238403,-0.4316900372505188,-0.03384353750277569,0.06950685381889343,-0.48480939865112305,-0.04299745493460705,-0.010730892419815063,-0.2453399896621704,-0.016995375686178704,-0.0013760030269622803,-0.31874850392341614,-0.02921699517298748,0.009982794523239136,-0.36560243368148804,-0.035492637836227914,0.021809130907058716,-0.4080135226249695,-0.04050549276996662
A,0.0,0.0,0.0,0.07288315892219543,-0.03331899642944336,-0.023875703402012505,0.12389671802520752,-0.12863504886627197,-0.024369021244496025,0.13408339023590088,-0.2070806622505188,-0.023805083073824562,0.09613305330276489,-0.2331012785434723,-0.0227139846609532,0.10643744468688965,-0.24331247806549072,0.0024681644792110546,0.12477818131446838,-0.3335099518299103,-0.008155966475754894,0.13016757369041443,-0.3907780647277832,-0.022404534109085716,0.13341349363327026,-0.4426833391189575,-0.03490011330708853,0.06880894303321838,-0.2669598460197449,0.0009601518906094952,0.08602583408355713,-0.3723865747451782,-0.008469641506820835,0.09689927101135254,-0.44163304567337036,-0.022292060144394554,0.10496330261230469,-0.5017602443695068,-0.03320072900518767,0.0308133065700531,-0.2665173411369324,-0.0053781073728202955,0.04754549264907837,-0.3667335510253906,-0.017172742001861252,0.06149536371231079,-0.4291858673095703,-0.030104658864587464,0.07203412055969238,-0.48295289278030396,-0.03971555393204085,-0.009059235453605652,-0.24667727947235107,-0.01514240663513533,0.0003788769245147705,-0.31893855333328247,-0.026213712357133545,0.011554166674613953,-0.36481958627700806,-0.03226002614960066,0.02312341332435608,-0.4070826768875122,-0.03744837950929991
A,0.0,0.0,0.0,0.07286310195922852,-0.031131446361541748,-0.02493379391540884,0.12464523315429688,-0.12309908866882324,-0.02559321872701048,0.13523441553115845,-0.20382273197174072,-0.025055150834816686,0.10071614384651184,-0.23752522468566895,-0.023677283300060026,0.10796734690666199,-0.24017426371574402,0.0034708852339804253,0.12607938051223755,-0.3309820890426636,-0.007342810144621126,0.1318598985671997,-0.3882071375846863,-0.021752643732327215,0.1355750560760498,-0.44026631116867065,-0.034058179108399145,0.07061037421226501,-0.26424741744995117,0.0029623288587004026,0.08853417634963989,-0.3693163990974426,-0.006547201758223764,0.09965986013412476,-0.4387053847312927,-0.020631299687522642,0.10832720994949341,-0.4987857937812805,-0.03162039384056925,0.03310480713844299,-0.26536422967910767,-0.0026077661737531344,0.04964783787727356,-0.36471131443977356,-0.014433925373452894,0.06333920359611511,-0.42584118247032166,-0.026963112277883283,0.07405394315719604,-0.4776311218738556,-0.036028231827515356,-0.006805509328842163,-0.24810045957565308,-0.011734499929445974,0.0034803152084350586,-0.3201954960823059,-0.02284428603758215,0.015076234936714172,-0.3655134439468384,-0.028693014157909147,0.027473866939544678,-0.407306432723999,-0.033430676309365026
A,0.0,0.0,0.0,0.07184910774230957,-0.028965890407562256,-0.02461533201139332,0.12454572319984436,-0.1209784746170044,-0.02531747658949257,0.13697227835655212,-0.20154505968093872,-0.024938933078459513,0.10287857055664062,-0.2356204092502594,-0.023944997687152636,0.10968238115310669,-0.24074390530586243,0.0025237179433190704,0.12803488969802856,-0.3307822346687317,-0.008668492075315726,0.13401740789413452,-0.3881221413612366,-0.023411472786477816,0.13773462176322937,-0.44045549631118774,-0.036075783420614016,0.07183235883712769,-0.2650882303714752,0.001346275683232534,0.09017902612686157,-0.3689722716808319,-0.008796614121905577,0.10147204995155334,-0.43923503160476685,-0.02328314584892155,0.11023285984992981,-0.5005174875259399,-0.03462446619968773,0.033711403608322144,-0.2658267617225647,-0.00484074744608165,0.05143895745277405,-0.3650853931903839,-0.017475539345554125,0.0661061704158783,-0.42695462703704834,-0.03041231398682953,0.07776713371276855,-0.48005059361457825,-0.03976325829725624,-0.006833672523498535,-0.2481929063796997,-0.01452134036671282,0.005263611674308777,-0.32201898097991943,-0.026675119523218882,0.017698585987091064,-0.36782172322273254,-0.0329405083249128,0.030797302722930908,-0.41021281480789185,-0.03795210038524033
A,0.0,0.0,0.0,0.07171356678009033,-0.027965664863586426,-0.02472488227260783,0.12457016110420227,-0.11868071556091309,-0.025683583868271853,0.13739049434661865,-0.19909149408340454,-0.02549123222900107,0.10498714447021484,-0.23353391885757446,-0.024557817903883006,0.11056941747665405,-0.24019968509674072,0.0019134275479473217,0.12952616810798645,-0.3304890990257263,-0.0095590485162802,0.13555654883384705,-0.38819175958633423,-0.024369333115942027,0.1385749876499176,-0.4407210350036621,-0.03695189970505908,0.07243797183036804,-0.2655067443847656,0.0008589748739495917,0.09110859036445618,-0.37012791633605957,-0.009419143376476313,0.102532297372818,-0.44042909145355225,-0.023571029482013728,0.1109301745891571,-0.5012147128582001,-0.03450422006619647,0.034172236919403076,-0.2675185799598694,-0.005163826690591122,0.05284103751182556,-0.3674324154853821,-0.01786217669916823,0.06748965382575989,-0.4292175769805908,-0.03017858433497622,0.07873693108558655,-0.4818373918533325,-0.03893273341429904,-0.006720989942550659,-0.2507779598236084,-0.014685940173990275,0.005957096815109253,-0.32466834783554077,-0.02675240877044871,0.018442362546920776,-0.3701719045639038,-0.03248259815347865,0.030963271856307983,-0.41176873445510864,-0.036922548142797496
A,0.0,0.0,0.0,0.07226037979125977,-0.03083789348602295,-0.024067724876800867,0.12546592950820923,-0.12290316820144653,-0.024969284244576784,0.13735944032669067,-0.20241177082061768,-0.024988566347161623,0.10349532961845398,-0.23656830191612244,-0.024574412786165567,0.11084437370300293,-0.24174362421035767,0.0021656965289764685,0.12971580028533936,-0.3312005400657654,-0.009926376686195226,0.13586491346359253,-0.38868045806884766,-0.02540244982461104,0.13982942700386047,-0.44159388542175293,-0.03873463050345549,0.07237285375595093,-0.26620087027549744,0.00015339871228547963,0.0904342532157898,-0.3700892925262451,-0.011470089488426538,0.10239535570144653,-0.4405679702758789,-0.027021906160513254,0.11235904693603516,-0.5023347735404968,-0.03912387118558058,0.03372153639793396,-0.26710638403892517,-0.006827901405046077,0.05279594659805298,-0.3671380281448364,-0.02120640204171309,0.06852748990058899,-0.4301593601703644,-0.035265208043853136,0.08146080374717712,-0.48501044511795044,-0.04535139427403578,-0.007318347692489624,-0.24977520108222961,-0.017136505626837106,0.006170302629470825,-0.3232543468475342,-0.030976698555747362,0.018763333559036255,-0.3687484860420227,-0.038119860746661516,0.0317227840423584,-0.4111946225166321,-0.04371791408280501
A,0.0,0.0,0.0,0.07184572517871857,-0.02930581569671631,-0.024480936008245635,0.12500472366809845,-0.12073034048080444,-0.02507400967434137,0.13683311641216278,-0.2012021541595459,-0.024667971658260512,0.10287396609783173,-0.236326664686203,-0.023737179937512565,0.11161549389362335,-0.241370290517807,0.002962040591313553,0.12957753241062164,-0.3309316039085388,-0.008343548404724288,0.13504444062709808,-0.38858330249786377,-0.02349360369399278,0.1383715718984604,-0.44145575165748596,-0.036535401719362426,0.07266683876514435,-0.2665947675704956,0.001676266772932422,0.08988513052463531,-0.3704512119293213,-0.008851754369885612,0.10058270394802094,-0.4408777356147766,-0.023842654081732917,0.1094525009393692,-0.5024786293506622,-0.035506670254022765,0.03371866047382355,-0.26804739236831665,-0.004572497105897355,0.05256249010562897,-0.367438942193985,-0.017446490826756644,0.06714047491550446,-0.43019503355026245,-0.030338833930642295,0.07894168794155121,-0.48474225401878357,-0.03965486295774667,-0.0076112300157547,-0.2509743273258209,-0.014292991610915351,0.005569085478782654,-0.32519376277923584,-0.026436093154103446,0.017439112067222595,-0.3706093430519104,-0.03221540235236375,0.02954329550266266,-0.4128212630748749,-0.03679205186918466
A,0.0,0.0,0.0,0.07202593982219696,-0.02793794870376587,-0.025108327197102653,0.12655140459537506,-0.11958396434783936,-0.02609269604292308,0.1385178416967392,-0.20115327835083008,-0.025712345766095268,0.10370181500911713,-0.23704823851585388,-0.024678246157435524,0.11287666857242584,-0.24064749479293823,0.0010884354894926673,0.13204441964626312,-0.33038759231567383,-0.010546767192153084,0.1374383419752121,-0.38942229747772217,-0.025598355608252632,0.14020366966724396,-0.4429468512535095,-0.03852954976466094,0.07432682812213898,-0.26687031984329224,2.1957236441494388e-05,0.0935743898153305,-0.3716053366661072,-0.010393598156241524,0.10491539537906647,-0.44242188334465027,-0.024903620632557022,0.11357302963733673,-0.5031766593456268,-0.03618451677468215,0.03551335632801056,-0.2687598168849945,-0.005935305303154337,0.054815396666526794,-0.36910030245780945,-0.01868590995874797,0.06977729499340057,-0.4315502643585205,-0.031384819226531135,0.08157722651958466,-0.4852534532546997,-0.04066646568682586,-0.005899026989936829,-0.25127744674682617,-0.015383517408935177,0.007182955741882324,-0.32502496242523193,-0.027714324223069298,0.019840329885482788,-0.3704040050506592,-0.03368432916906272,0.03285764157772064,-0.4125913977622986,-0.038417645769385445
A,0.0,0.0,0.0,0.07188305258750916,-0.028907716274261475,-0.02572396174861069,0.1259123980998993,-0.11912751197814941,-0.027466242768298343,0.138759046792984,-0.20034974813461304,-0.02787901610923882,0.10599645972251892,-0.23988592624664307,-0.027732399858962253,0.11363431811332703,-0.2417805790901184,-1.645545768269585e-05,0.13270947337150574,-0.3319990634918213,-0.01228494346929665,0.13833171129226685,-0.3901662230491638,-0.02779562548590775,0.14181244373321533,-0.44390302896499634,-0.04106328413678284,0.07471960783004761,-0.2673839032649994,-0.0010188859733375466,0.09384053945541382,-0.3725148141384125,-0.012290255733262256,0.10518398880958557,-0.4430908262729645,-0.027653947107921795,0.1142464280128479,-0.5051867663860321,-0.039675933875571445,0.03559321165084839,-0.2686012387275696,-0.006925803244541839,0.05525943636894226,-0.3687020540237427,-0.020508067317734913,0.07046490907669067,-0.4312504231929779,-0.033850492544900135,0.08258470892906189,-0.4858555793762207,-0.04355155453873749,-0.006166413426399231,-0.25076815485954285,-0.01632324569715138,0.007630839943885803,-0.3247596323490143,-0.029416335381995395,0.020755857229232788,-0.37044286727905273,-0.035977808393965915,0.03423595428466797,-0.4131007194519043,-0.04108574391199227
A,0.0,0.0,0.0,0.07254341244697571,-0.029157578945159912,-0.02437459559405397,0.12639030814170837,-0.11927968263626099,-0.025520986628180253,0.13861992955207825,-0.20050501823425293,-0.025545448746925103,0.10478132963180542,-0.23825764656066895,-0.024951423269158113,0.11324810981750488,-0.2407592236995697,0.0013608579920401098,0.1332317590713501,-0.3313984274864197,-0.010421885859614122,0.13925713300704956,-0.39037591218948364,-0.02531061762238096,0.14272207021713257,-0.4437645673751831,-0.03803206489646982,0.075010746717453,-0.26667556166648865,2.7630005206447095e-05,0.09519067406654358,-0.37178993225097656,-0.010689614091461408,0.10692563652992249,-0.44264066219329834,-0.025371997367983568,0.11587700247764587,-0.5038877725601196,-0.03677739829981874,0.03632652759552002,-0.2684212327003479,-0.006108696323281038,0.055932193994522095,-0.3685273826122284,-0.018999055710082757,0.07095059752464294,-0.4306443929672241,-0.03185986609423708,0.0826697051525116,-0.484528124332428,-0.041249110114222276,-0.005041629076004028,-0.2509970963001251,-0.015635571193342912,0.008949071168899536,-0.32398390769958496,-0.02804714695776056,0.022416695952415466,-0.36940479278564453,-0.03430720300639223,0.03632795810699463,-0.41180574893951416,-0.03923734159434389
A,0.0,0.0,0.0,0.07164108753204346,-0.027664601802825928,-0.025136456976639465,0.1255342662334442,-0.1180676817893982,-0.02659717496763392,0.13965362310409546,-0.19931674003601074,-0.026808946545230583,0.10581839084625244,-0.23676162958145142,-0.02641309533547087,0.11317673325538635,-0.24191045761108398,0.0005352350645750903,0.13303309679031372,-0.3320370018482208,-0.011274357478129104,0.13934201002120972,-0.39070379734039307,-0.026364891941653923,0.14326438307762146,-0.44446077942848206,-0.03931953680049105,0.07534193992614746,-0.26787376403808594,-0.0006153011699154831,0.09538474678993225,-0.3726322054862976,-0.011191212723957733,0.10744497179985046,-0.4435216188430786,-0.025840762223111824,0.11668920516967773,-0.5056551098823547,-0.03734080788026972,0.036877572536468506,-0.26935380697250366,-0.006625664572226242,0.05663672089576721,-0.3689086139202118,-0.01952787038217707,0.07155415415763855,-0.43088823556900024,-0.03240515213738604,0.08292695879936218,-0.48501676321029663,-0.041789586807595924,-0.004173398017883301,-0.2516581416130066,-0.016128278489219383,0.00932195782661438,-0.32482877373695374,-0.028667747194873527,0.022294163703918457,-0.3704212009906769,-0.035021922702895836,0.03541478514671326,-0.4130355715751648,-0.0400133236898057
A,0.0,0.0,0.0,0.0721113383769989,-0.0272979736328125,-0.026394272695227983,0.1267382800579071,-0.11610198020935059,-0.028650872881456735,0.14071866869926453,-0.19728738069534302,-0.029438993434354188,0.10799828171730042,-0.23625031113624573,-0.029580275068923356,0.1145348846912384,-0.24103635549545288,-0.0011864006583834907,0.13420680165290833,-0.3316197395324707,-0.013940698007985475,0.14030832052230835,-0.39069122076034546,-0.02945626201753271,0.1442866027355194,-0.4443895220756531,-0.042580212007209184,0.07628250122070312,-0.2664169669151306,-0.001914733910865607,0.09636485576629639,-0.37202250957489014,-0.01340316283230436,0.10823804140090942,-0.44322097301483154,-0.02846722352032316,0.1176823079586029,-0.5051740109920502,-0.040136429021998765,0.03742292523384094,-0.2672743797302246,-0.007560008211925151,0.05736014246940613,-0.36775773763656616,-0.02128227288548601,0.07252904772758484,-0.42997801303863525,-0.03425992513720644,0.08478191494941711,-0.48409998416900635,-0.04357279698078287,-0.0040940046310424805,-0.24888494610786438,-0.016777907038971307,0.009235665202140808,-0.32241857051849365,-0.030098539317890527,0.022593051195144653,-0.3684195578098297,-0.03675037855927599,0.03664889931678772,-0.4114619493484497,-0.04179246212069643
A,0.0,0.0,0.0,0.07212579250335693,-0.02694946527481079,-0.026069732675864543,0.1268633008003235,-0.11666041612625122,-0.02784816018731817,0.13994553685188293,-0.19755077362060547,-0.028197286943509425,0.10675585269927979,-0.23581060767173767,-0.027966389725520457,0.11467954516410828,-0.240785151720047,-0.00059765781236365,0.13456064462661743,-0.33089789748191833,-0.013128566848649825,0.1406727433204651,-0.38933467864990234,-0.028716843868210162,0.1444142460823059,-0.4429284930229187,-0.04198052204640135,0.07634392380714417,-0.26664191484451294,-0.0014496014356382148,0.0960332453250885,-0.3720604181289673,-0.012896241913153972,0.10812991857528687,-0.4431004524230957,-0.028413314665272082,0.11784577369689941,-0.5056497156620026,-0.040510183493211116,0.037650495767593384,-0.26789548993110657,-0.0071995941126488106,0.05740809440612793,-0.36789384484291077,-0.02092401340098604,0.0728665292263031,-0.4300728142261505,-0.034490930209472026,0.08525577187538147,-0.48460662364959717,-0.04433080397041067,-0.003485962748527527,-0.25010615587234497,-0.01648082240910753,0.00970613956451416,-0.3234364092350006,-0.029709605793073024,0.022593528032302856,-0.36881589889526367,-0.036513233850314464,0.03596532344818115,-0.4114806056022644,-0.041820625136210765
A,0.0,0.0,0.0,0.07170245051383972,-0.02710103988647461,-0.027095438283623707,0.12657269835472107,-0.11626768112182617,-0.029289783281029713,0.1398945450782776,-0.1975807547569275,-0.030026487377227795,0.10615667700767517,-0.23796528577804565,-0.030099920299591076,0.11533549427986145,-0.24155592918395996,2.4402639127174552e-05,0.13469642400741577,-0.33205342292785645,-0.012430106592120183,0.14043864607810974,-0.390769898891449,-0.028315428015531552,0.14416545629501343,-0.4449714124202728,-0.04187288444930459,0.07656830549240112,-0.2674601972103119,-0.0004795220270636946,0.09582045674324036,-0.3725004196166992,-0.011973753873945725,0.10759535431861877,-0.4437791705131531,-0.0280614787011757,0.1172315776348114,-0.5068062245845795,-0.040594532456935895,0.037472039461135864,-0.2685210406780243,-0.006049424712301743,0.05721104145050049,-0.3680652976036072,-0.019836814445199025,0.07247722148895264,-0.43063613772392273,-0.03375371482664491,0.08474019169807434,-0.4855848550796509,-0.0438054123192444,-0.00384637713432312,-0.2504453659057617,-0.015272289816977036,0.00948268175125122,-0.3243069648742676,-0.02849931020730878,0.022347986698150635,-0.3697522282600403,-0.03537830647522355,0.03592991828918457,-0.41244781017303467,-0.04069046240741159
A,0.0,0.0,0.0,0.07147550582885742,-0.02742522954940796,-0.02639251050374014,0.12593615055084229,-0.11574333906173706,-0.02888287079355223,0.14001286029815674,-0.1969670057296753,-0.02989670854827864,0.10653316974639893,-0.23603376746177673,-0.030492414131970236,0.1141984760761261,-0.23946711421012878,-0.0024320065213601083,0.1342313289642334,-0.3296389579772949,-0.015546381816477606,0.14021888375282288,-0.38872572779655457,-0.03138811175546152,0.143955796957016,-0.4431561827659607,-0.044919185683340856,0.07585912942886353,-0.2654736638069153,-0.0035339266697178573,0.09553101658821106,-0.3714842200279236,-0.015862318098754713,0.10713690519332886,-0.4429941177368164,-0.03173900057396395,0.11646482348442078,-0.5060372650623322,-0.04407709126195414,0.03692471981048584,-0.26675039529800415,-0.009428193204314539,0.057618528604507446,-0.3677169680595398,-0.02422275987288458,0.0727965235710144,-0.4310328960418701,-0.038240075454325506,0.08503371477127075,-0.48669999837875366,-0.04832765121778948,-0.004624068737030029,-0.2490549087524414,-0.0187681805046509,0.009184062480926514,-0.32298851013183594,-0.03310070966205103,0.022402390837669373,-0.3686121106147766,-0.04040773619732363,0.036191731691360474,-0.4113571047782898,-0.045977928087324926
A,0.0,0.0,0.0,0.07114356756210327,-0.0278017520904541,-0.025533665359660063,0.12477996945381165,-0.1177823543548584,-0.027463943154259596,0.1382594108581543,-0.199199378490448,-0.028084738568111334,0.10319441556930542,-0.23600497841835022,-0.02829863542382327,0.11123150587081909,-0.2406296730041504,-0.0010714434708347653,0.13067710399627686,-0.3305250108242035,-0.0134498844078621,0.13707563281059265,-0.38933879137039185,-0.02886272633139697,0.14139994978904724,-0.44346046447753906,-0.042123258501931105,0.07340726256370544,-0.26635268330574036,-0.002447620422287855,0.09271275997161865,-0.3717290461063385,-0.013777873866899881,0.10523515939712524,-0.44280463457107544,-0.028975798205181036,0.11522018909454346,-0.5056017339229584,-0.04093085640732852,0.03498300909996033,-0.2674623727798462,-0.008609443359716806,0.05426672101020813,-0.36755645275115967,-0.02236282119218913,0.07015109062194824,-0.43065011501312256,-0.03591388130251971,0.08293581008911133,-0.48607125878334045,-0.04580891543690768,-0.0059580206871032715,-0.249647319316864,-0.018225038812204275,0.00663621723651886,-0.32420817017555237,-0.03148263359133807,0.019876673817634583,-0.3698727488517761,-0.03820898422662822,0.03369027376174927,-0.4124488830566406,-0.04355981984798518
A,0.0,0.0,0.0,0.07126390933990479,-0.02753627300262451,-0.026101754515991615,0.1254478394985199,-0.11684060096740723,-0.02844556374810736,0.13709795475006104,-0.19834142923355103,-0.029232358097658562,0.10101500153541565,-0.23472267389297485,-0.02952913148664038,0.11363670229911804,-0.23971688747406006,-0.0016848534611995092,0.13207241892814636,-0.33023470640182495,-0.013881928756461548,0.13746878504753113,-0.38890665769577026,-0.02892147144638102,0.14060509204864502,-0.4420695900917053,-0.04182189843021433,0.07464373111724854,-0.2658045291900635,-0.002714957812429475,0.09339171648025513,-0.372508704662323,-0.014044702522085117,0.10533133149147034,-0.4430920481681824,-0.028803584634886192,0.11505386233329773,-0.50412517786026,-0.04023693269454043,0.03538477420806885,-0.2674008309841156,-0.008566147185490536,0.05418139696121216,-0.36895161867141724,-0.022501432805881905,0.06987205147743225,-0.4316023588180542,-0.03581261402331393,0.08313396573066711,-0.4854365587234497,-0.04535519099198382,-0.0064920783042907715,-0.2502921521663666,-0.017866344660149025,0.005883067846298218,-0.3255615830421448,-0.031235925390944885,0.018966421484947205,-0.37062108516693115,-0.03771611070595782,0.03303349018096924,-0.4120423197746277,-0.042749458461628365
A,0.0,0.0,0.0,0.0718008279800415,-0.026912450790405273,-0.027177967137276937,0.12646320462226868,-0.11788332462310791,-0.029276035732209493,0.13822728395462036,-0.20155024528503418,-0.029628105467736532,0.10358041524887085,-0.23991096019744873,-0.029259374371349622,0.11410537362098694,-0.23945221304893494,-0.0013041015542967216,0.13249102234840393,-0.3310573399066925,-0.013637048198461343,0.13769114017486572,-0.389967679977417,-0.028742926201402952,0.14064916968345642,-0.4427868723869324,-0.04152194597440939,0.07502120733261108,-0.26547831296920776,-0.0013650460230110184,0.09362214803695679,-0.37264248728752136,-0.012355993507981111,0.10471281409263611,-0.4435690641403198,-0.026940613991200735,0.11346787214279175,-0.5041751861572266,-0.03817378543931227,0.03607052564620972,-0.26719653606414795,-0.006433956796854545,0.054605334997177124,-0.36864912509918213,-0.01968402602392416,0.06887808442115784,-0.43097108602523804,-0.03241404705363493,0.0801917016506195,-0.48417332768440247,-0.04158870317655783,-0.005665034055709839,-0.2502099275588989,-0.015133041894614507,0.0065124183893203735,-0.32356107234954834,-0.027807245037138273,0.018735378980636597,-0.36870861053466797,-0.034097785136282255,0.031501248478889465,-0.41049671173095703,-0.038967372855722715
A,0.0,0.0,0.0,0.07240134477615356,-0.028309285640716553,-0.023947155910747142,0.12618961930274963,-0.11844044923782349,-0.025875854182260127,0.13749918341636658,-0.20006942749023438,-0.026763093534128757,0.10635006427764893,-0.2375703752040863,-0.02722188724877128,0.1112382709980011,-0.24468326568603516,-0.000647371220139803,0.1303097903728485,-0.3357809782028198,-0.013019089463369937,0.13635936379432678,-0.3934636116027832,-0.028210599783079715,0.13890501856803894,-0.44571971893310547,-0.04090303822161445,0.072873055934906,-0.2681958079338074,-0.0027610025063324883,0.09121143817901611,-0.3759129047393799,-0.013551136355118842,0.10243600606918335,-0.4465678036212921,-0.02809723361136207,0.10978725552558899,-0.5072755813598633,-0.03937836630942115,0.03465765714645386,-0.26795846223831177,-0.009548718917386623,0.05195528268814087,-0.36948060989379883,-0.02257573126556167,0.06605947017669678,-0.4337347745895386,-0.03572422905565986,0.07591697573661804,-0.48880475759506226,-0.04521259187461624,-0.006447494029998779,-0.2490827441215515,-0.019602679523842426,0.0047445595264434814,-0.3262408971786499,-0.03209068520666847,0.01689833402633667,-0.3735312819480896,-0.03836793347002754,0.028665482997894287,-0.4161384403705597,-0.04321186138989219
A,0.0,0.0,0.0,0.07214626669883728,-0.03211987018585205,-0.022798771309481936,0.12355387210845947,-0.1216544508934021,-0.02581336562596448,0.13116291165351868,-0.20131659507751465,-0.0279483369465936,0.10247239470481873,-0.24242058396339417,-0.029492896321045237,0.10935887694358826,-0.24546200037002563,-0.0029491014227289725,0.1279359757900238,-0.3379923105239868,-0.016830219226704912,0.13266968727111816,-0.3958222270011902,-0.032089850204812365,0.1333393156528473,-0.4475986063480377,-0.04432070841156133,0.07088235020637512,-0.26838797330856323,-0.005661538607256489,0.08940389752388,-0.37768271565437317,-0.017238974842058497,0.09941723942756653,-0.4476490020751953,-0.031105296957122164,0.10509780049324036,-0.5070091187953949,-0.0416170566257108,0.03267502784729004,-0.26721590757369995,-0.012802250954138117,0.048965901136398315,-0.3709747791290283,-0.025762219252811747,0.06135743856430054,-0.4337542951107025,-0.03791503449045308,0.06940683722496033,-0.4878718852996826,-0.04669652720056661,-0.008286118507385254,-0.24661478400230408,-0.02305939634405263,0.002297729253768921,-0.3231746256351471,-0.0353607221420873,0.013845577836036682,-0.3708711862564087,-0.041438473659383135,0.024755269289016724,-0.4145087003707886,-0.046019668030368166
A,0.0,0.0,0.0,0.07187384366989136,-0.034282028675079346,-0.018005550502721235,0.11991935968399048,-0.1273159384727478,-0.01914292260903494,0.1286754608154297,-0.20428180694580078,-0.02038408875364439,0.09880086779594421,-0.24272730946540833,-0.02123342513937132,0.10518386960029602,-0.24679774045944214,0.0006426880588605854,0.12351131439208984,-0.33957505226135254,-0.012353418058637544,0.12826284766197205,-0.39692550897598267,-0.026698293759409353,0.1285073161125183,-0.4476865828037262,-0.03825852706927435,0.06867516040802002,-0.2688252329826355,-0.004035103729847833,0.08730369806289673,-0.3774567246437073,-0.014884194022897645,0.09746035933494568,-0.44681796431541443,-0.027636794968429967,0.102333664894104,-0.5056107640266418,-0.037232228218499586,0.03186008334159851,-0.2671489417552948,-0.012827908283952638,0.047597676515579224,-0.3702976107597351,-0.02497289761799948,0.05930083990097046,-0.4326789975166321,-0.03640455812114851,0.06615960597991943,-0.4874361455440521,-0.04482118099826948,-0.0069372206926345825,-0.2461581528186798,-0.024346959440890714,0.0027885735034942627,-0.32036542892456055,-0.036165178417149946,0.01284053921699524,-0.3676481544971466,-0.04201848119396345,0.02189791202545166,-0.41153138875961304,-0.04655935674804823
A,0.0,0.0,0.0,0.0694858729839325,-0.034915924072265625,-0.01637041789079774,0.11603009700775146,-0.12749862670898438,-0.018529937011848574,0.12737354636192322,-0.20249712467193604,-0.021100005475531702,0.09836810827255249,-0.23948851227760315,-0.023497009990464335,0.1034623384475708,-0.2449791431427002,-0.0016577136616291455,0.12306356430053711,-0.33765286207199097,-0.015686055985938196,0.12832993268966675,-0.3938808739185333,-0.030227344823728686,0.12840956449508667,-0.4435524046421051,-0.04173457284058202,0.06934046745300293,-0.2639163136482239,-0.007710364056478625,0.08997371792793274,-0.3726782500743866,-0.019420974297176485,0.10098236799240112,-0.44195494055747986,-0.03208604861582387,0.10523653030395508,-0.5004294812679291,-0.041608561170946246,0.03402012586593628,-0.25963646173477173,-0.017594853756676798,0.05070805549621582,-0.3626846671104431,-0.03028069284344781,0.06253546476364136,-0.4263002872467041,-0.04145993326390851,0.0687083899974823,-0.4818672835826874,-0.04979533363665212,-0.003107517957687378,-0.2368043065071106,-0.030010918495904093,0.007430911064147949,-0.31075549125671387,-0.042348634792219286,0.017070874571800232,-0.3600350022315979,-0.04838442836488355,0.02521413564682007,-0.4056549668312073,-0.0531694966980325
A,0.0,0.0,0.0,0.06754206120967865,-0.03717529773712158,-0.010326349509540478,0.11250640451908112,-0.12645787000656128,-0.011644936499777714,0.1276618093252182,-0.19621413946151733,-0.014681227838281075,0.10470782220363617,-0.23195111751556396,-0.017830656243148724,0.10219885408878326,-0.24203863739967346,0.0007132993357856776,0.12253604829311371,-0.3352532982826233,-0.01315757758695213,0.1293894201517105,-0.38994553685188293,-0.0270429079957637,0.1307966262102127,-0.4382682144641876,-0.037994825614276806,0.07181589305400848,-0.2577142119407654,-0.008671752510252873,0.09370945394039154,-0.36622893810272217,-0.020622994152489582,0.10562710464000702,-0.4353688955307007,-0.03291446096974937,0.1096312552690506,-0.4946044981479645,-0.04216078050214378,0.039659544825553894,-0.2515586018562317,-0.02134454563039867,0.05723677575588226,-0.3555678129196167,-0.03427806623059837,0.06881429255008698,-0.4191091060638428,-0.04496336109716026,0.07415004074573517,-0.47483012080192566,-0.05289025358635513,0.005871430039405823,-0.22714883089065552,-0.035967973393979946,0.015560850501060486,-0.30184417963027954,-0.04837716124731628,0.024560436606407166,-0.3514913022518158,-0.05420125029760925,0.03163503110408783,-0.3966655731201172,-0.05882681660133926
A,0.0,0.0,0.0,0.06893619894981384,-0.03371483087539673,-0.010355242371005602,0.1155940592288971,-0.11911696195602417,-0.012017006828827448,0.13112610578536987,-0.18940573930740356,-0.015424839995247908,0.1094369888305664,-0.224554181098938,-0.01898313484285552,0.10649284720420837,-0.2347722053527832,0.00031472816466759923,0.12690496444702148,-0.3268558382987976,-0.012999531655950136,0.13588851690292358,-0.38116538524627686,-0.026175828493578024,0.1409704089164734,-0.4292488098144531,-0.03695588543210704,0.07977226376533508,-0.25013217329978943,-0.009112743503791876,0.10251396894454956,-0.35739362239837646,-0.02101385950241763,0.11560997366905212,-0.4265906810760498,-0.03318832426462848,0.12152376770973206,-0.4854717552661896,-0.04245221599136073,0.05089631676673889,-0.24402660131454468,-0.021777897916180677,0.06812816858291626,-0.347088485956192,-0.03484423815403659,0.07987433671951294,-0.4118022918701172,-0.046296428732020445,0.08596375584602356,-0.4689996838569641,-0.05484428986106593,0.019932210445404053,-0.22026199102401733,-0.03636757641230304,0.029882162809371948,-0.2951318621635437,-0.0492702981749602,0.03804704546928406,-0.34552133083343506,-0.056173659704072065,0.04372870922088623,-0.3920256793498993,-0.061663236312014647
A,0.0,0.0,0.0,0.06773912906646729,-0.034091413021087646,-0.008675322509944294,0.11417660117149353,-0.11693716049194336,-0.011496157958745812,0.12932175397872925,-0.18338942527770996,-0.016426844164371346,0.11359220743179321,-0.22114086151123047,-0.021729351594686364,0.10458618402481079,-0.23472151160240173,-0.002351219873517607,0.12706845998764038,-0.32658272981643677,-0.017747440948724602,0.13644933700561523,-0.3809678256511688,-0.03177919203007207,0.14101597666740417,-0.430807888507843,-0.043106454997897004,0.07916808128356934,-0.2465290129184723,-0.013768097959101055,0.10509362816810608,-0.3531654477119446,-0.027988571315646027,0.1198098361492157,-0.42121192812919617,-0.041004925608277176,0.1268981695175171,-0.4814302325248718,-0.050808310150742386,0.0508078932762146,-0.23669344186782837,-0.02818293274903283,0.07120570540428162,-0.34090256690979004,-0.043280712902188156,0.08478814363479614,-0.40241605043411255,-0.05439220705592618,0.09284132719039917,-0.4581814706325531,-0.0625630986090897,0.020437270402908325,-0.20984810590744019,-0.044244300216078614,0.031971752643585205,-0.2844749093055725,-0.059017259269595,0.042792558670043945,-0.33499568700790405,-0.0663349550362824,0.051550716161727905,-0.3828679621219635,-0.0719598602648972
A,0.0,0.0,0.0,0.06800338625907898,-0.03401362895965576,-0.007876184580311474,0.11409002542495728,-0.11683601140975952,-0.01026529613642424,0.1287972629070282,-0.1825697422027588,-0.015013437529489693,0.11341118812561035,-0.22212636470794678,-0.02023879326640099,0.10288968682289124,-0.23303410410881042,-0.001317562812403139,0.12597447633743286,-0.32363662123680115,-0.016721322012529072,0.13574576377868652,-0.3780743479728699,-0.030718321723327335,0.14091619849205017,-0.4280349016189575,-0.04204492717741459,0.07895246148109436,-0.24452778697013855,-0.013150433821067509,0.10582301020622253,-0.3503947854042053,-0.027505651859030422,0.12062987685203552,-0.4187226891517639,-0.040764999387249645,0.12782227993011475,-0.47936221957206726,-0.05074705257771939,0.05162322521209717,-0.23474904894828796,-0.027974326906189617,0.07295385003089905,-0.3376520574092865,-0.043334268776163754,0.08658510446548462,-0.3994103670120239,-0.05478379577158421,0.09440216422080994,-0.45557186007499695,-0.06318980157135456,0.022378012537956238,-0.20838600397109985,-0.04431998803971737,0.03453242778778076,-0.2818898558616638,-0.05930223017691105,0.04506254196166992,-0.3322710692882538,-0.06681484430788487,0.052913516759872437,-0.3800784945487976,-0.07260928749798268
A,0.0,0.0,0.0,0.06803882122039795,-0.03566783666610718,-0.004134465872638771,0.11190924048423767,-0.11759757995605469,-0.006064077771597454,0.12766128778457642,-0.17960810661315918,-0.011046459365033456,0.11677449941635132,-0.21863219141960144,-0.01688513199552233,0.10299241542816162,-0.23018747568130493,-0.0011119309834697333,0.12656450271606445,-0.3201703131198883,-0.01673416088088686,0.1368127167224884,-0.3743560016155243,-0.030568683917962858,0.14258277416229248,-0.42435234785079956,-0.041985586683594533,0.0801178514957428,-0.239406019449234,-0.015271448928260156,0.10689696669578552,-0.3463093638420105,-0.030453961740576574,0.12174004316329956,-0.4138968288898468,-0.04394258971079523,0.12956738471984863,-0.4744523763656616,-0.05424710030420954,0.05341467261314392,-0.22777092456817627,-0.03197804133161242,0.07442706823348999,-0.3315519094467163,-0.04807895834311182,0.08793041110038757,-0.39319127798080444,-0.059646346072995016,0.096396803855896,-0.4497438073158264,-0.06836547369822199,0.0253562331199646,-0.1999337077140808,-0.04977559338077242,0.03723880648612976,-0.273246169090271,-0.06567222292288477,0.04784923791885376,-0.3245947062969208,-0.07370608712299997,0.056238263845443726,-0.3740949034690857,-0.08005764747723276
A,0.0,0.0,0.0,0.06877769529819489,-0.03707164525985718,-0.0021579542181484612,0.11141596734523773,-0.11876225471496582,-0.0029144891987584742,0.12615953385829926,-0.1787031888961792,-0.007153179681210986,0.11871562898159027,-0.21824911236763,-0.012294355498909226,0.10178013145923615,-0.22922629117965698,0.0016279590099088637,0.12548048794269562,-0.3183228075504303,-0.013159611912726632,0.13688229024410248,-0.3712741732597351,-0.02649379772907423,0.14392881095409393,-0.42032256722450256,-0.037632216418444386,0.0798523873090744,-0.23807239532470703,-0.013443735147177449,0.10712601244449615,-0.3446958661079407,-0.028048558811008206,0.1229882687330246,-0.4118773639202118,-0.041706123108326665,0.13179846107959747,-0.4718744456768036,-0.05225887214606928,0.05426056683063507,-0.2265324592590332,-0.030993244329749814,0.07603441178798676,-0.329052209854126,-0.04675722187226938,0.09002311527729034,-0.3910117745399475,-0.05893449177807497,0.09895114600658417,-0.4475692808628082,-0.06818400760954546,0.027383238077163696,-0.19867312908172607,-0.04941747402614283,0.03963698446750641,-0.27151772379875183,-0.0651718719846599,0.050344184041023254,-0.3229586184024811,-0.07350103249615358,0.058595046401023865,-0.3722233176231384,-0.08018632670706438
A,0.0,0.0,0.0,0.06832346320152283,-0.037116825580596924,-0.002345789708385837,0.11158996820449829,-0.12269121408462524,-0.0016578245164851069,0.12694701552391052,-0.18643784523010254,-0.004465064285511744,0.11454698443412781,-0.2191271185874939,-0.008003994608486664,0.10002976655960083,-0.23160213232040405,0.005979005927031267,0.12281578779220581,-0.3169952929019928,-0.006566337561423552,0.1340990662574768,-0.36742886900901794,-0.019185918169284832,0.14150148630142212,-0.41434231400489807,-0.030061087357069027,0.07799986004829407,-0.24224773049354553,-0.008634187067116272,0.10343849658966064,-0.34745293855667114,-0.020973176481390965,0.11971157789230347,-0.41451695561408997,-0.033727367194558155,0.1285158395767212,-0.4738640785217285,-0.04358876568284131,0.05277359485626221,-0.23165076971054077,-0.02598633316364385,0.07243859767913818,-0.33266502618789673,-0.03984170106258489,0.08558380603790283,-0.394845187664032,-0.05124270242657758,0.09350961446762085,-0.4515017569065094,-0.05996393111553289,0.026020094752311707,-0.2050330638885498,-0.044450715901518834,0.03655797243118286,-0.2784554660320282,-0.058267523320580494,0.047608882188797,-0.3285704255104065,-0.06548681554403402,0.056610703468322754,-0.3761661648750305,-0.07150871750917531
A,0.0,0.0,0.0,0.06855811178684235,-0.036877334117889404,-0.004302338868996003,0.11301453411579132,-0.1224554181098938,-0.004807263319065669,0.12846894562244415,-0.18727636337280273,-0.008326198612024882,0.11245284974575043,-0.21907636523246765,-0.012355472598841288,0.10162176191806793,-0.2351316511631012,0.002887515877688429,0.1233627051115036,-0.3232685327529907,-0.010502999354770282,0.13326482474803925,-0.37577956914901733,-0.02360177755790005,0.13877443969249725,-0.4242188334465027,-0.03485636756258259,0.07875533401966095,-0.24491751194000244,-0.010703925680985549,0.10360930860042572,-0.3499283790588379,-0.023722594310214618,0.11819876730442047,-0.416872501373291,-0.036460343454649546,0.12530268728733063,-0.4758414328098297,-0.04632391006188641,0.052809640765190125,-0.23313096165657043,-0.02705736056404362,0.07235057651996613,-0.33393698930740356,-0.041401866529753306,0.08494134247303009,-0.3955994248390198,-0.05276938498454342,0.09238268435001373,-0.45169270038604736,-0.06142105505304585,0.02556191384792328,-0.2043468952178955,-0.04470727935867558,0.03631950914859772,-0.2764773964881897,-0.05906976730065594,0.04625155031681061,-0.32747000455856323,-0.06675952271061192,0.0537923127412796,-0.37565964460372925,-0.0730367411716486
A,0.0,0.0,0.0,0.06800371408462524,-0.037067413330078125,-0.0050417091455585705,0.1128283441066742,-0.12121868133544922,-0.006517892213565801,0.12855097651481628,-0.18627285957336426,-0.01090934311415026,0.11358383297920227,-0.22144940495491028,-0.01573446576858828,0.1020989716053009,-0.23463225364685059,0.0017381607563891066,0.12366291880607605,-0.3237897455692291,-0.012285537993562912,0.13327306509017944,-0.3766058385372162,-0.02567023967768023,0.1386587917804718,-0.42522358894348145,-0.036957658803117965,0.07884329557418823,-0.24476704001426697,-0.011668485565138553,0.1040465235710144,-0.3506494164466858,-0.0250007398184664,0.11881458759307861,-0.4179374575614929,-0.03771781918968031,0.1261451542377472,-0.4771957993507385,-0.04756691304410765,0.052392810583114624,-0.2334631383419037,-0.027920622354400848,0.07267218828201294,-0.335132360458374,-0.04247067866290877,0.08535453677177429,-0.3968445658683777,-0.053524952357662414,0.09285527467727661,-0.45263659954071045,-0.06195890528525183,0.0245082825422287,-0.20538169145584106,-0.04552855340207884,0.03654518723487854,-0.2780776619911194,-0.060016985958469604,0.046690672636032104,-0.32926106452941895,-0.06748043370808432,0.05434653162956238,-0.3773000240325928,-0.07352882248724768
A,0.0,0.0,0.0,0.06763960421085358,-0.03547990322113037,-0.007111666448537335,0.11280877888202667,-0.12224477529525757,-0.008713043950621113,0.12605814635753632,-0.18966805934906006,-0.012734465956810936,0.10974450409412384,-0.2227885127067566,-0.017075875498477444,0.10239182412624359,-0.2380489706993103,0.0009374999053477495,0.12308476865291595,-0.3263325095176697,-0.012827319748822674,0.13217712938785553,-0.37843507528305054,-0.026175796710077748,0.13725917041301727,-0.42657285928726196,-0.03743779445451878,0.07739157974720001,-0.24876955151557922,-0.011369744040194973,0.10194091498851776,-0.3541719913482666,-0.024404570184771046,0.11649678647518158,-0.4207266569137573,-0.03696444044274472,0.12397803366184235,-0.4796430468559265,-0.046486871041480526,0.04964999854564667,-0.23728471994400024,-0.026707613565150723,0.06907351315021515,-0.33918923139572144,-0.04126240471762799,0.08178018033504486,-0.4012075662612915,-0.05242228294176243,0.0896562784910202,-0.4574098289012909,-0.06065086434048794,0.020413920283317566,-0.20898336172103882,-0.04357553059620045,0.032155558466911316,-0.28330135345458984,-0.05794021273416661,0.04279141128063202,-0.3339577615261078,-0.06515056426090382,0.0511898547410965,-0.3811699450016022,-0.07081804955763005
A,0.0,0.0,0.0,0.06607988476753235,-0.03521353006362915,-0.009607480990354134,0.11087539792060852,-0.12517666816711426,-0.010859109612766815,0.12447762489318848,-0.19358134269714355,-0.014103353174988342,0.10632818937301636,-0.228505939245224,-0.017382978613142086,0.09855559468269348,-0.24272871017456055,0.001915222348060297,0.11913695931434631,-0.3309946656227112,-0.011354337597850872,0.127473384141922,-0.38325104117393494,-0.024893385509614063,0.1310374140739441,-0.4311433434486389,-0.036178984830741,0.07191735506057739,-0.25508955121040344,-0.008467926795248104,0.09588935971260071,-0.35863491892814636,-0.020584148506287647,0.11007571220397949,-0.4250004291534424,-0.033240710536603046,0.11667093634605408,-0.48383745551109314,-0.042930261383418156,0.04308134317398071,-0.24550917744636536,-0.022263196448449207,0.06240394711494446,-0.3454398810863495,-0.03584154431021602,0.07528084516525269,-0.40643423795700073,-0.04700390357768924,0.08246147632598877,-0.4617708921432495,-0.05534492913878353,0.012662336230278015,-0.21895498037338257,-0.03790911395347507,0.023661643266677856,-0.2918805480003357,-0.05137831080949695,0.03424668312072754,-0.34163230657577515,-0.05831505839026363,0.042733609676361084,-0.3883180618286133,-0.06385158855712803
A,0.0,0.0,0.0,0.06625768542289734,-0.03191417455673218,-0.01421101536777769,0.11123451590538025,-0.11865395307540894,-0.016178616845877514,0.12423792481422424,-0.19031363725662231,-0.019068028369815693,0.10069894790649414,-0.23188605904579163,-0.02192668203440462,0.09983992576599121,-0.24036619067192078,0.0005316972971058931,0.11834406852722168,-0.3293909728527069,-0.01254857197579895,0.12569290399551392,-0.3827921748161316,-0.026785969326169834,0.12927255034446716,-0.43126100301742554,-0.03823954198685442,0.06964308023452759,-0.257413774728775,-0.006274157261373148,0.09137657284736633,-0.360891729593277,-0.017293454671175823,0.10460725426673889,-0.42762869596481323,-0.03021305199888502,0.11158165335655212,-0.48605844378471375,-0.040084100851686344,0.03805041313171387,-0.2529114782810211,-0.016682812536032543,0.05631563067436218,-0.35158586502075195,-0.02853625785735403,0.06910037994384766,-0.41250723600387573,-0.03936263505545412,0.07674962282180786,-0.46693405508995056,-0.047479770669610843,0.0043724775314331055,-0.23093733191490173,-0.02943544048991953,0.014787241816520691,-0.30278337001800537,-0.04107006225910936,0.024636030197143555,-0.35043710470199585,-0.04682566929784571,0.033007800579071045,-0.39440035820007324,-0.051325030216844425
A,0.0,0.0,0.0,0.06943923234939575,-0.0308263897895813,-0.019683017369032996,0.11829236149787903,-0.11866182088851929,-0.022925301428557532,0.13066065311431885,-0.19789022207260132,-0.025769340779305594,0.0985797643661499,-0.24109148979187012,-0.028434534530759947,0.10599160194396973,-0.2359611690044403,-0.0030823126171242166,0.12679672241210938,-0.3237452208995819,-0.01707850487125029,0.13274681568145752,-0.3789299428462982,-0.03233349041235556,0.13506409525871277,-0.4291296899318695,-0.04458412246000876,0.07160800695419312,-0.25867462158203125,-0.007153707995684044,0.09380701184272766,-0.3637029528617859,-0.018178499277354376,0.10673925280570984,-0.43037259578704834,-0.03106112309885134,0.11464065313339233,-0.4882083237171173,-0.04105109439385046,0.03575789928436279,-0.2579565644264221,-0.015210228014410632,0.05466794967651367,-0.3579249382019043,-0.027380674119712012,0.06806853413581848,-0.4186587333679199,-0.038130142699600356,0.07675725221633911,-0.4726284146308899,-0.04624326245081534,-0.003269374370574951,-0.23853713274002075,-0.026017819504858153,0.008073568344116211,-0.31177252531051636,-0.03757447467339148,0.019522041082382202,-0.35871434211730957,-0.04269091130387892,0.029844999313354492,-0.4021695554256439,-0.04680855290186514
A,0.0,0.0,0.0,0.07203367352485657,-0.023539304733276367,-0.024950342322085817,0.12680381536483765,-0.10829126834869385,-0.027687264675591905,0.14062657952308655,-0.19056212902069092,-0.02872140712509008,0.10919851064682007,-0.23222792148590088,-0.029087701881621797,0.12052679061889648,-0.23043793439865112,-0.002561296638418753,0.14480385184288025,-0.3180284798145294,-0.014589852722679097,0.1520337462425232,-0.3727923035621643,-0.029069729218576867,0.1541242003440857,-0.4211021065711975,-0.04067948840031477,0.08410820364952087,-0.25660136342048645,-0.002786920707990248,0.10862115025520325,-0.3610691726207733,-0.011553208412919957,0.11999502778053284,-0.42767107486724854,-0.024007691139672716,0.1255900263786316,-0.4828866720199585,-0.03364862508544775,0.04618307948112488,-0.25902456045150757,-0.007525660166834314,0.06676214933395386,-0.35579758882522583,-0.01775681048104616,0.08112531900405884,-0.41445159912109375,-0.028572714025472123,0.09014859795570374,-0.46327459812164307,-0.036620289156530816,0.0037896335124969482,-0.242244690656662,-0.01560543856987806,0.016764119267463684,-0.3130350410938263,-0.02570481977829786,0.029100626707077026,-0.3580801486968994,-0.030449971625898797,0.04019621014595032,-0.39832228422164917,-0.034080792287682016
A,0.0,0.0,0.0,0.07526326179504395,-0.016748011112213135,-0.02782702050447483,0.1383739411830902,-0.0977027416229248,-0.030007736527323914,0.1568702757358551,-0.1821885108947754,-0.030480822318196488,0.12170428037643433,-0.22321975231170654,-0.029890993379950714,0.1361190378665924,-0.2198498249053955,0.0041678340612349984,0.16522687673568726,-0.30367472767829895,-0.00596202514410038,0.17631319165229797,-0.35690003633499146,-0.020611537390351486,0.18412277102470398,-0.40476545691490173,-0.03321858286201973,0.10100802779197693,-0.24981528520584106,0.005118260390162277,0.12954246997833252,-0.3487074077129364,-0.0032380814691634896,0.14482387900352478,-0.41409415006637573,-0.017432378374934387,0.15575489401817322,-0.4699347913265228,-0.02901677205503006,0.06317934393882751,-0.2563580274581909,0.0005730318925714073,0.09018942713737488,-0.3485734462738037,-0.010900185213387203,0.10922715067863464,-0.40532025694847107,-0.023868370571136666,0.12277641892433167,-0.4527035355567932,-0.03355667158305664,0.020120561122894287,-0.24558410048484802,-0.007760890529453945,0.04024265706539154,-0.3143528699874878,-0.019272278764248085,0.056050628423690796,-0.35788220167160034,-0.025824302577376557,0.07087835669517517,-0.39794474840164185,-0.031158614673614693
A,0.0,0.0,0.0,0.07371130585670471,-0.0124930739402771,-0.027624043252217234,0.13784101605415344,-0.08638942241668701,-0.03099755252515024,0.15898528695106506,-0.16862648725509644,-0.032697972457754076,0.12699154019355774,-0.21586918830871582,-0.03356414715563005,0.14118540287017822,-0.20710253715515137,0.0004078336114616832,0.174051433801651,-0.2899055480957031,-0.011307856615530909,0.1880701780319214,-0.3431622385978699,-0.02642035539065546,0.19969969987869263,-0.3918765187263489,-0.03948552961264795,0.10868677496910095,-0.24021172523498535,0.0004174450641585281,0.1421731412410736,-0.33862078189849854,-0.009985837701606215,0.1612030267715454,-0.4034959077835083,-0.025129404466497363,0.17699873447418213,-0.4605884850025177,-0.03743404577289766,0.07191315293312073,-0.2502339482307434,-0.004780558019774617,0.10421732068061829,-0.34217745065689087,-0.017985012929784716,0.1255979835987091,-0.3985328674316406,-0.03186865950738138,0.1427171230316162,-0.4476255178451538,-0.04228062609945482,0.028621405363082886,-0.24341559410095215,-0.01361321340118593,0.05160796642303467,-0.31101053953170776,-0.027142838191139163,0.06937667727470398,-0.35388416051864624,-0.03505685980235285,0.0868607759475708,-0.3941228687763214,-0.04134064595018572
A,0.0,0.0,0.0,0.07442599534988403,-0.008750498294830322,-0.029111534128503536,0.1410168707370758,-0.07486295700073242,-0.03419635794551823,0.16542142629623413,-0.15498995780944824,-0.03739548824222538,0.13678142428398132,-0.20583981275558472,-0.03996551013977978,0.14808300137519836,-0.19881391525268555,-0.0037319834852382883,0.18237322568893433,-0.2797481119632721,-0.017892408887462352,0.19859400391578674,-0.33447882533073425,-0.03460156522186253,0.21286696195602417,-0.38555940985679626,-0.048856090525703166,0.11618009209632874,-0.23379015922546387,-0.00397322490306351,0.15342235565185547,-0.3310773968696594,-0.016801537717299198,0.17640429735183716,-0.39497512578964233,-0.03334528557451222,0.19699567556381226,-0.4522634744644165,-0.04645131878049824,0.07930141687393188,-0.24478015303611755,-0.009330225879864429,0.11480626463890076,-0.3358084559440613,-0.024865710879282688,0.13965153694152832,-0.3919743299484253,-0.039625521520690654,0.1613752841949463,-0.44227755069732666,-0.050314225027875636,0.035450369119644165,-0.2387849986553192,-0.018344882647113536,0.06040105223655701,-0.3058685064315796,-0.0339806338349149,0.08081087470054626,-0.34806913137435913,-0.042704939613656734,0.10175445675849915,-0.38827264308929443,-0.04926211736591313
A,0.0,0.0,0.0,0.07367046177387238,-0.0064064860343933105,-0.02931238112535084,0.1414857655763626,-0.06802308559417725,-0.03494544287707413,0.16712139546871185,-0.14802217483520508,-0.03847423901345337,0.14117856323719025,-0.20233964920043945,-0.04140162428404892,0.15204398334026337,-0.1925247311592102,-0.0060620271370908085,0.18831820785999298,-0.2729130983352661,-0.020893286518116838,0.2058095782995224,-0.32788559794425964,-0.03803680425073708,0.22160355746746063,-0.3795754611492157,-0.052499983064194566,0.12034724652767181,-0.23013466596603394,-0.006216957769652254,0.15936852991580963,-0.32630690932273865,-0.019528099871536142,0.18394269049167633,-0.38955557346343994,-0.03635651206161583,0.20637290179729462,-0.44648003578186035,-0.04958723445918167,0.08352033793926239,-0.2432335913181305,-0.011204255349298364,0.1199633926153183,-0.33307963609695435,-0.026555006928106195,0.14657022058963776,-0.3881315290927887,-0.04072629620816315,0.17047877609729767,-0.4381822645664215,-0.051042284420987016,0.03977452218532562,-0.23911255598068237,-0.019827505178113825,0.06563512980937958,-0.306454598903656,-0.035004604212304,0.08717809617519379,-0.3477425277233124,-0.04279364605929459,0.10943834483623505,-0.3869612514972687,-0.048558834544678575
A,0.0,0.0,0.0,0.0712229311466217,-0.002897322177886963,-0.031080585995795218,0.14004763960838318,-0.059805095195770264,-0.03793573295521924,0.16834989190101624,-0.13884198665618896,-0.04231231575656125,0.14506974816322327,-0.19422507286071777,-0.04610912417817303,0.15560781955718994,-0.18618977069854736,-0.008938514718892066,0.19261741638183594,-0.26542770862579346,-0.02439798330712506,0.21021398901939392,-0.3203481435775757,-0.041969726884843794,0.2264205515384674,-0.3724360764026642,-0.05685541322279164,0.1253938376903534,-0.2249147891998291,-0.008664849305631606,0.16610005497932434,-0.31956613063812256,-0.022537897432329146,0.19128289818763733,-0.38250496983528137,-0.03995179673481175,0.21466752886772156,-0.43961960077285767,-0.05381322195577809,0.08901393413543701,-0.23936429619789124,-0.013254460038723437,0.12725844979286194,-0.3280600607395172,-0.029452557766916243,0.15431508421897888,-0.3827187120914459,-0.044461845511676756,0.17878183722496033,-0.43251699209213257,-0.05542848175215909,0.045296475291252136,-0.23709139227867126,-0.02154718441713044,0.072884202003479,-0.3035207986831665,-0.037689614201070754,0.09506583213806152,-0.34396618604660034,-0.04625179534602353,0.11788886785507202,-0.38239121437072754,-0.0526058218424339
A,0.0,0.0,0.0,0.07050535082817078,-0.0017849206924438477,-0.03204773689293461,0.1412617564201355,-0.05882495641708374,-0.039068437615867424,0.17082205414772034,-0.13820332288742065,-0.043553281078573036,0.14477533102035522,-0.19512265920639038,-0.0473794447877367,0.15862753987312317,-0.18343549966812134,-0.008702483462627697,0.1965130865573883,-0.2622475028038025,-0.023685927937265205,0.2142173945903778,-0.31738603115081787,-0.04133568654441433,0.2307528555393219,-0.3701547682285309,-0.05660525287174778,0.12840351462364197,-0.22309386730194092,-0.008003444845314789,0.16965696215629578,-0.3162415623664856,-0.021759107212062645,0.19547083973884583,-0.37901419401168823,-0.03973276118421154,0.21983090043067932,-0.4366215467453003,-0.05428313786768513,0.09162291884422302,-0.23792511224746704,-0.012276700200970936,0.12991654872894287,-0.32491567730903625,-0.028297114620443153,0.15829366445541382,-0.3783387541770935,-0.04400427589797573,0.18399840593338013,-0.42738592624664307,-0.05579850027942257,0.04769521951675415,-0.2367885410785675,-0.020414107913609314,0.07555720210075378,-0.30227428674697876,-0.03622294912719326,0.0981258749961853,-0.34208357334136963,-0.04528189400815563,0.12187069654464722,-0.38010185956954956,-0.05242419565701084
A,0.0,0.0,0.0,0.07048346102237701,0.0007831454277038574,-0.03296273438621711,0.1413699835538864,-0.0541229248046875,-0.039742725476514806,0.17127497494220734,-0.13406026363372803,-0.043739831581603994,0.14706067740917206,-0.19300538301467896,-0.04703538356710624,0.15970741212368011,-0.1790502667427063,-0.008432632818710317,0.19794653356075287,-0.2584485709667206,-0.02309644645441722,0.2158009260892868,-0.31427067518234253,-0.04048535464693259,0.2322378009557724,-0.36716219782829285,-0.05539084090281676,0.12996383011341095,-0.21945405006408691,-0.0068146856910402676,0.1717037707567215,-0.3131870627403259,-0.01996003514517497,0.1970364898443222,-0.37696319818496704,-0.037598675623428335,0.22058559954166412,-0.4344547688961029,-0.051810177549612035,0.09388281404972076,-0.23593276739120483,-0.010250206611942758,0.13324172794818878,-0.32350653409957886,-0.025560174643885603,0.1610911339521408,-0.377261757850647,-0.04067017747451018,0.18607039749622345,-0.42562174797058105,-0.05193061991025161,0.05042906105518341,-0.23647695779800415,-0.017654205247652044,0.0785847157239914,-0.30239373445510864,-0.03268602727342795,0.10142762959003448,-0.34100061655044556,-0.04094930602599334,0.1250363141298294,-0.3767697513103485,-0.04733982174087714
A,0.0,0.0,0.0,0.07014763355255127,-0.00020271539688110352,-0.03265529525182842,0.13968467712402344,-0.05508500337600708,-0.04005273085735439,0.16905835270881653,-0.13323020935058594,-0.04488517370722889,0.14570504426956177,-0.1929416060447693,-0.04917677891157268,0.15747764706611633,-0.1786707043647766,-0.010434526286047685,0.19649147987365723,-0.2581482529640198,-0.026011675863486516,0.21530479192733765,-0.31420135498046875,-0.043688722222071874,0.23279300332069397,-0.3674824833869934,-0.05869407978556751,0.12771132588386536,-0.21907827258110046,-0.009159621118527639,0.16972953081130981,-0.3118728995323181,-0.02312167574368118,0.1961822509765625,-0.375274658203125,-0.040863011299592245,0.22123199701309204,-0.43275973200798035,-0.055255823104602086,0.09176671504974365,-0.23567336797714233,-0.012804587638896692,0.131413996219635,-0.32241714000701904,-0.028418807580095518,0.1602274775505066,-0.3754578232765198,-0.043346658616286504,0.18645203113555908,-0.4233343005180359,-0.054591827361804235,0.04891592264175415,-0.23685964941978455,-0.02040123221181034,0.07764163613319397,-0.30260246992111206,-0.035541713505011785,0.10152950882911682,-0.3411062955856323,-0.043910719721537816,0.12640830874443054,-0.37650924921035767,-0.05046540525458454
A,0.0,0.0,0.0,0.06943848729133606,0.0016234517097473145,-0.033382080674272174,0.1389969289302826,-0.05055183172225952,-0.0408864358366543,0.16986802220344543,-0.12834393978118896,-0.045559123337369556,0.1489502191543579,-0.18916302919387817,-0.04945707339058458,0.15899556875228882,-0.17319387197494507,-0.009916339248519535,0.19908955693244934,-0.25299936532974243,-0.025240913212400073,0.2183387577533722,-0.30901139974594116,-0.04273341986547052,0.2359658181667328,-0.3615689277648926,-0.05736067536483347,0.13004374504089355,-0.21413511037826538,-0.007818477407198543,0.17335930466651917,-0.3076479434967041,-0.0213921239526087,0.199944406747818,-0.3716689348220825,-0.03902111592898905,0.22465431690216064,-0.42829447984695435,-0.05301538127670824,0.09464043378829956,-0.23168516159057617,-0.010719002403419609,0.13571929931640625,-0.3184494972229004,-0.02588729019473135,0.1641557514667511,-0.37202566862106323,-0.04060859996090471,0.18956011533737183,-0.4191436767578125,-0.05144965294013559,0.05213329195976257,-0.2338601052761078,-0.017606701880794162,0.08174902200698853,-0.29821616411209106,-0.03242586943517267,0.10474938154220581,-0.33667153120040894,-0.04040963220606386,0.12808480858802795,-0.37171080708503723,-0.04634411278377115
A,0.0,0.0,0.0,0.06884956359863281,0.003843247890472412,-0.03542815839193736,0.14022281765937805,-0.04730832576751709,-0.04373251592062388,0.17009466886520386,-0.12770861387252808,-0.04870932494543467,0.14656192064285278,-0.1894456148147583,-0.05282559191130076,0.16080421209335327,-0.17155927419662476,-0.011104921263381584,0.20098337531089783,-0.2498239278793335,-0.026255985174998386,0.2201458215713501,-0.30489104986190796,-0.043914570857509716,0.23807352781295776,-0.35720622539520264,-0.05882673283360873,0.1322695016860962,-0.2127484679222107,-0.008045806002542122,0.17590606212615967,-0.30436286330223083,-0.021131699357852085,0.2028730809688568,-0.3671920597553253,-0.03865461369298373,0.22805353999137878,-0.4236724376678467,-0.052812430460676296,0.09726613759994507,-0.23008757829666138,-0.010130911518558605,0.1380603313446045,-0.3151555359363556,-0.025060321588739498,0.16676461696624756,-0.36728525161743164,-0.039738725323900326,0.19218659400939941,-0.4137337803840637,-0.05066471119664584,0.054931640625,-0.23232987523078918,-0.016399569262489422,0.08435392379760742,-0.2961680591106415,-0.031039064203127964,0.1074272096157074,-0.3336087465286255,-0.03893234153531466,0.13048499822616577,-0.3679215610027313,-0.04493271132253085
A,0.0,0.0,0.0,0.06794628500938416,0.0018925070762634277,-0.034660032073844604,0.13756072521209717,-0.047747254371643066,-0.04342067805944794,0.1682581901550293,-0.12553077936172485,-0.04903046233474129,0.1474563181400299,-0.18810725212097168,-0.053845992366660766,0.16046714782714844,-0.16983813047409058,-0.01157603604613655,0.2008000612258911,-0.24720847606658936,-0.027466049472678833,0.2201715111732483,-0.30122900009155273,-0.04562125174223297,0.23892244696617126,-0.35279783606529236,-0.06085419474064224,0.13269758224487305,-0.2117464244365692,-0.009195297079969578,0.17667648196220398,-0.3035803437232971,-0.022995745818008118,0.20386525988578796,-0.3657497763633728,-0.04086308373032921,0.23007264733314514,-0.42165735363960266,-0.055205600391019516,0.09797915816307068,-0.22968721389770508,-0.011861089671839409,0.1402047872543335,-0.3151267170906067,-0.02746029389916771,0.16906768083572388,-0.36667579412460327,-0.04226054815470093,0.19516417384147644,-0.41264939308166504,-0.05323299212275856,0.05581480264663696,-0.23189592361450195,-0.018600814099301033,0.08568644523620605,-0.29428234696388245,-0.033873597214807205,0.10906201601028442,-0.3310091495513916,-0.04190148232399338,0.1325364112854004,-0.3645552396774292,-0.04789916990219467
A,0.0,0.0,0.0,0.06912142038345337,0.0017529129981994629,-0.0333034451174683,0.1377849280834198,-0.0456385612487793,-0.04157221494793362,0.1674715280532837,-0.12328004837036133,-0.046979179518217506,0.1484932005405426,-0.18561393022537231,-0.05167578338264889,0.16117146611213684,-0.1651485562324524,-0.010484864847654762,0.202395498752594,-0.2422458827495575,-0.026817452074880066,0.22300201654434204,-0.29631656408309937,-0.04511672063350147,0.2428816854953766,-0.34742146730422974,-0.06028810693501896,0.13473567366600037,-0.207823246717453,-0.00895940131127304,0.18001586198806763,-0.3005619943141937,-0.023428117768759193,0.2081998586654663,-0.3621668815612793,-0.04154748274564213,0.23541900515556335,-0.41690701246261597,-0.05585324941753811,0.10117891430854797,-0.22725370526313782,-0.012430591421122017,0.14370441436767578,-0.31351345777511597,-0.028951812447900238,0.17365369200706482,-0.3651246428489685,-0.044221436517233315,0.20097771286964417,-0.4104349613189697,-0.0551755818593449,0.05969482660293579,-0.23120734095573425,-0.019794177176351013,0.09098437428474426,-0.2939028739929199,-0.036020344035620155,0.11516040563583374,-0.3303220272064209,-0.04447679771661228,0.13938063383102417,-0.36350351572036743,-0.05049469126939243
A,0.0,0.0,0.0,0.0695895254611969,0.004199981689453125,-0.03515861723974467,0.14020055532455444,-0.04176145792007446,-0.044487276863605985,0.16970840096473694,-0.12111347913742065,-0.050524161946327695,0.1503896415233612,-0.18558865785598755,-0.05574173648312808,0.16446241736412048,-0.16102731227874756,-0.012310806479604253,0.20644554495811462,-0.23746442794799805,-0.029142314385921964,0.22740834951400757,-0.2916033864021301,-0.0477114448364091,0.24756118655204773,-0.34206587076187134,-0.06286864523247004,0.13783159852027893,-0.20390266180038452,-0.009781163003594884,0.18503060936927795,-0.29509592056274414,-0.024146538045556554,0.21419596672058105,-0.35711002349853516,-0.04212743211940051,0.2416514754295349,-0.4114367961883545,-0.05621601809218646,0.1040697991847992,-0.2233904004096985,-0.012351941135079869,0.14793774485588074,-0.30817335844039917,-0.02850504201308013,0.17825764417648315,-0.36042118072509766,-0.043536579054148206,0.20511335134506226,-0.4058153033256531,-0.05430343170121432,0.06225252151489258,-0.22730153799057007,-0.018957169544250974,0.09411478042602539,-0.28874126076698303,-0.03466699440434695,0.1184253990650177,-0.32508784532546997,-0.042719481330664166,0.14204469323158264,-0.3580590784549713,-0.048401301544458875
A,0.0,0.0,0.0,0.06905514001846313,0.006086111068725586,-0.03686081952650966,0.1419561207294464,-0.04004180431365967,-0.046087547757224456,0.17052435874938965,-0.12294328212738037,-0.051688521720961944,0.14799633622169495,-0.18809819221496582,-0.056253440298632995,0.16910246014595032,-0.15608328580856323,-0.010816043794648067,0.21263545751571655,-0.231397807598114,-0.026470433541135208,0.2337605357170105,-0.2858048379421234,-0.0446957420488161,0.2540477216243744,-0.337361216545105,-0.06010135597784938,0.1425812542438507,-0.20076990127563477,-0.007501632992671148,0.19074827432632446,-0.28955262899398804,-0.021119685464100257,0.21990787982940674,-0.3501114249229431,-0.0392621565540594,0.24754983186721802,-0.40395838022232056,-0.053721259899930374,0.10874184966087341,-0.22151899337768555,-0.009536739990608112,0.15381157398223877,-0.30512693524360657,-0.02551050073702754,0.18451648950576782,-0.35528236627578735,-0.040648880966500656,0.21144726872444153,-0.3989359140396118,-0.05160722098548831,0.06700611114501953,-0.22742736339569092,-0.01581211908955993,0.09995311498641968,-0.28858527541160583,-0.031301371373729125,0.1251390278339386,-0.32328274846076965,-0.03933327607114734,0.1498071551322937,-0.35430818796157837,-0.04520826376278819
A,0.0,0.0,0.0,0.06857684254646301,0.005390584468841553,-0.03491798889058373,0.13926994800567627,-0.03974026441574097,-0.04394412141459725,0.16734105348587036,-0.12071549892425537,-0.04970227655189774,0.14829260110855103,-0.18678522109985352,-0.05457685616033814,0.16894850134849548,-0.153001606464386,-0.011470384971971725,0.21437612175941467,-0.22692087292671204,-0.027970706188853,0.23692503571510315,-0.2808009684085846,-0.04631140183823845,0.2581988275051117,-0.3319430649280548,-0.061471366399700855,0.14365774393081665,-0.1983991265296936,-0.009256841691012596,0.19429415464401245,-0.2865743041038513,-0.023485633620794033,0.22492563724517822,-0.34703052043914795,-0.041202438140089725,0.2533993422985077,-0.4001346230506897,-0.05515140395777962,0.11029109358787537,-0.22085189819335938,-0.0122040184976413,0.1574036180973053,-0.304038941860199,-0.028345220798428272,0.1891029179096222,-0.35418638586997986,-0.04310626637357018,0.21694955229759216,-0.397804856300354,-0.05375474419611237,0.06814804673194885,-0.22861811518669128,-0.01918862115758202,0.10222059488296509,-0.28800299763679504,-0.03472149472850106,0.1282173991203308,-0.3223980665206909,-0.04250334676521561,0.15355059504508972,-0.3532499372959137,-0.04811994459646485
A,0.0,0.0,0.0,0.06904612481594086,0.013271808624267578,-0.036691628751412964,0.14321599900722504,-0.026779472827911377,-0.046176806447164154,0.17338378727436066,-0.10658973455429077,-0.0521484579714695,0.1523701399564743,-0.17141395807266235,-0.057240367290631866,0.17593257129192352,-0.13914066553115845,-0.013552162219838237,0.2242075353860855,-0.20939964056015015,-0.031263392773524856,0.2487153857946396,-0.262268602848053,-0.050619289633885955,0.27140219509601593,-0.3121345043182373,-0.06626617943967972,0.15238408744335175,-0.18630987405776978,-0.010781960916773414,0.20533518493175507,-0.2711445987224579,-0.025791304540888405,0.23732306063175201,-0.3313530385494232,-0.04416304489697609,0.2660609036684036,-0.38399142026901245,-0.05850062927331123,0.12069706618785858,-0.2114858627319336,-0.0132929146113554,0.1715460568666458,-0.29102540016174316,-0.030262785387293434,0.20482243597507477,-0.34146034717559814,-0.04556751286710892,0.23263157904148102,-0.3858027756214142,-0.05625812372292671,0.07958804070949554,-0.22250309586524963,-0.019989129510776138,0.11723046004772186,-0.2808396816253662,-0.03616606107081566,0.14377231895923615,-0.3167794942855835,-0.0442095141681591,0.16800250113010406,-0.3494349718093872,-0.049710836616412735
A,0.0,0.0,0.0,0.07095105946063995,0.01493924856185913,-0.03560074652673961,0.1457178145647049,-0.01726663112640381,-0.046393400534412876,0.17800380289554596,-0.09293174743652344,-0.054001072897932545,0.15636558830738068,-0.15762066841125488,-0.061180962725899235,0.18067966401576996,-0.13043904304504395,-0.016170509635827557,0.23165960609912872,-0.19700902700424194,-0.03521645303013088,0.2586161643266678,-0.24804338812828064,-0.0552669339919305,0.28344081342220306,-0.2961006760597229,-0.07129461552145244,0.15837453305721283,-0.17843759059906006,-0.014727753132007138,0.21497221291065216,-0.25890564918518066,-0.030707588895580784,0.24963067471981049,-0.3167183995246887,-0.04940624396445514,0.2797825187444687,-0.36732369661331177,-0.06397032226564647,0.12640003859996796,-0.20537078380584717,-0.018216666310451046,0.18077780306339264,-0.28021886944770813,-0.03562558303715946,0.21579693257808685,-0.32880693674087524,-0.05094186823012592,0.24480493366718292,-0.3722503185272217,-0.06167666475417377,0.08324827253818512,-0.21869537234306335,-0.025703471630237118,0.12308366596698761,-0.27484893798828125,-0.04212948168756725,0.1515776365995407,-0.30903446674346924,-0.0500002377772546,0.1771872490644455,-0.3399340808391571,-0.05535272370221378
A,0.0,0.0,0.0,0.06992372870445251,0.019541561603546143,-0.03507701055403345,0.14714720845222473,-0.0022452473640441895,-0.04661027835007303,0.18231409788131714,-0.07230544090270996,-0.055233613860565356,0.15976563096046448,-0.1356412172317505,-0.06388318286533945,0.19116070866584778,-0.11740982532501221,-0.01715497979219549,0.24617570638656616,-0.18008089065551758,-0.03706438959832781,0.27454185485839844,-0.22974950075149536,-0.05787988872523897,0.2998717725276947,-0.27770888805389404,-0.07433900730009668,0.1690496802330017,-0.16587120294570923,-0.016888126072245768,0.23047509789466858,-0.23894822597503662,-0.03372698770161264,0.26737508177757263,-0.29453611373901367,-0.05363679052587145,0.29841187596321106,-0.3446916937828064,-0.06911625460978144,0.13591650128364563,-0.1946921944618225,-0.02143286475237005,0.19447588920593262,-0.263003408908844,-0.03924407185311907,0.2316625416278839,-0.30908817052841187,-0.05505304903979891,0.26208117604255676,-0.35125458240509033,-0.06622044489975565,0.09027376770973206,-0.21166056394577026,-0.029920113545614413,0.13487467169761658,-0.26438161730766296,-0.046435595762687853,0.16566815972328186,-0.2966223657131195,-0.05404508979316347,0.19332808256149292,-0.3262048065662384,-0.05927989752288454
A,0.0,0.0,0.0,0.07202033698558807,0.026338398456573486,-0.032153952220625115,0.14846177399158478,0.013660788536071777,-0.0436007411276762,0.18788303434848785,-0.04862511157989502,-0.05262965271825237,0.16753752529621124,-0.11086905002593994,-0.06223328346962376,0.19692303240299225,-0.09614050388336182,-0.01951249437982483,0.25629498064517975,-0.15733623504638672,-0.040704298118299675,0.2889226824045181,-0.20485353469848633,-0.06163294921273632,0.3179977089166641,-0.24998843669891357,-0.07772202352637692,0.17701728641986847,-0.14676642417907715,-0.02084875414723797,0.2438487559556961,-0.2184457778930664,-0.03876608918065472,0.28498493134975433,-0.27211692929267883,-0.05873534763807697,0.3196845203638077,-0.3199748396873474,-0.07392638484591885,0.1449321061372757,-0.17908507585525513,-0.026373903552240563,0.2075812667608261,-0.2453058362007141,-0.04450483928079052,0.24805082380771637,-0.28876781463623047,-0.06033644015545292,0.281753733754158,-0.32832959294319153,-0.07136029312962933,0.09964527189731598,-0.20024585723876953,-0.035442899266428185,0.14839251339435577,-0.2502990663051605,-0.05179701680893345,0.18150193989276886,-0.2804611325263977,-0.05907433787936611,0.21162845194339752,-0.30874770879745483,-0.06399286846274777
A,0.0,0.0,0.0,0.071369469165802,0.03122532367706299,-0.03017136535478926,0.14794477820396423,0.023304343223571777,-0.039993335370553496,0.19161996245384216,-0.03483790159225464,-0.04755362204147673,0.1724282205104828,-0.09432673454284668,-0.055740379606021406,0.19528451561927795,-0.08611345291137695,-0.017355452169312002,0.25755906105041504,-0.13931632041931152,-0.036076360259784224,0.29212459921836853,-0.18355751037597656,-0.05527649528218603,0.3230067789554596,-0.22606909275054932,-0.07059952325059271,0.17732250690460205,-0.13976150751113892,-0.019023661379350187,0.24847915768623352,-0.2046436071395874,-0.03472087240649557,0.2918209135532379,-0.25249719619750977,-0.05281056544615126,0.3286566436290741,-0.29673337936401367,-0.06681863671971655,0.1472119688987732,-0.17508655786514282,-0.024645133752954962,0.21065980195999146,-0.23715698719024658,-0.04040342277718878,0.2534807026386261,-0.2773420810699463,-0.0552373387558589,0.29019954800605774,-0.3150153160095215,-0.06609184003306723,0.10421329736709595,-0.19994419813156128,-0.03372453234030104,0.15269988775253296,-0.24581947922706604,-0.047335137490762236,0.18698912858963013,-0.2709510326385498,-0.05342803231312132,0.21887436509132385,-0.2941356301307678,-0.05811807966662741
A,0.0,0.0,0.0,0.07076676189899445,0.03507506847381592,-0.029802011109097748,0.14740730822086334,0.03071516752243042,-0.03982196354041889,0.191721573472023,-0.02338254451751709,-0.047782130322559624,0.17434503138065338,-0.08280658721923828,-0.056443620256288796,0.19536323845386505,-0.07595276832580566,-0.018481591499551087,0.25882942974567413,-0.12674474716186523,-0.03828673788081005,0.2941908687353134,-0.16861426830291748,-0.05789777242313221,0.3255772441625595,-0.20965576171875,-0.07324010857115582,0.17898370325565338,-0.12898361682891846,-0.020676415196760445,0.25244225561618805,-0.19111394882202148,-0.03778711684714153,0.29751603305339813,-0.2374311089515686,-0.05635065936218098,0.335464283823967,-0.2807128429412842,-0.07063294180403545,0.1503104716539383,-0.16573894023895264,-0.026866057670815735,0.2167108803987503,-0.22531157732009888,-0.04410538055668667,0.26111777126789093,-0.26311415433883667,-0.05946431659828022,0.2988470047712326,-0.298478364944458,-0.07039483614931896,0.1089298278093338,-0.1938982605934143,-0.03641379230390385,0.16050060093402863,-0.23919600248336792,-0.05113723852406338,0.19631876051425934,-0.26345255970954895,-0.057893421284063606,0.22941915690898895,-0.28573137521743774,-0.0630099771238406
A,0.0,0.0,0.0,0.069660484790802,0.03792011737823486,-0.03233381094679544,0.14883914589881897,0.04098087549209595,-0.04351009534940431,0.19667711853981018,-0.014180958271026611,-0.05207046972856233,0.17995432019233704,-0.07645416259765625,-0.06111847715720842,0.19878000020980835,-0.06547307968139648,-0.01941312210902879,0.26187431812286377,-0.11158508062362671,-0.039491501769873594,0.29761651158332825,-0.15108931064605713,-0.05967731135234544,0.33080270886421204,-0.19021075963974,-0.07587239625200937,0.1836162507534027,-0.11961972713470459,-0.020985401368591283,0.25764167308807373,-0.1770946979522705,-0.038504229060265516,0.30365708470344543,-0.22044864296913147,-0.057865721306654905,0.3437783420085907,-0.261446475982666,-0.07289737196907708,0.15516236424446106,-0.1570582389831543,-0.026798457971665357,0.22195306420326233,-0.2133442759513855,-0.04533046590432832,0.26745420694351196,-0.24885296821594238,-0.06170680107817361,0.30719849467277527,-0.28249114751815796,-0.07333344700083444,0.11356770992279053,-0.18652981519699097,-0.036118337086293195,0.1647140383720398,-0.22871333360671997,-0.0524345758770437,0.20068344473838806,-0.25080937147140503,-0.060232137462946866,0.23454514145851135,-0.27193087339401245,-0.06610762061819742
A,0.0,0.0,0.0,0.06695094704627991,0.040306031703948975,-0.030507609190095764,0.14343687891960144,0.041576921939849854,-0.04081204341505895,0.1909804344177246,-0.008055806159973145,-0.0487804058358563,0.17843583226203918,-0.0699847936630249,-0.05734981031869779,0.19797605276107788,-0.06580948829650879,-0.018686670751918655,0.26094716787338257,-0.11097222566604614,-0.03816171170925031,0.2961024343967438,-0.14945924282073975,-0.05798060999964605,0.32854700088500977,-0.1882132887840271,-0.07395636470769773,0.1823783814907074,-0.11883538961410522,-0.02071169385467897,0.2565273344516754,-0.17572128772735596,-0.03757618920658956,0.30243155360221863,-0.2171270251274109,-0.05630151735400091,0.34311777353286743,-0.25622957944869995,-0.07096896501039396,0.15362191200256348,-0.15547418594360352,-0.02677175583099256,0.22178739309310913,-0.21113234758377075,-0.044561559276331764,0.26581379771232605,-0.24478143453598022,-0.05973996402477155,0.3048306703567505,-0.2766421437263489,-0.07068199099754224,0.11200550198554993,-0.18375444412231445,-0.036216570006359916,0.1628997027873993,-0.22447767853736877,-0.05204068304752241,0.1979263722896576,-0.24488726258277893,-0.059215759800423484,0.23135989904403687,-0.26474815607070923,-0.0647008884117497
A,0.0,0.0,0.0,0.06711286306381226,0.03963679075241089,-0.03157392937634995,0.14309915900230408,0.041321396827697754,-0.04273901555632165,0.19098123908042908,-0.005997180938720703,-0.05150859851335099,0.17883992195129395,-0.06666523218154907,-0.0608227332303386,0.199046790599823,-0.06546276807785034,-0.019767808280334975,0.2620754539966583,-0.11130702495574951,-0.04004465091918519,0.29758018255233765,-0.1501230001449585,-0.0604463485250335,0.33039331436157227,-0.18946844339370728,-0.07675420168732217,0.1831180453300476,-0.11804801225662231,-0.02169519711230805,0.2574143707752228,-0.17506009340286255,-0.039274424798236396,0.3035881519317627,-0.21683871746063232,-0.05840920332764199,0.3446548581123352,-0.2565991282463074,-0.07323439095114281,0.1538877785205841,-0.15475964546203613,-0.02779714252744725,0.22224771976470947,-0.2106502652168274,-0.04610053870771935,0.2665049135684967,-0.24474871158599854,-0.06143681380842736,0.3057953715324402,-0.27702584862709045,-0.07229061845634988,0.11189278960227966,-0.18370985984802246,-0.037411500252233054,0.16311141848564148,-0.2244296669960022,-0.05347998116110375,0.19835534691810608,-0.24514713883399963,-0.060714472568975,0.23203414678573608,-0.26538246870040894,-0.06610215876196435
A,0.0,0.0,0.0,0.06624652445316315,0.04088348150253296,-0.030949879599944552,0.14316897094249725,0.04157990217208862,-0.04121236519350191,0.1919398158788681,-0.007627129554748535,-0.04913900808824678,0.17905844748020172,-0.06962406635284424,-0.057628359807864626,0.1994296759366989,-0.06579256057739258,-0.0184965340180554,0.26251862943172455,-0.11096465587615967,-0.037714556021825274,0.2976127415895462,-0.15013587474822998,-0.05763435007466455,0.3295915275812149,-0.1903749704360962,-0.0738235564662375,0.1842387169599533,-0.11831611394882202,-0.020398972718254527,0.25811655819416046,-0.1751328706741333,-0.036930661810771426,0.30389751493930817,-0.21715277433395386,-0.05591594816579004,0.34430016577243805,-0.2576006054878235,-0.07094874994291445,0.15542934834957123,-0.15486478805541992,-0.02638324552609106,0.22343946993350983,-0.21114009618759155,-0.04395858959688326,0.26703186333179474,-0.2454591691493988,-0.05955839545859476,0.3053678423166275,-0.2784251868724823,-0.07087841646207949,0.11355580389499664,-0.18376833200454712,-0.035807594819203814,0.16462375223636627,-0.22628819942474365,-0.051659122271672686,0.19970263540744781,-0.24769502878189087,-0.05928272025121828,0.23299555480480194,-0.26854854822158813,-0.06516522930397173
A,0.0,0.0,0.0,0.06560547649860382,0.03938794136047363,-0.03167725132195187,0.14166848361492157,0.04257667064666748,-0.042858907593171125,0.19050534069538116,-0.005823194980621338,-0.051628762496392255,0.1800161749124527,-0.06923675537109375,-0.06082961486069394,0.19818876683712006,-0.06531965732574463,-0.01926684529868794,0.2614619582891464,-0.11132168769836426,-0.038739787054936414,0.29597048461437225,-0.15053391456604004,-0.058684618783871656,0.3281250447034836,-0.19067168235778809,-0.07477257923571301,0.18290139734745026,-0.11755222082138062,-0.020767068130652433,0.25635360181331635,-0.17460042238235474,-0.03762234897700978,0.302052840590477,-0.21721923351287842,-0.05670927615253163,0.3430369347333908,-0.25828731060028076,-0.0718468032905264,0.15446369349956512,-0.15392303466796875,-0.026398166654388433,0.22185932099819183,-0.21017760038375854,-0.04401121811358166,0.26540784537792206,-0.24482685327529907,-0.059415248794238096,0.3043143004179001,-0.27812618017196655,-0.07065865920273495,0.11301644146442413,-0.18292826414108276,-0.03554351405588818,0.16365481913089752,-0.2250351905822754,-0.05133581311790181,0.19861246645450592,-0.24615469574928284,-0.05890144558040333,0.23207662999629974,-0.2668745815753937,-0.06472002492634488
A,0.0,0.0,0.0,0.06723818182945251,0.03910607099533081,-0.03031922118114494,0.1443578004837036,0.04134255647659302,-0.04069121727096103,0.19219174981117249,-0.008083999156951904,-0.048979131368270146,0.1801791489124298,-0.07048535346984863,-0.057874498752227055,0.19768241047859192,-0.06773495674133301,-0.017519406837692486,0.2595193088054657,-0.11494892835617065,-0.03612223812686466,0.2937282919883728,-0.1534031629562378,-0.055600771543851124,0.3261216878890991,-0.19207382202148438,-0.07159605049835704,0.18136513233184814,-0.11969298124313354,-0.019711566952338444,0.2530089318752289,-0.1787353754043579,-0.03621990778790973,0.2982361912727356,-0.22158992290496826,-0.055440114674439656,0.33920884132385254,-0.2626734972000122,-0.07084161960827373,0.15249308943748474,-0.15531259775161743,-0.025898128611316906,0.2184162437915802,-0.2119450569152832,-0.04342613914357685,0.26175808906555176,-0.2467319667339325,-0.059002967414727436,0.3007097840309143,-0.2801350951194763,-0.07046374106155895,0.11101406812667847,-0.1834489107131958,-0.035463748363127934,0.16108515858650208,-0.2267640233039856,-0.051199288902154194,0.19586244225502014,-0.2484176754951477,-0.05879558050381206,0.2290627360343933,-0.2696458101272583,-0.06478228592621349
A,0.0,0.0,0.0,0.06814160943031311,0.03727608919143677,-0.029633686259927572,0.1444205939769745,0.03519845008850098,-0.039607769191803754,0.1911066770553589,-0.016432344913482666,-0.04769531855041009,0.17713668942451477,-0.07630264759063721,-0.05645682135278207,0.19515371322631836,-0.07657021284103394,-0.017282367066087545,0.25552114844322205,-0.12700921297073364,-0.03571126082593423,0.2894633114337921,-0.16573333740234375,-0.05505589613372308,0.3215852379798889,-0.2044358253479004,-0.07096891322785837,0.17748111486434937,-0.1263434886932373,-0.019728640407862486,0.24556490778923035,-0.18816733360290527,-0.036033938021006406,0.28959664702415466,-0.2326127588748932,-0.054920496732535184,0.32995933294296265,-0.2753322422504425,-0.0702661893671177,0.14768856763839722,-0.16039705276489258,-0.02611125850731355,0.2119717001914978,-0.21816641092300415,-0.04358417385870439,0.25459179282188416,-0.25410783290863037,-0.058566497952284635,0.29305893182754517,-0.2886736989021301,-0.06960923442298395,0.1056833565235138,-0.1873287558555603,-0.03584026390367967,0.15427038073539734,-0.23199614882469177,-0.05173422613793832,0.1890903115272522,-0.2547966241836548,-0.05927996182495576,0.22167754173278809,-0.2770744264125824,-0.06515675255710107
A,0.0,0.0,0.0,0.06931290030479431,0.032485246658325195,-0.0300095490500496,0.14718171954154968,0.02251535654067993,-0.03955711977036458,0.18965476751327515,-0.03747624158859253,-0.04698115394862157,0.17281505465507507,-0.10033553838729858,-0.055206494344787416,0.19534927606582642,-0.0890192985534668,-0.01742768654079896,0.2529822885990143,-0.14606785774230957,-0.036645388169603166,0.28467631340026855,-0.18901586532592773,-0.05683900223525029,0.3147861659526825,-0.23185521364212036,-0.0732647124067114,0.17545413970947266,-0.1382690668106079,-0.01979485334308606,0.24014100432395935,-0.20545363426208496,-0.036135697676257905,0.28193166851997375,-0.2537667453289032,-0.05583245114834767,0.3206062614917755,-0.2998630404472351,-0.07181709439905148,0.14361876249313354,-0.17106294631958008,-0.026154506890492257,0.2054578959941864,-0.23516219854354858,-0.04397209168823224,0.2458764910697937,-0.2747666835784912,-0.05963916511686307,0.28236064314842224,-0.3132755756378174,-0.07120116235168439,0.09912705421447754,-0.19575291872024536,-0.03585728065522176,0.1456664502620697,-0.24448850750923157,-0.052460445030050096,0.17882323265075684,-0.26951533555984497,-0.06043709994705182,0.2099287509918213,-0.29397493600845337,-0.06652549089344006
A,0.0,0.0,0.0,0.06892269849777222,0.021162569522857666,-0.032033143346723136,0.14770099520683289,0.0023331046104431152,-0.042393794064935264,0.18918749690055847,-0.06300878524780273,-0.05079231575649601,0.16870629787445068,-0.12886106967926025,-0.059844860588725624,0.19492721557617188,-0.1150960922241211,-0.013661267948862132,0.24661967158317566,-0.17520791292190552,-0.03361375421803814,0.274638295173645,-0.22085928916931152,-0.05579562277119976,0.30092987418174744,-0.2657160758972168,-0.07384628594439846,0.174026221036911,-0.16216200590133667,-0.015914806877788124,0.23167890310287476,-0.23203200101852417,-0.03315110296529156,0.2681814730167389,-0.2843865156173706,-0.055086562191661415,0.3008842170238495,-0.33373337984085083,-0.0725855210475288,0.14006564021110535,-0.19091230630874634,-0.0228686293266378,0.1960047483444214,-0.2568896412849426,-0.042657384430583534,0.2321276068687439,-0.3000452220439911,-0.060375617598708686,0.26409265398979187,-0.34232717752456665,-0.07308918774646145,0.09172499179840088,-0.21048182249069214,-0.03333526641648632,0.1338699460029602,-0.2598994970321655,-0.05237507984560352,0.16460931301116943,-0.28734350204467773,-0.06192239538353306,0.19308730959892273,-0.3151945471763611,-0.06883726060908657
A,0.0,0.0,0.0,0.07304461300373077,0.007749378681182861,-0.0325402488821851,0.15193794667720795,-0.023350059986114502,-0.042481647979627724,0.18644560873508453,-0.09856313467025757,-0.05003894696773159,0.1618356853723526,-0.16083943843841553,-0.05780678073705303,0.18371568620204926,-0.1489226222038269,-0.010979841638516064,0.2340356558561325,-0.21559405326843262,-0.030014222663055534,0.2589067369699478,-0.2664085030555725,-0.05111735890449154,0.2799298018217087,-0.3145299553871155,-0.06775661389173138,0.15925778448581696,-0.19243019819259644,-0.011691098276685352,0.21175430715084076,-0.27157193422317505,-0.028305357497345085,0.24381600320339203,-0.3300132751464844,-0.048956724058996315,0.2706756442785263,-0.38239526748657227,-0.06501985917628872,0.1239667683839798,-0.2162339687347412,-0.01745961996556389,0.17451907694339752,-0.291670024394989,-0.03585105965674984,0.20716948807239532,-0.340695321559906,-0.05273042077959644,0.2336246818304062,-0.38379988074302673,-0.06458668987096416,0.0770188421010971,-0.2294641137123108,-0.02686825598419773,0.1155780702829361,-0.2848825454711914,-0.04348384047688114,0.1446337252855301,-0.3182659149169922,-0.0521475469583379,0.17017172276973724,-0.34836938977241516,-0.05838247964919674
A,0.0,0.0,0.0,0.07518933713436127,-0.008046627044677734,-0.030413083321633394,0.14970041811466217,-0.055137038230895996,-0.03870832506495958,0.17931295931339264,-0.13360142707824707,-0.04541253630000597,0.14600159227848053,-0.18764477968215942,-0.05226062197166925,0.16796885430812836,-0.18298882246017456,-0.0038969554558718755,0.21082450449466705,-0.25735044479370117,-0.02029743935841566,0.2297869175672531,-0.30981361865997314,-0.04047834832149988,0.2457268387079239,-0.360196977853775,-0.0568737420805121,0.1378745585680008,-0.22117841243743896,-0.004828563015195186,0.1790177971124649,-0.30626678466796875,-0.019787348396363313,0.20322008430957794,-0.36950865387916565,-0.04012811887938028,0.22317369282245636,-0.42726701498031616,-0.05626225430447107,0.10041837394237518,-0.23885834217071533,-0.010982369593563135,0.13974718749523163,-0.32102304697036743,-0.027480082175912912,0.16662158071994781,-0.3737353980541229,-0.0436746548481608,0.1884896606206894,-0.41924184560775757,-0.05526402179080492,0.05430211126804352,-0.2444019317626953,-0.020918294376912172,0.08648286759853363,-0.30655142664909363,-0.03553828556019312,0.11255098879337311,-0.34376952052116394,-0.04364369396049028,0.1369529515504837,-0.3755994439125061,-0.04983868781405931
A,0.0,0.0,0.0,0.07267613708972931,-0.017694830894470215,-0.03049623828235326,0.13823913037776947,-0.08508890867233276,-0.03808840412500558,0.15913079679012299,-0.16998964548110962,-0.04365168187621293,0.12615086138248444,-0.22048860788345337,-0.0491986875593966,0.13997705280780792,-0.21614032983779907,-0.006325302662730792,0.17113573849201202,-0.2994670867919922,-0.022487078344852307,0.18468020856380463,-0.3549988269805908,-0.041743699944049695,0.19631867110729218,-0.40798455476760864,-0.05761982176306901,0.10825638473033905,-0.24831989407539368,-0.006499666737795451,0.14120186865329742,-0.3388291001319885,-0.020168057194382527,0.15981115400791168,-0.4022877514362335,-0.037525032198459485,0.17530666291713715,-0.4600072205066681,-0.05151716668012796,0.07139657437801361,-0.2579904794692993,-0.011961141152710297,0.1053977757692337,-0.345467209815979,-0.02716144595149217,0.1271749585866928,-0.40062981843948364,-0.041040413564473965,0.1443069726228714,-0.44958749413490295,-0.05132947165373025,0.026515528559684753,-0.2518855631351471,-0.021266254147917607,0.05171211063861847,-0.3175581097602844,-0.03545708630088029,0.07077540457248688,-0.35677608847618103,-0.042476989811689236,0.087733194231987,-0.3921992778778076,-0.047897086030275204
A,0.0,0.0,0.0,0.07161657512187958,-0.027766942977905273,-0.024346784665482346,0.1283472627401352,-0.11264795064926147,-0.027112291171448533,0.14334900677204132,-0.19460314512252808,-0.029117430537240807,0.11010847985744476,-0.23865997791290283,-0.030947954370873276,0.12100772559642792,-0.22685235738754272,0.0003685553905086181,0.14541856944561005,-0.3095225691795349,-0.013167306757765118,0.15493018925189972,-0.3628014922142029,-0.030276673822896782,0.16213171184062958,-0.4142810106277466,-0.04471023471583635,0.08785594999790192,-0.25708380341529846,-0.0016953856453767457,0.11183707416057587,-0.35340434312820435,-0.013163309521274869,0.1258181780576706,-0.41728368401527405,-0.028543396829860512,0.13791771233081818,-0.47599634528160095,-0.041138821258442704,0.051278188824653625,-0.2632825970649719,-0.008784915297525231,0.07649840414524078,-0.3561065196990967,-0.021729548438685242,0.09274335205554962,-0.41270795464515686,-0.034065158083336655,0.10660712420940399,-0.46464353799819946,-0.043672458245652024,0.008575797080993652,-0.2517656087875366,-0.019377875118749444,0.02591852843761444,-0.32012099027633667,-0.03122468942333967,0.04100392758846283,-0.3617812991142273,-0.03731402845610887,0.055822089314460754,-0.4008699655532837,-0.04262335689296037
A,0.0,0.0,0.0,0.07173708081245422,-0.032772600650787354,-0.02369516483824441,0.1252152919769287,-0.12347394227981567,-0.025554656529237718,0.13791495561599731,-0.2076648473739624,-0.026818984666277856,0.10190457105636597,-0.24934861063957214,-0.027755518922020883,0.11294937133789062,-0.23115894198417664,0.003888096415067821,0.13390278816223145,-0.3162774443626404,-0.007969246724059076,0.14220058917999268,-0.36908066272735596,-0.02423473961036393,0.14957237243652344,-0.4195016026496887,-0.03840357206146905,0.07777959108352661,-0.2577502131462097,0.0020912531638543896,0.09647208452224731,-0.3553081154823303,-0.00875717356186101,0.10935354232788086,-0.4200184941291809,-0.024405745336224527,0.12144935131072998,-0.4781903922557831,-0.0373019143132467,0.04127079248428345,-0.26183101534843445,-0.004762058158775062,0.062252551317214966,-0.3569177985191345,-0.01795746713261792,0.07871183753013611,-0.4145203232765198,-0.03051578953247258,0.09272265434265137,-0.465154767036438,-0.04020965240280816,0.00024625658988952637,-0.24870657920837402,-0.014994306036641092,0.013905942440032959,-0.3194343149662018,-0.027456739464213342,0.02711772918701172,-0.3624309301376343,-0.033636467078139276,0.040199458599090576,-0.4019111692905426,-0.03896877310555169
A,0.0,0.0,0.0,0.07087001204490662,-0.03223145008087158,-0.025464733012995566,0.12309330701828003,-0.12237578630447388,-0.027972741865596618,0.1357881724834442,-0.20934909582138062,-0.029388659515461768,0.10207214951515198,-0.2535620629787445,-0.03018700412758335,0.1073438823223114,-0.23245224356651306,0.0031319482968683587,0.12592244148254395,-0.31852152943611145,-0.00809961452432617,0.13221976161003113,-0.3704386353492737,-0.02356708689876541,0.13795965909957886,-0.4192552864551544,-0.03683406568416103,0.07079693675041199,-0.2559915781021118,0.003294147669294034,0.08662170171737671,-0.3536090552806854,-0.006922383674464072,0.09691578149795532,-0.4180222153663635,-0.021836635538420524,0.10642600059509277,-0.47483959794044495,-0.033969693698963965,0.03451618552207947,-0.25781407952308655,-0.0016280371910397662,0.05250200629234314,-0.3516600430011749,-0.014122945138296927,0.06641983985900879,-0.40922829508781433,-0.025693421133837546,0.07781016826629639,-0.4583646059036255,-0.03435120067842945,-0.005094751715660095,-0.24316152930259705,-0.010049739734313334,0.00766223669052124,-0.3149451017379761,-0.021876498007259215,0.018601641058921814,-0.3584272861480713,-0.027359240570149268,0.028788983821868896,-0.39767420291900635,-0.03178654319890484
A,0.0,0.0,0.0,0.0698433667421341,-0.03187966346740723,-0.023950983124706227,0.12031103670597076,-0.125682532787323,-0.024790726887914616,0.13037802278995514,-0.21223175525665283,-0.02433665497872539,0.09656082093715668,-0.25233739614486694,-0.023071445810529667,0.10150040686130524,-0.2329942286014557,0.0034652358787923276,0.11889146268367767,-0.3172411024570465,-0.006542949757459837,0.12446625530719757,-0.3695123493671417,-0.02066493435475536,0.12889494001865387,-0.4183858633041382,-0.032999303477737385,0.06573168933391571,-0.2564803659915924,0.003303802984845561,0.08110849559307098,-0.35336393117904663,-0.00558584165472098,0.09132237732410431,-0.41716063022613525,-0.01887965789708801,0.10012446343898773,-0.4734598696231842,-0.029560791614386517,0.03030724823474884,-0.2581172585487366,-0.0016895180399671972,0.046223387122154236,-0.3519015312194824,-0.013252822036776024,0.06032879650592804,-0.4090901017189026,-0.024272237258884388,0.07185696065425873,-0.4581710994243622,-0.032495789515706974,-0.007953673601150513,-0.24315407872200012,-0.010028554412457424,0.0027809888124465942,-0.3148902952671051,-0.021096570703122097,0.014614835381507874,-0.3555751442909241,-0.025829945045444447,0.026167765259742737,-0.39137357473373413,-0.029669447156521755
A,0.0,0.0,0.0,0.06931398808956146,-0.03351485729217529,-0.02194519756207569,0.11678393185138702,-0.12640315294265747,-0.021734394559956627,0.12556324899196625,-0.21006548404693604,-0.020623445937729912,0.09359191358089447,-0.24804779887199402,-0.018671056682563858,0.09867195785045624,-0.22974252700805664,0.006286351048998995,0.1150059849023819,-0.3137320280075073,-0.0028471937015126514,0.11948014795780182,-0.36580216884613037,-0.016003735790349083,0.12266959249973297,-0.4130745530128479,-0.027260497639275627,0.06303621828556061,-0.25182056427001953,0.006069495847128792,0.07817880809307098,-0.34757599234580994,-0.0014930987575496601,0.08757026493549347,-0.41063326597213745,-0.013400022367335396,0.09557567536830902,-0.46483391523361206,-0.022814026529289322,0.027900084853172302,-0.25297266244888306,0.0010431020442922545,0.042451754212379456,-0.3451097309589386,-0.008606072942114906,0.055440470576286316,-0.4013862609863281,-0.01814592858622177,0.06630419194698334,-0.44853267073631287,-0.025350302884675102,-0.009622827172279358,-0.23796239495277405,-0.007286350669659214,-0.0003397315740585327,-0.3070199489593506,-0.0164302144742976,0.010573789477348328,-0.3476908206939697,-0.020074097866512375,0.021922454237937927,-0.38329455256462097,-0.023113836029864387
A,0.0,0.0,0.0,0.0687161535024643,-0.03057318925857544,-0.024033022016453742,0.11625029146671295,-0.12407445907592773,-0.024050406083631515,0.12495772540569305,-0.21049365401268005,-0.022624694645571708,0.09176667034626007,-0.24665901064872742,-0.020079142317342757,0.09772078692913055,-0.22843512892723083,0.006519619472157956,0.11371536552906036,-0.3113204538822174,-0.0015899471670195453,0.11775605380535126,-0.36312806606292725,-0.014316454433071613,0.12020762264728546,-0.4096958637237549,-0.025363433078098296,0.06202639639377594,-0.2503403425216675,0.007700577940624953,0.0765879899263382,-0.34519731998443604,0.001342782614585758,0.0855448991060257,-0.4081222414970398,-0.010079755351114272,0.09282959997653961,-0.4620419144630432,-0.0192330208571434,0.02691282331943512,-0.25132814049720764,0.003835960155186058,0.04098011553287506,-0.34142303466796875,-0.005220228243786096,0.053622499108314514,-0.3970716595649719,-0.014824607312846183,0.06361515820026398,-0.44273537397384644,-0.0219912332447052,-0.010653510689735413,-0.23672190308570862,-0.003527329206633567,-0.0012737959623336792,-0.3049386739730835,-0.01248012473450899,0.009227767586708069,-0.3448977470397949,-0.016220304086971282,0.019722923636436462,-0.37934190034866333,-0.01924314433352947
A,0.0,0.0,0.0,0.06793385744094849,-0.03057950735092163,-0.02499564046655678,0.11529052257537842,-0.12177187204360962,-0.02594369331990265,0.1238647997379303,-0.20929217338562012,-0.02533150332664036,0.08995321393013,-0.246544748544693,-0.02361145111416363,0.09780114889144897,-0.22396934032440186,0.005645080854549178,0.11309689283370972,-0.3065730929374695,-0.002866066374451748,0.11674511432647705,-0.35752615332603455,-0.015660441095576516,0.11913001537322998,-0.4036239981651306,-0.02675444501136326,0.06219598650932312,-0.24652940034866333,0.0070542995011351195,0.07643702626228333,-0.34232762455940247,0.0004160064339089331,0.08546283841133118,-0.4047698378562927,-0.011139136354074708,0.09309804439544678,-0.4590122103691101,-0.02042785714064621,0.027261465787887573,-0.24802720546722412,0.0033402421170762864,0.04097110033035278,-0.33907121419906616,-0.006354708770857087,0.05387222766876221,-0.39426475763320923,-0.01610312851761364,0.0644807517528534,-0.4398084580898285,-0.02327299172674202,-0.010364383459091187,-0.23376885056495667,-0.0038825814487495336,-0.0015470385551452637,-0.30237308144569397,-0.013445790472076169,0.009025484323501587,-0.3418978452682495,-0.01737859154735588,0.019838541746139526,-0.3761941194534302,-0.02050958069656872
A,0.0,0.0,0.0,0.06729516386985779,-0.029272496700286865,-0.025365708015186783,0.11579686403274536,-0.11971062421798706,-0.026739095888359543,0.125657320022583,-0.20663362741470337,-0.026293877131564614,0.09108856320381165,-0.24479618668556213,-0.02473518773101091,0.09878382086753845,-0.2227175235748291,0.0037237891542929447,0.11503070592880249,-0.30620837211608887,-0.005296457178218361,0.11875605583190918,-0.3584243655204773,-0.018169203392488953,0.12093523144721985,-0.4049025774002075,-0.029173757500274178,0.06299030780792236,-0.24542292952537537,0.005421430253164772,0.07879030704498291,-0.3408924341201782,-0.0017245594330859149,0.08842620253562927,-0.4035567045211792,-0.013174035205764767,0.09606829285621643,-0.45659589767456055,-0.022155206269843575,0.027726173400878906,-0.24690979719161987,0.002115935467855934,0.04206472635269165,-0.3378603458404541,-0.007804999678654667,0.05526453256607056,-0.3933423161506653,-0.017466539136393067,0.06584912538528442,-0.43829041719436646,-0.024502981073482033,-0.009765446186065674,-0.23252663016319275,-0.004682318858129975,-0.00025451183319091797,-0.30059024691581726,-0.01452685202590942,0.010673344135284424,-0.3400130569934845,-0.018573851875288483,0.02178850769996643,-0.3737567961215973,-0.02165913916311979
A,0.0,0.0,0.0,0.06811140477657318,-0.026574373245239258,-0.026056864235641797,0.11860097944736481,-0.11984127759933472,-0.026965255785825093,0.12761472165584564,-0.20794513821601868,-0.025631728518845875,0.09069530665874481,-0.24294963479042053,-0.023054513085725148,0.10201375186443329,-0.2206815481185913,0.0026408993340112374,0.11833183467388153,-0.3031819462776184,-0.006067700155170996,0.12189848721027374,-0.3554382622241974,-0.018628110114576657,0.12405164539813995,-0.40116968750953674,-0.029471057403924306,0.06578142940998077,-0.24519774317741394,0.004887535765675466,0.08143909275531769,-0.34107059240341187,-0.0016727606366373493,0.0913376659154892,-0.40399980545043945,-0.012545810017826398,0.09936870634555817,-0.457021027803421,-0.021101024869921048,0.030545607209205627,-0.24742668867111206,0.0021462136114962505,0.0446925014257431,-0.33784645795822144,-0.007153152424933751,0.058069273829460144,-0.39352405071258545,-0.01670200650775655,0.06860123574733734,-0.4389120638370514,-0.023812719557525952,-0.006593689322471619,-0.2331576943397522,-0.0041725946889243914,0.0028632134199142456,-0.29920515418052673,-0.013459884498359997,0.01338842511177063,-0.33812808990478516,-0.01747628574455007,0.02403642237186432,-0.3722965121269226,-0.020720644790770848
A,0.0,0.0,0.0,0.06901642680168152,-0.028188228607177734,-0.02376587074743952,0.11805403232574463,-0.12015432119369507,-0.024046070319883484,0.12683743238449097,-0.2069796323776245,-0.022724819747082847,0.0909651517868042,-0.24223709106445312,-0.02050797585891928,0.10135900974273682,-0.22150439023971558,0.0034622315733656706,0.11862856149673462,-0.3048315644264221,-0.005271546454451936,0.12320557236671448,-0.35693973302841187,-0.017719875467292923,0.12640225887298584,-0.4029834270477295,-0.028717705426089424,0.06594276428222656,-0.2456573247909546,0.004381959880419117,0.08137503266334534,-0.3408554792404175,-0.0031792671934738337,0.09134286642074585,-0.4034709930419922,-0.014919532840423244,0.0995032787322998,-0.45633453130722046,-0.02421080079423632,0.031216084957122803,-0.24786502122879028,0.0005947598556019784,0.04552754759788513,-0.33856019377708435,-0.009676969987623352,0.05917990207672119,-0.394307017326355,-0.020083430600635666,0.07036173343658447,-0.44023357331752777,-0.027805305463544983,-0.005826905369758606,-0.2336912453174591,-0.00647491626935448,0.003220662474632263,-0.30044203996658325,-0.01678936500596251,0.014513880014419556,-0.3406332731246948,-0.02185617704438414,0.02631688117980957,-0.37572962045669556,-0.025893132579795974
A,0.0,0.0,0.0,0.06869147717952728,-0.028576195240020752,-0.02476932912850316,0.11792825162410736,-0.11859434843063354,-0.02614104434633191,0.12600789964199066,-0.2052168846130371,-0.025769787503122643,0.0897054523229599,-0.24275550246238708,-0.024523867888092354,0.10268811881542206,-0.21876290440559387,0.002074632199764892,0.11944164335727692,-0.3020460605621338,-0.007528977596848563,0.1234661191701889,-0.3548836410045624,-0.020538394001960114,0.12645064294338226,-0.4019150137901306,-0.03190000600898202,0.06669364869594574,-0.24361270666122437,0.0031523100215054,0.08211420476436615,-0.33942002058029175,-0.00527403283649619,0.0919746607542038,-0.4026046693325043,-0.017584650439857796,0.10060589015483856,-0.4562428891658783,-0.027318182063936547,0.03126464784145355,-0.24635010957717896,-0.0005512575853572343,0.045635953545570374,-0.3369022011756897,-0.011775860225498036,0.05954654514789581,-0.3930289149284363,-0.022679048252939538,0.07141853868961334,-0.4394962787628174,-0.03070169932925637,-0.006630077958106995,-0.23301145434379578,-0.007557021116554097,0.0031311213970184326,-0.29999494552612305,-0.018770728854178742,0.014536753296852112,-0.3400192856788635,-0.024179135111808137,0.026737049221992493,-0.3754975497722626,-0.02841472498857911
A,0.0,0.0,0.0,0.0699341893196106,-0.026607275009155273,-0.023841059002847942,0.11940878629684448,-0.1161460280418396,-0.024075839835973056,0.12883234024047852,-0.20126181840896606,-0.02267848717031029,0.09602203965187073,-0.240658700466156,-0.02035881781932858,0.10632500052452087,-0.21731945872306824,0.0034520484695121922,0.12365472316741943,-0.3003658056259155,-0.005858600772739919,0.1286214292049408,-0.35330766439437866,-0.018835861403317722,0.1327686905860901,-0.4000468850135803,-0.030108800325365337,0.07064893841743469,-0.24293041229248047,0.0046116926895365395,0.08670875430107117,-0.3383404612541199,-0.003515656972126635,0.09721702337265015,-0.40168297290802,-0.01591232808289078,0.10681125521659851,-0.4546383023262024,-0.02568948658165482,0.035226792097091675,-0.24625995755195618,0.0010553160171866693,0.04999479651451111,-0.33654797077178955,-0.009611838664682182,0.06422537565231323,-0.39263543486595154,-0.020507682282300266,0.07666271924972534,-0.43859487771987915,-0.028546650130124362,-0.002486318349838257,-0.23331162333488464,-0.005752459801556142,0.007802069187164307,-0.3001668453216553,-0.016485950145693096,0.019872471690177917,-0.34061577916145325,-0.021942084822626384,0.032876670360565186,-0.37625986337661743,-0.0261716378664687
A,0.0,0.0,0.0,0.06834067404270172,-0.02750462293624878,-0.02468711318078931,0.11853931844234467,-0.1172139048576355,-0.025592572927507717,0.1288740485906601,-0.20304158329963684,-0.024782186314496357,0.09478296339511871,-0.24248576164245605,-0.023063352271947224,0.10552243888378143,-0.22027432918548584,0.0028802480678677966,0.12383745610713959,-0.3030236065387726,-0.006706235870751698,0.12924699485301971,-0.3562290370464325,-0.020144509092006047,0.13351421058177948,-0.4041195809841156,-0.03186581091586049,0.07043062150478363,-0.24596986174583435,0.003840711260181706,0.08755539357662201,-0.3409190773963928,-0.004630906447800953,0.09847919642925262,-0.4050161838531494,-0.01769701758030351,0.1081029623746872,-0.45962440967559814,-0.027955701515111286,0.035133108496665955,-0.24947553873062134,5.754190851803287e-05,0.0515163391828537,-0.3394572138786316,-0.011006187588009197,0.06650342047214508,-0.39626991748809814,-0.022485252410206158,0.07963059842586517,-0.44366027414798737,-0.030927654296192486,-0.0031585246324539185,-0.23650944232940674,-0.007052675761315186,0.007232993841171265,-0.3030351400375366,-0.018339645057949383,0.019695207476615906,-0.34373682737350464,-0.024056089982423146,0.033309534192085266,-0.3797527551651001,-0.028412587881121
A,0.0,0.0,0.0,0.06794619560241699,-0.027145206928253174,-0.025928463983831307,0.12081179022789001,-0.11434590816497803,-0.028087327453789612,0.13245174288749695,-0.20105844736099243,-0.028279951039252182,0.09997954964637756,-0.2437756359577179,-0.027478341210184,0.10992816090583801,-0.21697929501533508,0.0008105863593357299,0.1298852562904358,-0.29916930198669434,-0.009721838134822747,0.13683238625526428,-0.35183781385421753,-0.023476455557641884,0.1428947150707245,-0.39932411909103394,-0.035220731246766945,0.07528743147850037,-0.24335899949073792,0.0020314532224858795,0.09417858719825745,-0.3394804298877716,-0.006777840397802493,0.10557159781455994,-0.40304094552993774,-0.01953718272179117,0.11624225974082947,-0.45863813161849976,-0.029586076933441063,0.04002571105957031,-0.2476358711719513,-0.001581962068115672,0.05759677290916443,-0.3378028869628906,-0.012695786740181347,0.07242375612258911,-0.39353618025779724,-0.02320793290763845,0.08544367551803589,-0.44147343933582306,-0.031065326381025216,0.0006564110517501831,-0.23543667793273926,-0.008658701750931641,0.012565463781356812,-0.3008755147457123,-0.019733956280646225,0.024783581495285034,-0.3412855267524719,-0.02470882070392122,0.03739577531814575,-0.37867453694343567,-0.028562644693550965
A,0.0,0.0,0.0,0.0689777135848999,-0.02447652816772461,-0.025630713913415093,0.12274855375289917,-0.11129707098007202,-0.02715815371630015,0.13522017002105713,-0.19742393493652344,-0.026765642229293007,0.10327699780464172,-0.24208161234855652,-0.025386161643837113,0.11516785621643066,-0.2113150954246521,0.0010763723330455832,0.13745135068893433,-0.2925901710987091,-0.009471739183936734,0.14591118693351746,-0.34573471546173096,-0.023421704310749192,0.15350496768951416,-0.39420369267463684,-0.03551686881837668,0.08176696300506592,-0.24027353525161743,0.0021180771218496375,0.10261112451553345,-0.3360525369644165,-0.0068051004855078645,0.11566019058227539,-0.400298535823822,-0.01993800467607798,0.12769058346748352,-0.4567256569862366,-0.03049899964389624,0.04681578278541565,-0.24669775366783142,-0.001703874564555008,0.06634625792503357,-0.337074875831604,-0.01327976259199204,0.08209589123725891,-0.3931683301925659,-0.024691013160918374,0.09520211815834045,-0.44150950014591217,-0.03326019226369681,0.007807046175003052,-0.23670166730880737,-0.008929348092351574,0.02116037905216217,-0.302539587020874,-0.020788656089280266,0.03365066647529602,-0.342961847782135,-0.026689288679335732,0.04604679346084595,-0.3802335858345032,-0.03129759012517752
A,0.0,0.0,0.0,0.07026705145835876,-0.016234099864959717,-0.028803086460300165,0.12898704409599304,-0.09831953048706055,-0.031810153827734666,0.14612671732902527,-0.1826486587524414,-0.03229866232044287,0.11488285660743713,-0.22915461659431458,-0.031871580139466005,0.1270410418510437,-0.20233461260795593,-0.0030811169116873316,0.15349814295768738,-0.28144925832748413,-0.015491193712421136,0.1633549928665161,-0.33515122532844543,-0.031179225624271112,0.1716589629650116,-0.38550418615341187,-0.0446642680025775,0.09526914358139038,-0.23415809869766235,-0.0013222358820144109,0.12099075317382812,-0.32759594917297363,-0.012027670250006395,0.13632678985595703,-0.39151495695114136,-0.02671136017210074,0.15005895495414734,-0.44851046800613403,-0.0385912774062831,0.06024855375289917,-0.24274146556854248,-0.004644602157839017,0.08652091026306152,-0.3316640257835388,-0.01800747643477507,0.10474938154220581,-0.3880929946899414,-0.031024236784048753,0.1191408634185791,-0.43761327862739563,-0.04070136378771849,0.02048797905445099,-0.23495358228683472,-0.011554265946813302,0.03972160816192627,-0.29996973276138306,-0.025107643187709527,0.05413219332695007,-0.341840535402298,-0.032440294132300096,0.06757360696792603,-0.3813416063785553,-0.038078349635668474
A,0.0,0.0,0.0,0.07072064280509949,-0.007021129131317139,-0.03348278606870281,0.13612455129623413,-0.07670825719833374,-0.03930861855485546,0.15700748562812805,-0.16138994693756104,-0.04202980528214084,0.1280607283115387,-0.21477538347244263,-0.04365524257161724,0.1422124207019806,-0.1859748661518097,-0.005882179630930295,0.17423704266548157,-0.2634897828102112,-0.01950335668959724,0.18752723932266235,-0.31707024574279785,-0.036313805529857746,0.19975367188453674,-0.3680073022842407,-0.05061391348579036,0.1123616099357605,-0.22214701771736145,-0.0025953669436376003,0.14490735530853271,-0.31228792667388916,-0.014149767147387138,0.16417312622070312,-0.3748900890350342,-0.03036749715545284,0.18235987424850464,-0.43119294941425323,-0.04366432482936489,0.07785901427268982,-0.23590481281280518,-0.004850710077221265,0.10996994376182556,-0.32160627841949463,-0.018809161880994907,0.13225510716438293,-0.3764526844024658,-0.033052135059620014,0.15066847205162048,-0.4239543378353119,-0.04370195771195995,0.03754425048828125,-0.2352045774459839,-0.011145745204771629,0.06196099519729614,-0.29992786049842834,-0.024697659337903133,0.0802527368068695,-0.3403317332267761,-0.032533380934978595,0.09787014126777649,-0.37778955698013306,-0.03867689127662288
A,0.0,0.0,0.0,0.06757694482803345,-0.002807915210723877,-0.03333016266620348,0.13551199436187744,-0.06332111358642578,-0.0402401626626272,0.16094565391540527,-0.14430058002471924,-0.04382980769074152,0.1351289451122284,-0.20060697197914124,-0.046492593042017916,0.14685705304145813,-0.1760966181755066,-0.009520872175158956,0.18057194352149963,-0.2532108724117279,-0.02443304812109659,0.19666528701782227,-0.30690452456474304,-0.0417277679363508,0.21205443143844604,-0.35684478282928467,-0.056026337347390154,0.11820504069328308,-0.21476715803146362,-0.006374311778159836,0.15449944138526917,-0.30624017119407654,-0.01891529900527189,0.1773476004600525,-0.3681125044822693,-0.03500014325177858,0.19943243265151978,-0.4228954017162323,-0.04781193067825029,0.08476459980010986,-0.23027119040489197,-0.008288154988946417,0.11903521418571472,-0.3146577477455139,-0.02224505474364946,0.14390116930007935,-0.3677906095981598,-0.035169677487971285,0.16611194610595703,-0.4140836000442505,-0.04474860211408327,0.04488369822502136,-0.23080188035964966,-0.01420231876468847,0.07030287384986877,-0.29378819465637207,-0.027423880673410395,0.09039786458015442,-0.3314974904060364,-0.033877720735432604,0.11057472229003906,-0.3663144111633301,-0.038736844114424684
A,0.0,0.0,0.0,0.06710690259933472,-0.0003178715705871582,-0.033615319912712494,0.13511893153190613,-0.054180264472961426,-0.041516943757812896,0.16375234723091125,-0.13269221782684326,-0.04623028162626497,0.141424298286438,-0.19268321990966797,-0.050051576381008545,0.15353065729141235,-0.16545283794403076,-0.010438612585346618,0.1914358139038086,-0.23964139819145203,-0.026434576993267456,0.21000057458877563,-0.29155752062797546,-0.04456988621262781,0.22816866636276245,-0.34093743562698364,-0.059483054017107406,0.12730279564857483,-0.20671260356903076,-0.007775868212263504,0.16794896125793457,-0.2942247986793518,-0.021667511125485817,0.19362789392471313,-0.3546364903450012,-0.03888901594785921,0.2183527648448944,-0.4086669683456421,-0.052620551471989074,0.09501093626022339,-0.22533264756202698,-0.010253767406027237,0.13430753350257874,-0.3077383041381836,-0.025966421624104896,0.16182810068130493,-0.3592885732650757,-0.0403788154175686,0.18589451909065247,-0.404335081577301,-0.05072910982875101,0.05565950274467468,-0.229030042886734,-0.01664714414386026,0.0860014259815216,-0.2906804084777832,-0.03157128292826883,0.10840162634849548,-0.3286028504371643,-0.039475998764316955,0.1300426721572876,-0.36324360966682434,-0.045192017143051544
A,0.0,0.0,0.0,0.06808845698833466,0.007155895233154297,-0.03582673155398197,0.13834981620311737,-0.041113197803497314,-0.04440978922576733,0.16866301000118256,-0.12046319246292114,-0.04926363014311619,0.1460253745317459,-0.1807585060596466,-0.0533718467566473,0.15699292719364166,-0.1528623104095459,-0.014897669746289921,0.19738365709781647,-0.22703120112419128,-0.03234551110000439,0.21860603988170624,-0.28040996193885803,-0.051008779636333657,0.23900963366031647,-0.3307840824127197,-0.06635188319415875,0.1326218992471695,-0.19652417302131653,-0.011644248000095558,0.1776147037744522,-0.28647536039352417,-0.02691664741070099,0.2066451460123062,-0.34691041707992554,-0.044849436810920906,0.23462216556072235,-0.4003235101699829,-0.05889797963828869,0.10114185512065887,-0.2170686423778534,-0.013410198583017063,0.14280928671360016,-0.300644189119339,-0.030386041930626106,0.17263861000537872,-0.35215437412261963,-0.045637108466337395,0.1991894394159317,-0.39691728353500366,-0.05648382016153164,0.0620432049036026,-0.2232712209224701,-0.019233899271796417,0.09282107651233673,-0.2843725383281708,-0.03541634612412281,0.1167953759431839,-0.32008597254753113,-0.044120945117185784,0.1403544694185257,-0.3524971008300781,-0.05041369803876705
A,0.0,0.0,0.0,0.06686931848526001,0.005040466785430908,-0.034075736495822184,0.13646242022514343,-0.04136824607849121,-0.042489651086896174,0.16418543457984924,-0.11980617046356201,-0.04739291915592503,0.14570239186286926,-0.18140262365341187,-0.05166660571393322,0.15927886962890625,-0.1534501314163208,-0.014091559182077162,0.2009296715259552,-0.22585508227348328,-0.0312784979670937,0.22217270731925964,-0.2786743640899658,-0.049528263005583995,0.24215063452720642,-0.3284868597984314,-0.06442424232062649,0.13498902320861816,-0.19634157419204712,-0.0117004406258161,0.18191102147102356,-0.2834036350250244,-0.026976890358298533,0.21094614267349243,-0.34260544180870056,-0.04459854537543606,0.2384124994277954,-0.39444857835769653,-0.05820778706964802,0.10344240069389343,-0.21670383214950562,-0.0141281033485825,0.14722809195518494,-0.2989276945590973,-0.03123788112696957,0.17700934410095215,-0.3489840030670166,-0.046057302001088374,0.2037251889705658,-0.39236152172088623,-0.05646079728302311,0.06321746110916138,-0.2228716015815735,-0.020359202715724223,0.09582889080047607,-0.2821970582008362,-0.03682681122717213,0.1207650899887085,-0.31595587730407715,-0.04512626627382588,0.14523807168006897,-0.3460524082183838,-0.050873241814940684
A,0.0,0.0,0.0,0.06637132167816162,0.008548617362976074,-0.03603956539581077,0.1381344199180603,-0.03468358516693115,-0.045313064646222756,0.1669043004512787,-0.11439794301986694,-0.05073239345500724,0.14676252007484436,-0.17755475640296936,-0.05547844309757011,0.1617828607559204,-0.14705777168273926,-0.01585051108548896,0.20523947477340698,-0.21823036670684814,-0.03380148921559112,0.2272958755493164,-0.2712731957435608,-0.052642446648576424,0.24786528944969177,-0.32130175828933716,-0.06798544962356345,0.13791248202323914,-0.19081363081932068,-0.012885776054361031,0.18703395128250122,-0.27698203921318054,-0.029003171887495682,0.2176380753517151,-0.3366275429725647,-0.047328416895368264,0.24604082107543945,-0.38855499029159546,-0.06145465065191047,0.10652762651443481,-0.21202093362808228,-0.014905877117314503,0.15176621079444885,-0.2936805486679077,-0.032864485573270485,0.183388352394104,-0.3440006375312805,-0.048419029157855675,0.21122229099273682,-0.3872081935405731,-0.059329745065667794,0.06619444489479065,-0.21942034363746643,-0.020903565626838372,0.10033884644508362,-0.2773464620113373,-0.03805442963192718,0.1263473629951477,-0.31121623516082764,-0.04700518835733192,0.15187931060791016,-0.3418242633342743,-0.05332877923200385
A,0.0,0.0,0.0,0.06677103042602539,0.007585287094116211,-0.0370379571380397,0.1385941505432129,-0.03313255310058594,-0.047209143316962354,0.16975867748260498,-0.11148649454116821,-0.053713529980399244,0.14948084950447083,-0.17686522006988525,-0.059576023048379056,0.1640995442867279,-0.1484556794166565,-0.014801269075491064,0.20777735114097595,-0.21923041343688965,-0.032347101396538847,0.22966104745864868,-0.2714138329029083,-0.051594737595536344,0.2506474554538727,-0.3218454122543335,-0.06760247392080032,0.13954228162765503,-0.19237089157104492,-0.011534956893541448,0.18766433000564575,-0.2757679522037506,-0.02722592433414661,0.21779152750968933,-0.3345072567462921,-0.04627525029204094,0.24623826146125793,-0.3871932029724121,-0.06140873549006187,0.10722172260284424,-0.2133294641971588,-0.013392883031286829,0.15271711349487305,-0.29197975993156433,-0.030960242873646848,0.18334642052650452,-0.33922743797302246,-0.04625816611073219,0.21026065945625305,-0.3804249167442322,-0.05724783954642021,0.06632417440414429,-0.2196018099784851,-0.019400046816684835,0.09894061088562012,-0.27652814984321594,-0.036157756722190015,0.12444502115249634,-0.30886149406433105,-0.04480462861678802,0.1492018699645996,-0.3377060890197754,-0.051083784228779905
A,0.0,0.0,0.0,0.06628219783306122,0.008557558059692383,-0.037307797701259915,0.13757582008838654,-0.03322315216064453,-0.047200749398371045,0.1687825471162796,-0.11202657222747803,-0.053443397165438,0.14978335797786713,-0.1774967610836029,-0.05907566729297287,0.16334624588489532,-0.14622724056243896,-0.014537636892100636,0.20654402673244476,-0.21663686633110046,-0.032054777027269665,0.22853519022464752,-0.26912492513656616,-0.05138169112910873,0.24973948299884796,-0.3199453353881836,-0.06750997784843094,0.1388985961675644,-0.18999788165092468,-0.01105208206286079,0.1869610697031021,-0.27283430099487305,-0.026949911148449246,0.21738113462924957,-0.3318623900413513,-0.04640657338609344,0.24626357853412628,-0.384870320558548,-0.06190926465501434,0.10663716495037079,-0.2110384702682495,-0.012794380777677361,0.15193159878253937,-0.2889140248298645,-0.030693596930404965,0.182956263422966,-0.33710068464279175,-0.04689428094138748,0.21013297140598297,-0.37927597761154175,-0.058572928191324536,0.06634517014026642,-0.21795132756233215,-0.018687248931428257,0.09980262815952301,-0.2752339839935303,-0.035745083124538723,0.12551625072956085,-0.3082067370414734,-0.04512207466473228,0.15042133629322052,-0.33774334192276,-0.05209668237080223
A,0.0,0.0,0.0,0.06688395142555237,0.009710550308227539,-0.037013325416921816,0.13889428973197937,-0.03162509202957153,-0.04628522651779576,0.1703307330608368,-0.11031562089920044,-0.05181157546627446,0.1525445580482483,-0.1759558916091919,-0.056589118713020525,0.16381090879440308,-0.1465429663658142,-0.013419524343191824,0.2072981595993042,-0.2171531617641449,-0.030012990856050692,0.22932890057563782,-0.26896125078201294,-0.048609599047779284,0.2505761981010437,-0.318814218044281,-0.06409593629228993,0.13934490084648132,-0.1896921992301941,-0.009361865506946287,0.1871972382068634,-0.272324800491333,-0.024072013372062884,0.21753963828086853,-0.3305072784423828,-0.04266512724149152,0.24644845724105835,-0.3824508488178253,-0.05744825261223241,0.10737138986587524,-0.21036392450332642,-0.010484784418224535,0.15295898914337158,-0.2879915237426758,-0.027164300480365,0.18398678302764893,-0.3354766368865967,-0.04238368155944272,0.21125462651252747,-0.3768857717514038,-0.05335187869656011,0.0673636794090271,-0.21704581379890442,-0.015748535790919505,0.10060110688209534,-0.274200439453125,-0.031588248485206805,0.12614023685455322,-0.3063015043735504,-0.039996370249866686,0.15081864595413208,-0.3350263833999634,-0.046178556555389605
A,0.0,0.0,0.0,0.0652940571308136,0.011435151100158691,-0.03723566460897132,0.13771140575408936,-0.029945850372314453,-0.046269433978096686,0.17058688402175903,-0.10848528146743774,-0.051509427311913214,0.15206220746040344,-0.1736566424369812,-0.05602322373081847,0.1628096103668213,-0.14595550298690796,-0.014090816895560465,0.20628398656845093,-0.21697881817817688,-0.03028743754614993,0.22815167903900146,-0.26893150806427,-0.048457863214508734,0.24903655052185059,-0.31875860691070557,-0.06378104391981765,0.13881409168243408,-0.18945959210395813,-0.009997461396352492,0.18626081943511963,-0.2718445360660553,-0.024216762217776022,0.21583470702171326,-0.32993561029434204,-0.04246416914750739,0.24392569065093994,-0.38183921575546265,-0.05716119933416053,0.10721495747566223,-0.21048155426979065,-0.011043397183613024,0.15264683961868286,-0.28807711601257324,-0.027274081888691626,0.18307346105575562,-0.3351905345916748,-0.042304909261957846,0.20972836017608643,-0.37653958797454834,-0.053357964786783896,0.06746876239776611,-0.21761783957481384,-0.016278474065558157,0.1005580723285675,-0.2749031186103821,-0.03197862434674903,0.12556767463684082,-0.3065440058708191,-0.04035838547636672,0.1496948003768921,-0.33484628796577454,-0.04664363193799659
A,0.0,0.0,0.0,0.06547830998897552,0.011757850646972656,-0.03735286374299562,0.13868890702724457,-0.03042691946029663,-0.04629697655050791,0.17226050794124603,-0.11002987623214722,-0.0513747707447294,0.15213914215564728,-0.17399150133132935,-0.055793345018315676,0.16338776051998138,-0.14544391632080078,-0.01426938832460678,0.20647300779819489,-0.2162153720855713,-0.030358305244732264,0.2280571013689041,-0.2684694230556488,-0.048664223446536425,0.24863578379154205,-0.31860995292663574,-0.0641962662777189,0.1389961689710617,-0.189123272895813,-0.010191976136553649,0.18620599806308746,-0.2718116343021393,-0.024454454003858928,0.21570269763469696,-0.3305680751800537,-0.042926214679170016,0.24368764460086823,-0.3831509053707123,-0.057808041616368655,0.10693173110485077,-0.21017155051231384,-0.01120858271329439,0.15191932022571564,-0.2883213758468628,-0.027607582553315524,0.18222205340862274,-0.3364449739456177,-0.04291550446956194,0.208778515458107,-0.37884148955345154,-0.05417098109333551,0.06663040816783905,-0.21749868988990784,-0.016399249478268985,0.09960316121578217,-0.2755933403968811,-0.03226844598262346,0.12466780841350555,-0.3082696199417114,-0.040814276828456286,0.14913125336170197,-0.3376672863960266,-0.04727633674352205
A,0.0,0.0,0.0,0.06741179525852203,0.008535146713256836,-0.034218180282181265,0.14011944830417633,-0.03720802068710327,-0.04159650142318583,0.17325185239315033,-0.11539566516876221,-0.04566812823540545,0.1519496589899063,-0.17865043878555298,-0.04908805648810244,0.16271178424358368,-0.15202057361602783,-0.010574926911061766,0.20579750835895538,-0.22310605645179749,-0.02534917677766657,0.22730223834514618,-0.27451837062835693,-0.04281996126300669,0.24774591624736786,-0.3236357569694519,-0.057713224841421606,0.13799123466014862,-0.19496160745620728,-0.0074191091676709675,0.18379433453083038,-0.27834802865982056,-0.020435574753349783,0.2129814177751541,-0.3366464376449585,-0.03793267468935824,0.24051620066165924,-0.38869744539260864,-0.05202498222715235,0.1058000773191452,-0.215316504240036,-0.009154547294741633,0.14982493221759796,-0.29376280307769775,-0.024043117938703062,0.1799260824918747,-0.3416120111942291,-0.038295376403397086,0.20634780824184418,-0.3839709758758545,-0.048906679554050925,0.06560061872005463,-0.22173383831977844,-0.01485734648085213,0.09748731553554535,-0.28017276525497437,-0.02919294248349047,0.12225465476512909,-0.3129799962043762,-0.0366849371326623,0.1467067450284958,-0.3422931134700775,-0.04241953353411532
A,0.0,0.0,0.0,0.0676281750202179,0.010299980640411377,-0.03357896362132351,0.14018547534942627,-0.03366804122924805,-0.0405285224754266,0.17434364557266235,-0.11013597249984741,-0.04426004145926754,0.15501412749290466,-0.1707867980003357,-0.047430803670351906,0.1608511507511139,-0.1511816382408142,-0.011742682798569604,0.20402362942695618,-0.22289711236953735,-0.02740000341719906,0.2258446216583252,-0.27604883909225464,-0.04490115646905224,0.2458830177783966,-0.32652658224105835,-0.05961384405082981,0.13597851991653442,-0.19398456811904907,-0.009164541630809708,0.18341055512428284,-0.2787255048751831,-0.02311782692260067,0.21329852938652039,-0.33798906207084656,-0.040395078851645394,0.24084368348121643,-0.39093145728111267,-0.054027376367514535,0.1039055585861206,-0.21438917517662048,-0.011416336192553445,0.14826005697250366,-0.2942213714122772,-0.02736968141681473,0.17872902750968933,-0.34313976764678955,-0.041722928776209756,0.20554599165916443,-0.38675639033317566,-0.052109343602126046,0.06360802054405212,-0.22034811973571777,-0.017552166848247452,0.09600186347961426,-0.2787037789821625,-0.032966686083739205,0.12106376886367798,-0.31166839599609375,-0.04088278268164913,0.14571160078048706,-0.3417435586452484,-0.04670136947817127
A,0.0,0.0,0.0,0.06819730997085571,0.009301483631134033,-0.03313330574243878,0.13988322019577026,-0.03583502769470215,-0.04011501757710789,0.17273616790771484,-0.11218065023422241,-0.04413607357352589,0.15312537550926208,-0.17241394519805908,-0.047757942362721906,0.15923640131950378,-0.15461134910583496,-0.011029489471610532,0.20156586170196533,-0.22635817527770996,-0.026427291466887937,0.2228763997554779,-0.27791112661361694,-0.043972410394843564,0.24276649951934814,-0.32697543501853943,-0.058838468178208814,0.13348564505577087,-0.19610926508903503,-0.008588937244411454,0.17852628231048584,-0.2812649607658386,-0.02262905253380154,0.20704391598701477,-0.34018874168395996,-0.040477562828954206,0.23388323187828064,-0.39316534996032715,-0.0547392220637164,0.10110557079315186,-0.21528354287147522,-0.010927553421851144,0.14464649558067322,-0.2951433062553406,-0.026992544665034757,0.17445161938667297,-0.34453079104423523,-0.041754871740039334,0.20073914527893066,-0.3888012766838074,-0.052562013401683316,0.06090426445007324,-0.22018232941627502,-0.017057171224649892,0.0930308997631073,-0.27896252274513245,-0.03259924439996098,0.11757004261016846,-0.31284403800964355,-0.040790952875312314,0.14158043265342712,-0.34395602345466614,-0.04692925898640965
A,0.0,0.0,0.0,0.0688423216342926,0.008776247501373291,-0.033204587111725914,0.14001718163490295,-0.03848665952682495,-0.040018139342322456,0.17197144031524658,-0.11530697345733643,-0.04385530755902778,0.15118440985679626,-0.17558014392852783,-0.04721723304177772,0.1586070954799652,-0.1542959213256836,-0.010913619706883537,0.20056217908859253,-0.22616899013519287,-0.02660780952359687,0.2218284010887146,-0.27840039134025574,-0.04427804605151664,0.24149712920188904,-0.32863953709602356,-0.05909677402163993,0.13289260864257812,-0.19666650891304016,-0.008539895462348568,0.17843589186668396,-0.28138282895088196,-0.022562818537011253,0.20725178718566895,-0.3413161635398865,-0.04004426852847587,0.23409134149551392,-0.39556679129600525,-0.05392249853397857,0.10029584169387817,-0.21667969226837158,-0.011061285557701694,0.14356979727745056,-0.2963535189628601,-0.026865553046121704,0.17316988110542297,-0.34594225883483887,-0.04120776609565269,0.1992623209953308,-0.3905642628669739,-0.051616152683749306,0.05979561805725098,-0.2227538526058197,-0.017454855079307663,0.0914907455444336,-0.28235846757888794,-0.03258993283893119,0.11600935459136963,-0.3164539337158203,-0.04040200443054687,0.14012160897254944,-0.3477095365524292,-0.046228298852696526
A,0.0,0.0,0.0,0.07129575312137604,0.009575605392456055,-0.030821307864300707,0.14251212775707245,-0.03705877065658569,-0.03650139209281633,0.17399652302265167,-0.11138331890106201,-0.039479635026566484,0.1514732390642166,-0.16670435667037964,-0.042088616010062196,0.15835769474506378,-0.15287649631500244,-0.00997580711197088,0.2003145068883896,-0.22419676184654236,-0.025046850856654146,0.2219342738389969,-0.27557173371315,-0.04184982490193079,0.24163152277469635,-0.32435813546180725,-0.05590766977917383,0.13231389224529266,-0.1949004828929901,-0.00862360217075775,0.1783720701932907,-0.2809183597564697,-0.022216857712976434,0.20773644745349884,-0.34024930000305176,-0.038830767687670686,0.23452042043209076,-0.3932080864906311,-0.05179598864566515,0.09941177070140839,-0.21484646201133728,-0.011864752810708978,0.14251808822155,-0.2958930730819702,-0.027420637499801614,0.1729346662759781,-0.3454875946044922,-0.04160170566689203,0.19994352757930756,-0.38948917388916016,-0.05170813512455652,0.05844093859195709,-0.22051766514778137,-0.018718912568203905,0.08960337936878204,-0.28076496720314026,-0.033555108424536684,0.1141066700220108,-0.3151674270629883,-0.041121839847676256,0.13844500482082367,-0.3466373682022095,-0.046694252010695436
A,0.0,0.0,0.0,0.0700778216123581,0.011004984378814697,-0.031073411783268057,0.14263387024402618,-0.029415249824523926,-0.03832259387343129,0.17606563866138458,-0.10231584310531616,-0.04279007003276547,0.1540069729089737,-0.1587488055229187,-0.046963509028842054,0.16343118250370026,-0.14488840103149414,-0.011630059076537691,0.20800115168094635,-0.21089285612106323,-0.027504889151146017,0.2307668775320053,-0.260026752948761,-0.045148197418143354,0.2511030584573746,-0.3067470192909241,-0.05958534762828549,0.13923995196819305,-0.18851852416992188,-0.010184643646766744,0.18773721158504486,-0.26936575770378113,-0.023706106325676046,0.21669290959835052,-0.32630500197410583,-0.04005544990866383,0.2414254993200302,-0.3772083520889282,-0.053010370438983045,0.10752929747104645,-0.21076953411102295,-0.013297438478161894,0.15210862457752228,-0.286113977432251,-0.02823696271150311,0.18252556025981903,-0.333748459815979,-0.04169654086797436,0.20794041454792023,-0.37671971321105957,-0.05149378613202771,0.06616838276386261,-0.21920636296272278,-0.020008377587487303,0.0995231419801712,-0.27682849764823914,-0.03416135520308217,0.12437041103839874,-0.3107798099517822,-0.04102886453836163,0.14765934646129608,-0.34227442741394043,-0.046072538798739515
A,0.0,0.0,0.0,0.06838606297969818,0.016488730907440186,-0.03332498861516342,0.1446058303117752,-0.010486006736755371,-0.04324547765816078,0.1828557401895523,-0.07885235548019409,-0.050143430065759276,0.16092835366725922,-0.13873142004013062,-0.05664390889967308,0.1771819144487381,-0.12267231941223145,-0.013259889614232634,0.23015587031841278,-0.18108481168746948,-0.03053923888171539,0.25627319514751434,-0.2256452441215515,-0.04949459997976646,0.27885453402996063,-0.26938173174858093,-0.06463867617810592,0.15606923401355743,-0.16710633039474487,-0.01141524413640127,0.21254383027553558,-0.23721638321876526,-0.02580882614518032,0.2438497096300125,-0.2895195484161377,-0.043308163118013,0.268915519118309,-0.33682939410209656,-0.05707456735933647,0.12541599571704865,-0.19208139181137085,-0.014307659175642584,0.1793530434370041,-0.2587607502937317,-0.029882978704222296,0.21174390614032745,-0.303092360496521,-0.043577523958333586,0.2369275540113449,-0.3435880243778229,-0.0534530748244606,0.08327589929103851,-0.20476293563842773,-0.020965257715829466,0.12280426919460297,-0.2565736770629883,-0.0352410991307579,0.14887021481990814,-0.289239764213562,-0.041781904232152556,0.1716381162405014,-0.31994855403900146,-0.046432545464881514
A,0.0,0.0,0.0,0.07077313959598541,0.0216292142868042,-0.030669013036600745,0.14452438056468964,0.009311199188232422,-0.04168295673858324,0.1855957955121994,-0.048846542835235596,-0.0506239775551478,0.17130665481090546,-0.11382311582565308,-0.0597959626449267,0.18513436615467072,-0.08960562944412231,-0.01374043896626631,0.2418874353170395,-0.14163655042648315,-0.033910391850582755,0.2715418189764023,-0.18141624331474304,-0.05439612082969347,0.29917187988758087,-0.21997106075286865,-0.0701852571202437,0.16618849337100983,-0.13691318035125732,-0.014364220200292266,0.22886444628238678,-0.19966527819633484,-0.03168457932602564,0.26600243151187897,-0.24539941549301147,-0.051125453783384955,0.29862864315509796,-0.2867744565010071,-0.06617432646285692,0.13600189983844757,-0.1676619052886963,-0.01953742652963797,0.1952887922525406,-0.22588783502578735,-0.03776972181927363,0.23288239538669586,-0.2642822861671448,-0.052585503084770835,0.26556356251239777,-0.29992637038230896,-0.06308853439819018,0.09345011413097382,-0.18853363394737244,-0.02811969443988005,0.13827009499073029,-0.23504212498664856,-0.04447575099598566,0.167959526181221,-0.2628577947616577,-0.05177461169492403,0.19562329351902008,-0.28880444169044495,-0.05691077746283213
A,0.0,0.0,0.0,0.06929875910282135,0.02831822633743286,-0.029993212443656603,0.1433504968881607,0.026493608951568604,-0.04105775676376311,0.18893812596797943,-0.02679663896560669,-0.04993679992563216,0.17553259432315826,-0.08973115682601929,-0.059239434671468416,0.18782757222652435,-0.07025790214538574,-0.01576439909345595,0.24829168617725372,-0.11549508571624756,-0.035631066781348864,0.2818646878004074,-0.15175622701644897,-0.055654930543965975,0.3126276582479477,-0.186934232711792,-0.07101815066940276,0.17260126769542694,-0.11965286731719971,-0.0171276392758557,0.2408406287431717,-0.17725786566734314,-0.033819145184821764,0.28218667209148407,-0.21883538365364075,-0.05230473972565619,0.317333921790123,-0.2561706006526947,-0.06636115036613432,0.14432929456233978,-0.15384477376937866,-0.022687925618953386,0.20767317712306976,-0.2086092233657837,-0.04034930340654341,0.24879859387874603,-0.2438650131225586,-0.05520706124312369,0.2839127331972122,-0.2760249972343445,-0.0655009212315747,0.10258902609348297,-0.18045112490653992,-0.031482952308721224,0.15095998346805573,-0.22242993116378784,-0.04728125653869597,0.18349967896938324,-0.2458241581916809,-0.05406289420730559,0.21379362046718597,-0.2672114968299866,-0.05863846711523024
A,0.0,0.0,0.0,0.07008937001228333,0.033778607845306396,-0.026904565503286904,0.14583700895309448,0.03254044055938721,-0.035276384313988274,0.19164800643920898,-0.01650238037109375,-0.04199088852612931,0.17811954021453857,-0.078033447265625,-0.049196002294706886,0.19254761934280396,-0.06078004837036133,-0.011050501128124779,0.2527216672897339,-0.10418707132339478,-0.028860935231136864,0.2868075370788574,-0.1399005651473999,-0.04791386540739495,0.3170730471611023,-0.17365288734436035,-0.06275531019775826,0.17808720469474792,-0.11286044120788574,-0.012966207449721878,0.2471991777420044,-0.16630274057388306,-0.027793864940690582,0.2904120087623596,-0.20561543107032776,-0.045550463010954445,0.32708173990249634,-0.24070289731025696,-0.05929367732016999,0.15061548352241516,-0.15029937028884888,-0.01899514462559182,0.21432214975357056,-0.20117703080177307,-0.0346231025060888,0.2566659450531006,-0.23291856050491333,-0.049182978679823464,0.29276061058044434,-0.261570006608963,-0.05962922911851365,0.11009284853935242,-0.18067294359207153,-0.028111699258374756,0.15946826338768005,-0.22032225131988525,-0.04186995815246064,0.19308185577392578,-0.24107271432876587,-0.04813792671768624,0.22461861371994019,-0.25932493805885315,-0.052818198909449166
A,0.0,0.0,0.0,0.06845760345458984,0.04047286510467529,-0.026595652714377138,0.141536682844162,0.04555177688598633,-0.03526350916922638,0.1925414502620697,0.005591988563537598,-0.04265523017943451,0.1851932406425476,-0.05274546146392822,-0.05071414323151657,0.19042935967445374,-0.046752333641052246,-0.011144048213964197,0.253165066242218,-0.08338326215744019,-0.029527579113846514,0.28923431038856506,-0.11436468362808228,-0.04876048551500389,0.32215726375579834,-0.14474856853485107,-0.0638346938937957,0.17831242084503174,-0.09735023975372314,-0.013859456084674093,0.250485360622406,-0.14463531970977783,-0.029847911238675806,0.2953447997570038,-0.18015027046203613,-0.048226230457430574,0.33362436294555664,-0.21335455775260925,-0.06248603449762413,0.15295162796974182,-0.13558173179626465,-0.02072985717654774,0.22075653076171875,-0.1802743375301361,-0.038046923145657274,0.2649674117565155,-0.2097492516040802,-0.05332994522154877,0.3025568127632141,-0.23753157258033752,-0.06403342323005745,0.11505979299545288,-0.1685793399810791,-0.030606620624666903,0.1673804223537445,-0.2046741247177124,-0.046153650298720095,0.20296692848205566,-0.22447186708450317,-0.053522892907267305,0.2356276512145996,-0.24236467480659485,-0.058816943928604815
A,0.0,0.0,0.0,0.06610199809074402,0.044996798038482666,-0.026695704661307218,0.14448392391204834,0.04936873912811279,-0.03343335223942745,0.19826656579971313,0.010922014713287354,-0.038473170824346425,0.1861937940120697,-0.0434342622756958,-0.04393899870663631,0.19417819380760193,-0.04365813732147217,-0.010519583351907613,0.2555089592933655,-0.07774221897125244,-0.026414560727772596,0.2916511595249176,-0.10819035768508911,-0.04415405226498592,0.3253609240055084,-0.13892126083374023,-0.059050422735509756,0.18326252698898315,-0.09480863809585571,-0.012739872202274682,0.25513777136802673,-0.1389194130897522,-0.026753014527258756,0.30088338255882263,-0.17234313488006592,-0.04393132460862148,0.3409257233142853,-0.20502367615699768,-0.057624430038032415,0.15790346264839172,-0.13383197784423828,-0.019023854859170797,0.2244795858860016,-0.1776173710823059,-0.03481195179372776,0.269379198551178,-0.20401573181152344,-0.05028097388893116,0.3084629476070404,-0.22985899448394775,-0.06153681559115398,0.12028026580810547,-0.16659438610076904,-0.028416013918814542,0.17181813716888428,-0.20084697008132935,-0.04297915158420551,0.207224041223526,-0.2175377607345581,-0.05080722329765308,0.2405683696269989,-0.23336303234100342,-0.05704298300295818
A,0.0,0.0,0.0,0.06582911312580109,0.04593902826309204,-0.02633188069378889,0.1446068435907364,0.04900449514389038,-0.031797859450335864,0.19898609817028046,0.011391162872314453,-0.035457569738383654,0.19153760373592377,-0.04186201095581055,-0.03950736634945429,0.19308917224407196,-0.04414498805999756,-0.009277048153336409,0.2546508461236954,-0.0775805115699768,-0.02459656969224966,0.29122330248355865,-0.1081036925315857,-0.04186869748448885,0.32484395802021027,-0.1387423276901245,-0.05636384301399744,0.18233345448970795,-0.09460139274597168,-0.010923125413711432,0.2538673132658005,-0.13863414525985718,-0.024378835787530306,0.2999156266450882,-0.1704978346824646,-0.040934722503180865,0.34074653685092926,-0.20113933086395264,-0.05411073901271379,0.15750597417354584,-0.1324341893196106,-0.016698827599640254,0.22490103542804718,-0.17680013179779053,-0.032364971568341616,0.26949210464954376,-0.20247328281402588,-0.04709864743566072,0.3090561777353287,-0.22721698880195618,-0.05784777142619646,0.12045387923717499,-0.164281964302063,-0.025540586193557147,0.17057128250598907,-0.19795209169387817,-0.040171276410575274,0.2050570398569107,-0.21336275339126587,-0.04761249162768877,0.23811255395412445,-0.22824746370315552,-0.0534948032400564
A,0.0,0.0,0.0,0.06434936821460724,0.043048202991485596,-0.02594634926063577,0.13851584494113922,0.0470806360244751,-0.03244559874875108,0.19064562022686005,0.0134926438331604,-0.037491672096081174,0.1915953904390335,-0.03984546661376953,-0.04280043056351701,0.19086338579654694,-0.04745835065841675,-0.009933301602728761,0.25273536145687103,-0.08192425966262817,-0.026289636624284185,0.2881091684103012,-0.11245733499526978,-0.0439896736119465,0.3208722621202469,-0.14364808797836304,-0.0583985749457554,0.17981214821338654,-0.096607506275177,-0.011956998502142824,0.251372292637825,-0.14181393384933472,-0.026354957727022565,0.29636766016483307,-0.17322099208831787,-0.043364778516121305,0.33702363073825836,-0.20346713066101074,-0.056727744993992246,0.1552964597940445,-0.13343477249145508,-0.018102974054642118,0.22256790101528168,-0.17940017580986023,-0.03419157525641481,0.26557500660419464,-0.205714613199234,-0.04844034498674432,0.3044593781232834,-0.23088032007217407,-0.05868221482378999,0.11868970096111298,-0.16438186168670654,-0.027295111102290548,0.16900624334812164,-0.19921711087226868,-0.042283609864540495,0.20305539667606354,-0.21577328443527222,-0.04961052945000688,0.2359492927789688,-0.23211294412612915,-0.05510666629416505
A,0.0,0.0,0.0,0.06450946629047394,0.043494999408721924,-0.027320785894772825,0.13954271376132965,0.04783362150192261,-0.03482461020328742,0.1927669495344162,0.008619070053100586,-0.0405571241674636,0.18864049017429352,-0.04898858070373535,-0.04678072825052482,0.19075436890125275,-0.05080944299697876,-0.011452290676317034,0.2519400268793106,-0.08626645803451538,-0.02755900889613372,0.2872113734483719,-0.1171826720237732,-0.04528413012602073,0.32039351761341095,-0.14809954166412354,-0.060019188076040564,0.179157093167305,-0.09917372465133667,-0.01287873040863019,0.24890775978565216,-0.14597612619400024,-0.02714697316267234,0.29369209706783295,-0.17895454168319702,-0.044367082863828955,0.3346244841814041,-0.21037578582763672,-0.05817406296708327,0.15434996783733368,-0.13475549221038818,-0.018382240533611593,0.2199101597070694,-0.18132111430168152,-0.03439202949383002,0.2635148614645004,-0.2093958854675293,-0.04893694862701636,0.3029251843690872,-0.23604923486709595,-0.05959238529183608,0.11747713387012482,-0.16476798057556152,-0.02700428709366065,0.16714917123317719,-0.20111054182052612,-0.042178828716060934,0.20162470638751984,-0.21956902742385864,-0.04992193028309089,0.23451535403728485,-0.2377799153327942,-0.055859469324133215
A,0.0,0.0,0.0,0.06673049926757812,0.04039502143859863,-0.02498920333309229,0.14105546474456787,0.04130023717880249,-0.03144549463613089,0.19279906153678894,0.005492806434631348,-0.03672174249513205,0.18908929824829102,-0.04709404706954956,-0.042445204003882964,0.19045788049697876,-0.056734442710876465,-0.0084863181851631,0.25155913829803467,-0.0934944748878479,-0.024300967126322348,0.28656187653541565,-0.12376022338867188,-0.04180283729655798,0.319076269865036,-0.15431749820709229,-0.056090793355537016,0.17812538146972656,-0.1036950945854187,-0.010985453396273215,0.24715229868888855,-0.15213078260421753,-0.025365915863943655,0.2917039692401886,-0.186407208442688,-0.04242532958014067,0.33200058341026306,-0.21883240342140198,-0.05578103919251021,0.1529296636581421,-0.13902336359024048,-0.017526139288378317,0.21869981288909912,-0.18602338433265686,-0.03336742778046187,0.26221123337745667,-0.21451616287231445,-0.04728466902597006,0.3014454245567322,-0.2411433458328247,-0.057190811976028044,0.11574938893318176,-0.16947585344314575,-0.027042615010572035,0.1658831536769867,-0.20643511414527893,-0.0415509108148342,0.20059990882873535,-0.22502177953720093,-0.04836026464326437,0.23363399505615234,-0.24269035458564758,-0.053407649292779524
A,0.0,0.0,0.0,0.06613853573799133,0.03883981704711914,-0.02833491230686036,0.14186477661132812,0.04146641492843628,-0.03636684308131066,0.19431540369987488,0.00015467405319213867,-0.042510606742695245,0.18897414207458496,-0.059082627296447754,-0.048897959686115655,0.19113433361053467,-0.05885732173919678,-0.010109601936534318,0.25121423602104187,-0.09796637296676636,-0.026360191799000177,0.28492647409439087,-0.12953710556030273,-0.04464811498601762,0.3168652653694153,-0.16069400310516357,-0.05946356842596856,0.1781834065914154,-0.10736912488937378,-0.011040894708827409,0.24644076824188232,-0.15795201063156128,-0.02507769355852929,0.2897408604621887,-0.1940518021583557,-0.04279492462356416,0.3288944363594055,-0.22791659832000732,-0.05675586724956361,0.15230244398117065,-0.1426944136619568,-0.01625331530649987,0.2164689302444458,-0.1917741894721985,-0.03173162082512704,0.2590440809726715,-0.22244322299957275,-0.04604830259759751,0.29726526141166687,-0.2511427402496338,-0.056387093312338266,0.11430919170379639,-0.1726633906364441,-0.024739064670399102,0.16360509395599365,-0.21094435453414917,-0.038942568398312005,0.19766587018966675,-0.23038119077682495,-0.04567002917011109,0.22988733649253845,-0.24877804517745972,-0.05070602560718385
B,0.0,0.0,0.0,0.06050470471382141,0.011966407299041748,-0.023568259985779605,0.13239997625350952,-0.007972657680511475,-0.034633448781107745,0.16766488552093506,-0.07001757621765137,-0.044875389398669085,0.1559140384197235,-0.12903550267219543,-0.04756095490012058,0.16852441430091858,-0.07764992117881775,-0.00677561756748446,0.2183738648891449,-0.12280532717704773,-0.03629363557848819,0.17528501152992249,-0.07627850770950317,-0.04897182291898616,0.15562719106674194,-0.062407225370407104,-0.05326388633403667,0.13815414905548096,-0.11630567908287048,-0.008292327137326083,0.18352046608924866,-0.16184478998184204,-0.039715519608591876,0.13999465107917786,-0.09989619255065918,-0.043954508812760196,0.1271611452102661,-0.09044718742370605,-0.038883069963787875,0.10191184282302856,-0.14416882395744324,-0.014759852984582267,0.13201949000358582,-0.176377534866333,-0.04762356585416683,0.09867385029792786,-0.10998153686523438,-0.034789352180098376,0.0879557728767395,-0.0978550910949707,-0.01714945814165958,0.06334260106086731,-0.16845351457595825,-0.022970041693781695,0.09060069918632507,-0.187355637550354,-0.03783977633867153,0.07343336939811707,-0.14165952801704407,-0.021552231596444926,0.06195873022079468,-0.13228321075439453,-0.004779784908180318
B,0.0,0.0,0.0,0.06027030944824219,0.01258695125579834,-0.023741490791422848,0.13180339336395264,-0.0075806379318237305,-0.03496332431851101,0.16665944457054138,-0.07012417912483215,-0.04533443192659092,0.15456271171569824,-0.13016220927238464,-0.04801503906665516,0.16618260741233826,-0.07933539152145386,-0.007294326207471613,0.21646630764007568,-0.12285685539245605,-0.03761189023671818,0.17286556959152222,-0.07518696784973145,-0.05039802531419468,0.1527387797832489,-0.06259292364120483,-0.054633136491162304,0.13609722256660461,-0.11718416213989258,-0.008820600460154537,0.18090373277664185,-0.16080710291862488,-0.04136657307563496,0.13693079352378845,-0.09784278273582458,-0.045905302862507824,0.12414228916168213,-0.08996307849884033,-0.040821171949488644,0.09981688857078552,-0.14458388090133667,-0.015338852654082302,0.12966644763946533,-0.1737137734889984,-0.04968869278846455,0.09563884139060974,-0.10542300343513489,-0.037076349953991894,0.0850534439086914,-0.09447997808456421,-0.019206313068849568,0.06105658411979675,-0.1682584285736084,-0.023516248564106945,0.08794280886650085,-0.18233221769332886,-0.03976975719152165,0.0705738365650177,-0.13448581099510193,-0.02402360143778992,0.05949723720550537,-0.12614348530769348,-0.007349597873968605
B,0.0,0.0,0.0,0.05887658894062042,0.011270225048065186,-0.02369273460053023,0.13104180991649628,-0.009889483451843262,-0.035047898130045496,0.16661395132541656,-0.07169026136398315,-0.04560089303694781,0.1541844755411148,-0.1316199004650116,-0.04842844052754458,0.16548524796962738,-0.07997971773147583,-0.007131801979170405,0.21637018024921417,-0.12334334850311279,-0.037849025861845575,0.17294766008853912,-0.07596173882484436,-0.05078180699192103,0.15274809300899506,-0.0638168454170227,-0.05507781176410731,0.1354086846113205,-0.11787199974060059,-0.009059293256626688,0.18103988468647003,-0.16095846891403198,-0.04191116435967501,0.13679875433444977,-0.09791412949562073,-0.04644802777610835,0.12428732216358185,-0.09189128875732422,-0.041277529732809626,0.0992920845746994,-0.14484262466430664,-0.016042249338255488,0.12969650328159332,-0.17464450001716614,-0.05034637643538531,0.0956331342458725,-0.1069299578666687,-0.037283411310539805,0.0854208916425705,-0.09826657176017761,-0.01922915323220309,0.06082291901111603,-0.16825217008590698,-0.02471526718281325,0.08784322440624237,-0.18402403593063354,-0.04044221533976611,0.07003550231456757,-0.13729289174079895,-0.024048801572547518,0.05879686772823334,-0.13098648190498352,-0.007087734588907324
B,0.0,0.0,0.0,0.0597403347492218,0.01184225082397461,-0.02426772144536926,0.13145002722740173,-0.008792459964752197,-0.03574669686059906,0.1651228368282318,-0.0715080201625824,-0.046216852487134474,0.15394547581672668,-0.1314413845539093,-0.04898882982234909,0.16644394397735596,-0.07824888825416565,-0.007547662117588061,0.21538200974464417,-0.12053421139717102,-0.03738077309827759,0.1712501347064972,-0.07374870777130127,-0.04964961063961937,0.15314078330993652,-0.06228435039520264,-0.053901709140347975,0.1362895965576172,-0.11643153429031372,-0.009087970004486579,0.18180575966835022,-0.15987896919250488,-0.041714976997184294,0.13736861944198608,-0.09781014919281006,-0.04598073241214706,0.12533199787139893,-0.09107142686843872,-0.040692634404706496,0.10022276639938354,-0.14386272430419922,-0.015646403179573554,0.13036930561065674,-0.1742059886455536,-0.04978797909717514,0.0960257351398468,-0.1072370707988739,-0.03667873469095184,0.08621141314506531,-0.09819918870925903,-0.018708917767810362,0.06184378266334534,-0.16773268580436707,-0.023922821031021613,0.08826416730880737,-0.18380481004714966,-0.03967169624667122,0.07029008865356445,-0.1369648575782776,-0.023443176866578597,0.05920642614364624,-0.13015392422676086,-0.006700525515782374
B,0.0,0.0,0.0,0.05759236216545105,0.0116957426071167,-0.025649693038985788,0.13257306814193726,-0.008621037006378174,-0.03636516275696522,0.16735288500785828,-0.07340601086616516,-0.04540313052825695,0.15609273314476013,-0.13314902782440186,-0.04624258744411236,0.16681674122810364,-0.07984167337417603,-0.006825027697459518,0.2168213129043579,-0.12272313237190247,-0.03619246202401882,0.17181351780891418,-0.07541331648826599,-0.047694776382968485,0.1545364260673523,-0.06491541862487793,-0.05139385553889042,0.13647237420082092,-0.11747851967811584,-0.007410540886894523,0.1827692687511444,-0.1615203619003296,-0.03944041597537762,0.1373860239982605,-0.09883210062980652,-0.043023795065209924,0.12677916884422302,-0.09388908743858337,-0.036978572782800256,0.1004554033279419,-0.1445334553718567,-0.0132951328425861,0.13033175468444824,-0.17514574527740479,-0.04705353098802334,0.09552586078643799,-0.10833677649497986,-0.03375007602267033,0.08789962530136108,-0.10147064924240112,-0.015557957988903581,0.062195807695388794,-0.16852203011512756,-0.021023379814550935,0.0881676971912384,-0.18505343794822693,-0.035947758880183756,0.07007548213005066,-0.138838529586792,-0.01936757209591633,0.060684382915496826,-0.13329845666885376,-0.0024203720397508732
B,0.0,0.0,0.0,0.05845598876476288,0.01076573133468628,-0.026408871547715762,0.13179121911525726,-0.009865403175354004,-0.037533007474081614,0.1669778674840927,-0.0720604956150055,-0.04696525251998196,0.15795759856700897,-0.1306750476360321,-0.047958634705679515,0.1679750233888626,-0.07798334956169128,-0.006713588168310025,0.21722973883152008,-0.12270203232765198,-0.03756145006551037,0.17203162610530853,-0.07729074358940125,-0.04991194597019444,0.15433768928050995,-0.0641949474811554,-0.05369316405190716,0.13869772851467133,-0.11633393168449402,-0.007000316777663329,0.18515907227993011,-0.1621059775352478,-0.04041279471053372,0.13882990181446075,-0.10060906410217285,-0.04386744266881237,0.12815196812152863,-0.0917072594165802,-0.037022974254028895,0.10373149812221527,-0.14422452449798584,-0.01297594691200743,0.13212750852108002,-0.176177978515625,-0.04752240693701992,0.09655030071735382,-0.1102651059627533,-0.034082379104035,0.08954425156116486,-0.09983465075492859,-0.015248603099422553,0.06661714613437653,-0.1684969663619995,-0.02101048445834408,0.09042908251285553,-0.18601655960083008,-0.03631056463851223,0.07136760652065277,-0.1401911973953247,-0.020121659995453456,0.06274287402629852,-0.13196468353271484,-0.0031200630175192146
B,0.0,0.0,0.0,0.06032855808734894,0.011486709117889404,-0.02363693236637232,0.13177897036075592,-0.011495530605316162,-0.034171421893717024,0.16881464421749115,-0.07034534215927124,-0.044000577994466994,0.15766377747058868,-0.1276964247226715,-0.04594940028417227,0.1666128784418106,-0.07664608955383301,-0.0051573914222728945,0.21663938462734222,-0.12096622586250305,-0.03619268617856619,0.17210642993450165,-0.07693731784820557,-0.049730540134788725,0.15204019844532013,-0.06266933679580688,-0.054179494150758956,0.13775502145290375,-0.11466389894485474,-0.0069381938062917925,0.18337200582027435,-0.159559428691864,-0.03981580666530249,0.13739009201526642,-0.10051682591438293,-0.04382768354642508,0.12468095123767853,-0.09016895294189453,-0.03757956332790968,0.10292007029056549,-0.14310967922210693,-0.01420522096830723,0.13241876661777496,-0.17531394958496094,-0.04772784269678709,0.09717248380184174,-0.11095842719078064,-0.034450244971395705,0.08785732090473175,-0.09810122847557068,-0.01587323739457247,0.06586922705173492,-0.16728854179382324,-0.02346926077532885,0.09091360867023468,-0.1843985915184021,-0.038424917378307555,0.07210822403430939,-0.13960698246955872,-0.022292016886950705,0.06196640431880951,-0.12968897819519043,-0.005298787143857453
B,0.0,0.0,0.0,0.06006832420825958,0.013283491134643555,-0.024393078084131048,0.13180358707904816,-0.006375372409820557,-0.03521782174243526,0.16641582548618317,-0.06948971748352051,-0.045070395018001363,0.15464718639850616,-0.12646085023880005,-0.04715294405355053,0.16705147922039032,-0.07438626885414124,-0.005240155062665508,0.21652863919734955,-0.11944594979286194,-0.035222318167825506,0.17274169623851776,-0.07568937540054321,-0.04812862365974979,0.15360571444034576,-0.06030130386352539,-0.052395191187997625,0.13755185902118683,-0.11255711317062378,-0.006223206552704141,0.18340636789798737,-0.15885385870933533,-0.039097547675510214,0.1384371966123581,-0.1001075804233551,-0.04371320098175602,0.1256026178598404,-0.08768999576568604,-0.03779197871222095,0.10266639292240143,-0.1408635675907135,-0.012513240012367532,0.13165901601314545,-0.17325875163078308,-0.04651961862577991,0.09678123891353607,-0.1091318428516388,-0.03434631615414219,0.0867079645395279,-0.09422475099563599,-0.016236366848488615,0.06541000306606293,-0.16521751880645752,-0.020699439714690016,0.08997352421283722,-0.1823520064353943,-0.036544218803783224,0.07119907438755035,-0.13731732964515686,-0.02143945745660858,0.06089000403881073,-0.12585219740867615,-0.004927797387381361
B,0.0,0.0,0.0,0.061769455671310425,0.014375150203704834,-0.02213319452235396,0.13244929909706116,-0.0058675408363342285,-0.03207144388684924,0.16794541478157043,-0.06694692373275757,-0.04151961454877551,0.15517789125442505,-0.12384533882141113,-0.04354483136663134,0.16629093885421753,-0.07273894548416138,-0.004215374735537125,0.21624815464019775,-0.11726075410842896,-0.033594785870405985,0.17295023798942566,-0.07320985198020935,-0.046674041689726664,0.15251445770263672,-0.05765289068222046,-0.05114831650385554,0.13707274198532104,-0.11079853773117065,-0.006090435346010281,0.18351054191589355,-0.1576189398765564,-0.03859750056395228,0.13948175311088562,-0.09926977753639221,-0.04360131794342692,0.12455317378044128,-0.08603039383888245,-0.0381612541688412,0.10208529233932495,-0.13930848240852356,-0.012916416542026354,0.1324717402458191,-0.17154526710510254,-0.045674319059941126,0.09829568862915039,-0.10811707377433777,-0.03325220072397883,0.08620640635490417,-0.09340637922286987,-0.015270764620396449,0.06481614708900452,-0.16340941190719604,-0.021519318835231616,0.09170562028884888,-0.18054243922233582,-0.03627032289037402,0.07324647903442383,-0.13680335879325867,-0.020712827013227297,0.0613919198513031,-0.12643742561340332,-0.004142765102329804
B,0.0,0.0,0.0,0.061287447810173035,0.014921605587005615,-0.023263430109949468,0.1328844279050827,-0.004113316535949707,-0.033599085992904065,0.16824690997600555,-0.06570342183113098,-0.04323879618081605,0.1545335203409195,-0.12312990427017212,-0.04512694094213998,0.16611944139003754,-0.07066789269447327,-0.00399158092099583,0.216984823346138,-0.11461591720581055,-0.03455236915382898,0.1727796345949173,-0.07212501764297485,-0.04798169050249612,0.15183253586292267,-0.057405441999435425,-0.05230430874857461,0.13763563334941864,-0.10916438698768616,-0.005592540724904893,0.18467490375041962,-0.15551838278770447,-0.03921745706233537,0.13987834751605988,-0.0986928939819336,-0.04427254561218774,0.12552495300769806,-0.08616763353347778,-0.038288108891578077,0.10316707193851471,-0.13842374086380005,-0.012480768262179254,0.13307364284992218,-0.16927993297576904,-0.04715517151984727,0.09723125398159027,-0.10546115040779114,-0.03510509047541177,0.08567933738231659,-0.09079217910766602,-0.016610998547406552,0.06633017957210541,-0.163100928068161,-0.02118943992886102,0.09175656735897064,-0.17680013179779053,-0.037520207351775525,0.07196839153766632,-0.13223639130592346,-0.022592723256678937,0.06068973243236542,-0.12250068783760071,-0.005953143237860559
B,0.0,0.0,0.0,0.05914020538330078,0.015135705471038818,-0.023905498722058383,0.1335495114326477,-0.0032115578651428223,-0.03375624660537824,0.1677486002445221,-0.06770730018615723,-0.04267392847822293,0.1553267538547516,-0.12544506788253784,-0.04359612036631688,0.16794267296791077,-0.07248997688293457,-0.0030476430444537073,0.2182176113128662,-0.1150236427783966,-0.032854968497019854,0.17271551489830017,-0.07207423448562622,-0.04538465459035024,0.15276676416397095,-0.05850011110305786,-0.049348117598754015,0.13912436366081238,-0.1117544174194336,-0.004202921224248257,0.18616002798080444,-0.15651839971542358,-0.037041926571589556,0.14023330807685852,-0.09926027059555054,-0.04143603686378583,0.1268630027770996,-0.08877542614936829,-0.035059233942490664,0.10443946719169617,-0.14083176851272583,-0.010801325367253867,0.1344967782497406,-0.17077231407165527,-0.044714325854045,0.0979362428188324,-0.10648921132087708,-0.03227443415806874,0.08747559785842896,-0.09377455711364746,-0.013872938045722094,0.06719493865966797,-0.1656927466392517,-0.019275568240743723,0.09122025966644287,-0.17818349599838257,-0.034850889631968585,0.07193312048912048,-0.1328182816505432,-0.0198265181867896,0.06290683150291443,-0.12396788597106934,-0.0033797461553035646
B,0.0,0.0,0.0,0.060560017824172974,0.016516268253326416,-0.023606856799744946,0.13389545679092407,-0.000866234302520752,-0.03369623187842308,0.16694343090057373,-0.06703948974609375,-0.042904821670674664,0.15359237790107727,-0.1237330436706543,-0.044458621627711636,0.16778722405433655,-0.07172179222106934,-0.0031349640144640034,0.21692606806755066,-0.11477035284042358,-0.03336690131487785,0.1730009913444519,-0.07183879613876343,-0.04654666546645103,0.15251517295837402,-0.05601730942726135,-0.050724153853082043,0.13846275210380554,-0.11099672317504883,-0.004516276045762879,0.18487250804901123,-0.15744376182556152,-0.03817272324027954,0.14063718914985657,-0.09988561272621155,-0.04337902504863678,0.12595072388648987,-0.08597627282142639,-0.037338101751231534,0.10355216264724731,-0.14005059003829956,-0.011226544602834565,0.13298377394676208,-0.1698770821094513,-0.046718133128308637,0.09669208526611328,-0.10462820529937744,-0.03530031952919899,0.08430755138397217,-0.08926978707313538,-0.016982687152051312,0.06578707695007324,-0.1643410623073578,-0.01965377617540298,0.0907558798789978,-0.17677006125450134,-0.03719862688245712,0.0700506865978241,-0.12966954708099365,-0.022929848617934567,0.05866074562072754,-0.11881411075592041,-0.006508278640978915
B,0.0,0.0,0.0,0.05942189693450928,0.015104889869689941,-0.022738370819240572,0.13211789727210999,-0.004168331623077393,-0.03275954887106991,0.16706794500350952,-0.06713762879371643,-0.04215376242831326,0.1563270390033722,-0.1240670382976532,-0.043769156335145,0.16693341732025146,-0.07229733467102051,-0.0040232504329082985,0.21751925349235535,-0.11547407507896423,-0.03417588561609364,0.1734381914138794,-0.07180234789848328,-0.04664741620257473,0.15322694182395935,-0.058087050914764404,-0.05055178493097401,0.13799631595611572,-0.11088785529136658,-0.006066160982697966,0.18579140305519104,-0.1572607457637787,-0.0390079224093256,0.14127770066261292,-0.09809836745262146,-0.04304556712344265,0.12719285488128662,-0.08705687522888184,-0.036638421712666513,0.10263365507125854,-0.13940387964248657,-0.013355328476279738,0.13368791341781616,-0.17034253478050232,-0.04785739049151516,0.09819072484970093,-0.1041496992111206,-0.035049659906178476,0.08677875995635986,-0.09092476963996887,-0.016302805168777468,0.0643148124217987,-0.1636052131652832,-0.022344534991532328,0.09035429358482361,-0.17800205945968628,-0.03862848669126606,0.07212495803833008,-0.13148990273475647,-0.02333489410415268,0.06210413575172424,-0.12236756086349487,-0.006637712249755623
B,0.0,0.0,0.0,0.0581640899181366,0.01633220911026001,-0.02513244253853486,0.13251075148582458,-0.0016217231750488281,-0.03518994030812905,0.16602513194084167,-0.06830266118049622,-0.04376775277117417,0.15561744570732117,-0.1253824532032013,-0.04384839413026498,0.16690954566001892,-0.07111096382141113,-0.0050871890903465555,0.21819809079170227,-0.11657944321632385,-0.03613783297399209,0.17269322276115417,-0.07224172353744507,-0.04810156923988984,0.15346240997314453,-0.05811411142349243,-0.051316464965140085,0.1372423768043518,-0.10999950766563416,-0.005961002030318241,0.18474867939949036,-0.1563534438610077,-0.03966483352044747,0.13824447989463806,-0.09594142436981201,-0.04267469299296067,0.12651664018630981,-0.08567705750465393,-0.03505049524167703,0.10246089100837708,-0.13927340507507324,-0.012609329719936113,0.13229456543922424,-0.1707744002342224,-0.048275216196572046,0.0954362154006958,-0.10478684306144714,-0.03487500426629708,0.087424635887146,-0.09377032518386841,-0.01538825472155736,0.06505629420280457,-0.16483980417251587,-0.02114779194155858,0.08979526162147522,-0.17990365624427795,-0.037863756243979196,0.06990557909011841,-0.13282307982444763,-0.022170805086290102,0.06107175350189209,-0.12477573752403259,-0.004999805421476822
B,0.0,0.0,0.0,0.05930551886558533,0.016715705394744873,-0.02267407137344435,0.13337475061416626,-0.0002206563949584961,-0.03273622761855677,0.16799601912498474,-0.06513646245002747,-0.0418267592359598,0.15597182512283325,-0.12355810403823853,-0.042971902297836095,0.16664302349090576,-0.07002806663513184,-0.006047951294135601,0.21901732683181763,-0.11492747068405151,-0.03673511441240862,0.17390212416648865,-0.07030406594276428,-0.0490955046881254,0.1536911129951477,-0.05630308389663696,-0.05299011315594271,0.13751420378684998,-0.10912558436393738,-0.00828561070750311,0.18667474389076233,-0.15580129623413086,-0.0425439260471876,0.14061987400054932,-0.09584194421768188,-0.04686358641276911,0.12672778964042664,-0.08486762642860413,-0.040438723521333486,0.10253345966339111,-0.13814669847488403,-0.015513934897285253,0.13350939750671387,-0.17006051540374756,-0.050668366955619604,0.0972977876663208,-0.10359954833984375,-0.03729879181275919,0.08712822198867798,-0.09077569842338562,-0.018193469153743536,0.06457656621932983,-0.16276127099990845,-0.024380926745038778,0.08996903896331787,-0.17813289165496826,-0.041264780567985326,0.0703866183757782,-0.13028168678283691,-0.025573950963121206,0.06058338284492493,-0.12122717499732971,-0.008551729613941461
B,0.0,0.0,0.0,0.06049996614456177,0.015199065208435059,-0.02275416069986136,0.13374605774879456,-0.0031664371490478516,-0.03280093522133143,0.16832605004310608,-0.06649446487426758,-0.04196265341104777,0.15632718801498413,-0.12538829445838928,-0.04337562994422228,0.16778317093849182,-0.07334747910499573,-0.005199656834321331,0.21892720460891724,-0.11612936854362488,-0.035093154770748924,0.1743050217628479,-0.0715295672416687,-0.047587510210888695,0.15439406037330627,-0.05793324112892151,-0.05174067990245135,0.13910958170890808,-0.11227536201477051,-0.007322324452417206,0.18721067905426025,-0.15719014406204224,-0.040107261402027916,0.14177852869033813,-0.09792789816856384,-0.0443705655759743,0.12760505080223083,-0.08760154247283936,-0.03830710054697306,0.10404250025749207,-0.1410970389842987,-0.014492884290831398,0.13485389947891235,-0.17076832056045532,-0.04866171256961138,0.09872278571128845,-0.1047629714012146,-0.03579054774107249,0.08768892288208008,-0.09261646866798401,-0.017262771738188576,0.06576922535896301,-0.16550105810165405,-0.023330414680259537,0.09182202816009521,-0.17907249927520752,-0.039651315671818566,0.0724402666091919,-0.13207656145095825,-0.02405924723805697,0.06186607480049133,-0.12372574210166931,-0.007204931241886925
B,0.0,0.0,0.0,0.060267895460128784,0.014613926410675049,-0.022244641634870277,0.1347549557685852,-0.00391465425491333,-0.032440304833698974,0.16926300525665283,-0.06833431124687195,-0.041922383087921844,0.1554933488368988,-0.12682634592056274,-0.0437760763645656,0.1676003336906433,-0.07581838965415955,-0.006285015105504499,0.21950998902320862,-0.11857014894485474,-0.035662859755802856,0.17478039860725403,-0.07160022854804993,-0.04793138437275957,0.15419170260429382,-0.05905500054359436,-0.05206970133190225,0.13750576972961426,-0.11462002992630005,-0.008625513951528774,0.18561962246894836,-0.15847241878509521,-0.04070777081255983,0.14066019654273987,-0.09702345728874207,-0.04550111301546167,0.12625828385353088,-0.08913668990135193,-0.040382232594538436,0.10158854722976685,-0.14266109466552734,-0.015620650801110969,0.1331453025341034,-0.1733565330505371,-0.04872813456063341,0.09848108887672424,-0.1058514416217804,-0.036020811724711166,0.08707767724990845,-0.0943135917186737,-0.018215023058701263,0.06264033913612366,-0.16681542992591858,-0.024193918409991966,0.09032130241394043,-0.18279719352722168,-0.039439216333676086,0.07286188006401062,-0.13524207472801208,-0.023384917604971633,0.06215664744377136,-0.1260548233985901,-0.006621475874680982
B,0.0,0.0,0.0,0.05951389670372009,0.014657020568847656,-0.023863342665009668,0.13371199369430542,-0.004207968711853027,-0.034267685450487306,0.16794872283935547,-0.06746399402618408,-0.04348883692162531,0.1575402021408081,-0.12633159756660461,-0.04478534597890871,0.1686064898967743,-0.07829156517982483,-0.0065379977038730885,0.21807026863098145,-0.12044444680213928,-0.03663884390132921,0.17372536659240723,-0.07295089960098267,-0.048736530430488756,0.15480375289916992,-0.06065201759338379,-0.05270165119307535,0.138625830411911,-0.11745890974998474,-0.008170431554191282,0.18364399671554565,-0.16052615642547607,-0.04059297505753534,0.13879770040512085,-0.09672412276268005,-0.044237612821035555,0.12700757384300232,-0.0894746482372284,-0.03822924483554857,0.10254022479057312,-0.145623117685318,-0.014988481141500642,0.13158023357391357,-0.17514881491661072,-0.04922670785325067,0.09697392582893372,-0.10663118958473206,-0.03600140947835939,0.08870604634284973,-0.09781491756439209,-0.017803120501213243,0.0633912980556488,-0.16992872953414917,-0.023517650626473596,0.0883166491985321,-0.18466773629188538,-0.039878512807064226,0.07040956616401672,-0.13555672764778137,-0.024014239273839166,0.06153672933578491,-0.12779492139816284,-0.007266656104349067
B,0.0,0.0,0.0,0.06091791391372681,0.01318061351776123,-0.022927239509641595,0.1369495689868927,-0.005210995674133301,-0.03320896809023566,0.17550933361053467,-0.06640154123306274,-0.04266981591504759,0.16095435619354248,-0.12541931867599487,-0.04461362023872084,0.1700141727924347,-0.07944443821907043,-0.005147406803786225,0.21847212314605713,-0.11946386098861694,-0.03389132206362433,0.17437604069709778,-0.07158279418945312,-0.046286748694598145,0.15609213709831238,-0.060392558574676514,-0.051080645965754456,0.1402619183063507,-0.11819222569465637,-0.007408272447406716,0.1841619610786438,-0.15954774618148804,-0.03910267536562628,0.13955068588256836,-0.09608745574951172,-0.0436693783573503,0.1277225911617279,-0.08979430794715881,-0.0386463198534841,0.1036067008972168,-0.14610272645950317,-0.014508811729371018,0.13290545344352722,-0.17495793104171753,-0.04759158750098891,0.0990176796913147,-0.10699421167373657,-0.034834301071583695,0.09002143144607544,-0.09835487604141235,-0.01735878546756453,0.06364601850509644,-0.17052578926086426,-0.02329294939559645,0.0886186957359314,-0.18405425548553467,-0.03879404624026961,0.07158151268959045,-0.13557219505310059,-0.022907931330024667,0.06254798173904419,-0.12782242894172668,-0.006402927888899512
B,0.0,0.0,0.0,0.060669660568237305,0.01444929838180542,-0.02350380663597207,0.13797760009765625,-0.00012475252151489258,-0.035076102435823486,0.1761552095413208,-0.06228664517402649,-0.04561956059956174,0.159826397895813,-0.12158197164535522,-0.048784820556875275,0.17057707905769348,-0.081785649061203,-0.00833949652337651,0.2186250388622284,-0.11963820457458496,-0.0379362499418221,0.1752937138080597,-0.06780025362968445,-0.050534369617935226,0.15611425042152405,-0.05815702676773071,-0.05531733688735585,0.1395019292831421,-0.11977130174636841,-0.011001397118207024,0.18382763862609863,-0.15750208497047424,-0.04225916248583417,0.13986286520957947,-0.09017479419708252,-0.04696596619510274,0.12696599960327148,-0.08793511986732483,-0.04268500414514165,0.10234296321868896,-0.14664369821548462,-0.018319754123922394,0.13309073448181152,-0.17109069228172302,-0.05204154384159665,0.09921464323997498,-0.0999869704246521,-0.03957978841685872,0.08889946341514587,-0.0954175591468811,-0.022573845654960678,0.06133866310119629,-0.17030102014541626,-0.0271620882751904,0.08861148357391357,-0.18190217018127441,-0.04336538743996243,0.0719747543334961,-0.13148170709609985,-0.027147874430056618,0.061240583658218384,-0.1267915964126587,-0.010524034694071815
B,0.0,0.0,0.0,0.06022550165653229,0.015719830989837646,-0.024357838846356117,0.13995154201984406,0.00035262107849121094,-0.03578305087199851,0.18086574971675873,-0.058531343936920166,-0.04580113134494468,0.16056548058986664,-0.11585944890975952,-0.04829380876532241,0.17141909897327423,-0.08283731341362,-0.008998267642766677,0.22074471414089203,-0.11580336093902588,-0.038053481198460304,0.17515139281749725,-0.06505733728408813,-0.05009401059857055,0.1570412665605545,-0.06076359748840332,-0.0552276170920436,0.14121447503566742,-0.12078914046287537,-0.011500647581726753,0.18674229085445404,-0.15394127368927002,-0.04368503234496757,0.1408659964799881,-0.08771103620529175,-0.048403876192480766,0.1292729526758194,-0.09003782272338867,-0.04417066491356536,0.10396735370159149,-0.1477324664592743,-0.018685965157658302,0.1343446522951126,-0.16651371121406555,-0.05258016503563567,0.09946192800998688,-0.09738776087760925,-0.040149821258694374,0.09045849740505219,-0.09818795323371887,-0.023450037754685127,0.06387309730052948,-0.17145302891731262,-0.02754813275447532,0.0907151848077774,-0.1779789924621582,-0.043221531726032936,0.07279364764690399,-0.1285599172115326,-0.0270682538967435,0.06216929852962494,-0.12803828716278076,-0.010983603365332328
B,0.0,0.0,0.0,0.05944252014160156,0.019634664058685303,-0.023334663340307316,0.13925141096115112,0.006775796413421631,-0.034895352998233875,0.17989104986190796,-0.05357635021209717,-0.04490012300894364,0.15835058689117432,-0.11068549752235413,-0.04768639800832375,0.16816642880439758,-0.08363935351371765,-0.012872269356108745,0.21853098273277283,-0.11467108130455017,-0.04157141966507538,0.1733039915561676,-0.06063657999038696,-0.05269493533060654,0.15495777130126953,-0.05780911445617676,-0.05776996908471688,0.13736113905906677,-0.12047526240348816,-0.015882506945587238,0.18356871604919434,-0.15047436952590942,-0.04809283463046654,0.13752910494804382,-0.08066263794898987,-0.052334643879390796,0.1254403293132782,-0.08611071109771729,-0.048610173144794544,0.09991568326950073,-0.1466813087463379,-0.023048192241645893,0.1316106617450714,-0.1625601053237915,-0.05725150925800904,0.09736749529838562,-0.09139636158943176,-0.04472783950851067,0.08809760212898254,-0.09578871726989746,-0.028737239518619617,0.05935847759246826,-0.17065492272377014,-0.03156531227514847,0.08786529302597046,-0.17482760548591614,-0.04829870162294014,0.07053503394126892,-0.12284809350967407,-0.03272303936765297,0.059348732233047485,-0.12365487217903137,-0.01754331027851208
B,0.0,0.0,0.0,0.060726433992385864,0.023146986961364746,-0.0224730670207407,0.1385101079940796,0.006376683712005615,-0.033773882290091706,0.17780926823616028,-0.047676265239715576,-0.043848169943061066,0.15711349248886108,-0.10168653726577759,-0.04723030512568016,0.17233875393867493,-0.10153362154960632,-0.014145259720947934,0.21478363871574402,-0.11771228909492493,-0.04349516888495941,0.171873539686203,-0.062343090772628784,-0.0553839821123745,0.15399792790412903,-0.063971608877182,-0.061381394019093705,0.14173972606658936,-0.1414235532283783,-0.018380692204203797,0.18057021498680115,-0.15085044503211975,-0.04963230898019333,0.13679102063179016,-0.08030006289482117,-0.05393853222366829,0.1253654956817627,-0.09242105484008789,-0.05086748858329315,0.10350927710533142,-0.16730892658233643,-0.02691451643940468,0.1278878152370453,-0.15771734714508057,-0.061655206581320954,0.09553289413452148,-0.08620810508728027,-0.052424026628699494,0.08687052130699158,-0.09780660271644592,-0.0390718485915329,0.06204777956008911,-0.18461155891418457,-0.03689325412150879,0.08368462324142456,-0.16163742542266846,-0.056750254681077195,0.0659714937210083,-0.11102241277694702,-0.04571069588300247,0.05392894148826599,-0.1217752993106842,-0.03333192129966278
B,0.0,0.0,0.0,0.06187225878238678,0.022004246711730957,-0.024679359009013524,0.13780950009822845,0.012238800525665283,-0.03981458391760384,0.17907975614070892,-0.035987287759780884,-0.053455304314837804,0.15661685168743134,-0.09205913543701172,-0.060634925921903005,0.17097629606723785,-0.11515086889266968,-0.018219437410579076,0.20816604793071747,-0.1132342517375946,-0.0501509308419088,0.16614465415477753,-0.05925166606903076,-0.06522309403632676,0.1493827849626541,-0.06594669818878174,-0.07413762431357895,0.1417071372270584,-0.15698376297950745,-0.022814255168185582,0.17566029727458954,-0.14399617910385132,-0.056288443466172566,0.13279177248477936,-0.07605570554733276,-0.06348524611209427,0.12138830125331879,-0.09088942408561707,-0.06268505375598465,0.10355772078037262,-0.1798969805240631,-0.031587589492545476,0.12272308766841888,-0.14580124616622925,-0.06587075065587555,0.09146128594875336,-0.08219099044799805,-0.0587275847396711,0.08445842564105988,-0.10016724467277527,-0.04775363575433289,0.06280119717121124,-0.19054073095321655,-0.04237178336595093,0.07787807285785675,-0.14730989933013916,-0.06207966055487191,0.06089113652706146,-0.10213974118232727,-0.05357559021328484,0.05167968571186066,-0.11696788668632507,-0.04337678845737969
B,0.0,0.0,0.0,0.062335193157196045,0.024422645568847656,-0.02136013111197599,0.13591188192367554,0.01839578151702881,-0.036349963528152784,0.1778782606124878,-0.02372986078262329,-0.050439346713062605,0.15489250421524048,-0.07812899351119995,-0.05894041447066911,0.16990479826927185,-0.11996698379516602,-0.01717043122374662,0.20753929018974304,-0.10460400581359863,-0.048889536541935286,0.1667114794254303,-0.05171710252761841,-0.06510625420236238,0.1475277543067932,-0.057714998722076416,-0.07458670823001512,0.14162278175354004,-0.16210418939590454,-0.023440081757541975,0.17317819595336914,-0.1291448175907135,-0.053760916126009306,0.13145190477371216,-0.06640341877937317,-0.0608516672077144,0.11769139766693115,-0.08071541786193848,-0.06070303185009607,0.10308632254600525,-0.18141162395477295,-0.033537309748169264,0.12099647521972656,-0.12490430474281311,-0.06399718312644609,0.08935093879699707,-0.06881800293922424,-0.05801074219965585,0.07916593551635742,-0.08874958753585815,-0.04876541731977113,0.06149792671203613,-0.18573039770126343,-0.045618657154079756,0.07615306973457336,-0.1266711950302124,-0.06319718448543199,0.05763959884643555,-0.08560949563980103,-0.05547558156871446,0.04627877473831177,-0.10192209482192993,-0.04605352891707071
B,0.0,0.0,0.0,0.06190815567970276,0.026294469833374023,-0.0225181734612363,0.135711669921875,0.022907376289367676,-0.039187761624731365,0.17893096804618835,-0.014936685562133789,-0.055574393500961605,0.15738365054130554,-0.06504809856414795,-0.06588879101482803,0.17404595017433167,-0.11656621098518372,-0.012159974915363136,0.21083304286003113,-0.09810513257980347,-0.04492495827881271,0.17183008790016174,-0.04546242952346802,-0.06145870186892921,0.15363353490829468,-0.04697906970977783,-0.0705595003863948,0.14606791734695435,-0.15924912691116333,-0.018365106215156857,0.17547684907913208,-0.11859908699989319,-0.049456397672571484,0.1321442723274231,-0.0584104061126709,-0.05566923194137985,0.12120774388313293,-0.07306632399559021,-0.054099349906124417,0.10780754685401917,-0.1789398193359375,-0.029503426184334103,0.12366557121276855,-0.1133265495300293,-0.060158884753860775,0.08999752998352051,-0.06295782327651978,-0.05408854656425888,0.08117932081222534,-0.08478623628616333,-0.04443934433666641,0.06676182150840759,-0.1832759976387024,-0.04312592618671829,0.0784454345703125,-0.11789977550506592,-0.06040924661365921,0.05770951509475708,-0.08268347382545471,-0.05399697892872268,0.04715922474861145,-0.10338923335075378,-0.045492014517463986
B,0.0,0.0,0.0,0.062321633100509644,0.024339020252227783,-0.01816091391518171,0.1341259777545929,0.02275264263153076,-0.034255894676590515,0.17916268110275269,-0.00565260648727417,-0.05127550925388391,0.15607520937919617,-0.047919005155563354,-0.06293233747854288,0.17152458429336548,-0.126440167427063,-0.011688528426731182,0.20966380834579468,-0.09657564759254456,-0.04394777382984216,0.1712205708026886,-0.046052396297454834,-0.0615522105552202,0.15140703320503235,-0.05089712142944336,-0.07182545478715952,0.14312449097633362,-0.16431188583374023,-0.020584824339294983,0.17323902249336243,-0.11027619242668152,-0.050388651744270874,0.1317119300365448,-0.0524154007434845,-0.05740305672659929,0.11912232637405396,-0.06759509444236755,-0.05776661898269708,0.10543867945671082,-0.18005412817001343,-0.03377150262966211,0.12496167421340942,-0.10329475998878479,-0.06211038570179994,0.09176936745643616,-0.0535578727722168,-0.056449196145678115,0.08015429973602295,-0.0741717517375946,-0.04833395670428331,0.06510499119758606,-0.17849451303482056,-0.04931220676078851,0.07926911115646362,-0.1026017963886261,-0.06452950353994424,0.05904814600944519,-0.06798219680786133,-0.05815197046175058,0.04705032706260681,-0.0867866575717926,-0.05057573209776933
B,0.0,0.0,0.0,0.06349140405654907,0.026942729949951172,-0.01991020481514738,0.13489452004432678,0.030058741569519043,-0.0369788050972204,0.18108975887298584,0.003619074821472168,-0.05467232468950556,0.1575106382369995,-0.03994882106781006,-0.06689100864755915,0.17096829414367676,-0.12197691202163696,-0.01267559326666401,0.2117011845111847,-0.08913502097129822,-0.046713491561291676,0.17254963517189026,-0.03967857360839844,-0.06581463071930216,0.1523178219795227,-0.04542827606201172,-0.07704381051885889,0.14266732335090637,-0.15892302989959717,-0.02102848294603632,0.1749439537525177,-0.10046100616455078,-0.0532475874148588,0.1328490674495697,-0.04505050182342529,-0.062003498556492787,0.11947205662727356,-0.060671836137771606,-0.06322374347078608,0.10587877035140991,-0.17326012253761292,-0.03391150909888552,0.12571293115615845,-0.09407413005828857,-0.06310200098383234,0.09200498461723328,-0.04894888401031494,-0.05884843844401644,0.08069673180580139,-0.07218635082244873,-0.05160414207207964,0.06686204671859741,-0.17094898223876953,-0.04940413835871027,0.08021098375320435,-0.09422525763511658,-0.06509531441557215,0.05939596891403198,-0.06437221169471741,-0.06045234355556772,0.048209965229034424,-0.08641812205314636,-0.05418776500451372
B,0.0,0.0,0.0,0.06275537610054016,0.028943359851837158,-0.019117078516899255,0.13361361622810364,0.03324955701828003,-0.03614885057908168,0.17999228835105896,0.010245561599731445,-0.05394819076758495,0.15740475058555603,-0.031560301780700684,-0.0663069605420219,0.16971001029014587,-0.12102565169334412,-0.013822272192953733,0.21147456765174866,-0.08477780222892761,-0.04895087774497142,0.17183080315589905,-0.0352402925491333,-0.06908981199961772,0.15097936987876892,-0.03984880447387695,-0.08089201595288387,0.14179876446723938,-0.15701556205749512,-0.022982514236389306,0.1760583519935608,-0.09434384107589722,-0.05728525366288295,0.13333460688591003,-0.04014843702316284,-0.06729194964867702,0.11777374148368835,-0.05399179458618164,-0.06903011049729457,0.10544770956039429,-0.17052820324897766,-0.03652563016515842,0.12581509351730347,-0.08604168891906738,-0.06630100007754436,0.09074142575263977,-0.043173253536224365,-0.0626165017078506,0.07859745621681213,-0.06660065054893494,-0.05566762830716243,0.06700283288955688,-0.16704317927360535,-0.052669220377026704,0.07958489656448364,-0.08490362763404846,-0.06811719830733409,0.05805274844169617,-0.05623278021812439,-0.06381412293416133,0.04716092348098755,-0.07886937260627747,-0.057951980043469575
B,0.0,0.0,0.0,0.0629298985004425,0.030510425567626953,-0.020754082067952595,0.13603219389915466,0.032057881355285645,-0.03764056408320471,0.1825752556324005,0.00691378116607666,-0.05487027758275076,0.15773138403892517,-0.033335208892822266,-0.06636617326651617,0.17001304030418396,-0.12349382042884827,-0.014013618170366726,0.21196171641349792,-0.0865810215473175,-0.04863340401564642,0.17138901352882385,-0.037278175354003906,-0.06795486801777884,0.15167313814163208,-0.04305744171142578,-0.079536609291182,0.14181861281394958,-0.15861421823501587,-0.022379837869749508,0.17641669511795044,-0.09505245089530945,-0.05760467418943449,0.13282141089439392,-0.04188954830169678,-0.06756047898446127,0.11845415830612183,-0.05690380930900574,-0.06894788885031744,0.10575354099273682,-0.1713322103023529,-0.03535319486175581,0.12551093101501465,-0.08531039953231812,-0.06563074135695501,0.0902528464794159,-0.04478168487548828,-0.06247103953276678,0.07964137196540833,-0.07033216953277588,-0.05580908426557585,0.06880003213882446,-0.16742488741874695,-0.05109542229686781,0.08024045825004578,-0.08400410413742065,-0.06678622954999014,0.05768594145774841,-0.05833697319030762,-0.06352128827487036,0.047106921672821045,-0.08414176106452942,-0.05855153867517515
B,0.0,0.0,0.0,0.06364494562149048,0.029387235641479492,-0.01944399556651888,0.1345246434211731,0.03307533264160156,-0.037184504107983685,0.1814185380935669,0.010519564151763916,-0.05575051276520071,0.15902650356292725,-0.03195220232009888,-0.06873957930639563,0.16976356506347656,-0.1230124831199646,-0.014105504625888443,0.21285858750343323,-0.08477169275283813,-0.049573646174223995,0.17189368605613708,-0.037043750286102295,-0.06975414721802053,0.15101861953735352,-0.04271435737609863,-0.08168680338695822,0.1418515145778656,-0.15731993317604065,-0.023384572253974056,0.1795639991760254,-0.09189271926879883,-0.05912545068696318,0.13504505157470703,-0.040021538734436035,-0.06941967575386343,0.11848768591880798,-0.05403643846511841,-0.07085875539615927,0.10610398650169373,-0.16884005069732666,-0.03712793184951124,0.12786614894866943,-0.08193928003311157,-0.06695211796596823,0.09251302480697632,-0.04240530729293823,-0.0637565639479476,0.0806446373462677,-0.06697925925254822,-0.05710713310674009,0.0690043568611145,-0.16284605860710144,-0.05359244091943083,0.08137264847755432,-0.0784827470779419,-0.06871967135504065,0.05945888161659241,-0.05332213640213013,-0.06551163016393957,0.04887428879737854,-0.0785227119922638,-0.06064393116668043
B,0.0,0.0,0.0,0.06272178888320923,0.03010714054107666,-0.019782292404670443,0.13338559865951538,0.03296077251434326,-0.03733058341731521,0.18054920434951782,0.010902881622314453,-0.05558639460195991,0.15949136018753052,-0.03126978874206543,-0.06814889677752944,0.16884154081344604,-0.12217050790786743,-0.014460613699156966,0.21312132477760315,-0.08544164896011353,-0.05005275898565742,0.17272302508354187,-0.03694361448287964,-0.0696198872565219,0.1515614092350006,-0.04188251495361328,-0.08084966310252639,0.14134103059768677,-0.15697169303894043,-0.023330925711888995,0.18117594718933105,-0.09406021237373352,-0.05992057614912483,0.13653409481048584,-0.040244340896606445,-0.07005622305860015,0.11914291977882385,-0.052580416202545166,-0.07070402868976089,0.10619530081748962,-0.16905853152275085,-0.0366616442142913,0.12810027599334717,-0.08260038495063782,-0.06745626845349761,0.09235170483589172,-0.041831910610198975,-0.06439391591538879,0.0801541805267334,-0.06526258587837219,-0.05712360211600753,0.06953588128089905,-0.16374588012695312,-0.05265612968196365,0.08084306120872498,-0.07777294516563416,-0.06844093718518707,0.05914431810379028,-0.05177187919616699,-0.0656344375847766,0.04905161261558533,-0.07642921805381775,-0.06064746969332191
B,0.0,0.0,0.0,0.06254613399505615,0.029683947563171387,-0.01977930529352534,0.1332153081893921,0.03230166435241699,-0.03765265209909785,0.18098241090774536,0.009401082992553711,-0.05602305321332324,0.15958693623542786,-0.033553361892700195,-0.06881953714724887,0.16792947053909302,-0.12293261289596558,-0.0162875608944546,0.21330320835113525,-0.08686992526054382,-0.05165075449582446,0.17300841212272644,-0.03753840923309326,-0.07098972736235964,0.15170514583587646,-0.04376959800720215,-0.08224946944352496,0.1399724781513214,-0.15777844190597534,-0.025203018768991114,0.18104618787765503,-0.09567263722419739,-0.06154895140167582,0.13704094290733337,-0.04035747051239014,-0.07180312214728701,0.11964431405067444,-0.05407768487930298,-0.07281379340525973,0.10452806949615479,-0.16949313879013062,-0.03830860494014132,0.12707483768463135,-0.08274942636489868,-0.06916988579865802,0.09214532375335693,-0.04049581289291382,-0.06612817881938327,0.08007040619850159,-0.06529241800308228,-0.05902090980049479,0.06789886951446533,-0.16399067640304565,-0.05394220291015017,0.08074548840522766,-0.07931485772132874,-0.0697422543012749,0.05918991565704346,-0.051712214946746826,-0.06641508577700961,0.04836094379425049,-0.07644593715667725,-0.061134628339971187
B,0.0,0.0,0.0,0.06275838613510132,0.02962040901184082,-0.01986623214727956,0.13308990001678467,0.03380250930786133,-0.03811235571450311,0.18029984831809998,0.01132887601852417,-0.057000691389504254,0.15879666805267334,-0.031940579414367676,-0.0703849479014309,0.1687508523464203,-0.12243250012397766,-0.01637984285301286,0.2127535343170166,-0.08662921190261841,-0.05120242977685052,0.17254745960235596,-0.03661513328552246,-0.07029515350407678,0.15139546990394592,-0.04147601127624512,-0.08141385609454233,0.1405237317085266,-0.15723010897636414,-0.025084821825686276,0.17834362387657166,-0.09319490194320679,-0.05981480548328477,0.13438159227371216,-0.03823065757751465,-0.06935069555586892,0.11802947521209717,-0.052647411823272705,-0.07047054017132837,0.10480892658233643,-0.16864004731178284,-0.03799035618251878,0.12676894664764404,-0.0821155309677124,-0.06726251388138849,0.09229680895805359,-0.03986537456512451,-0.06346194291657525,0.08048036694526672,-0.06380227208137512,-0.05650665084070283,0.0678388774394989,-0.16282227635383606,-0.05355555782264787,0.08081924915313721,-0.07871982455253601,-0.06851907665080148,0.0594029426574707,-0.05097466707229614,-0.06479453886097986,0.048363685607910156,-0.07459431886672974,-0.059466967677536786
B,0.0,0.0,0.0,0.06408502161502838,0.031881093978881836,-0.017827494099265095,0.13559360802173615,0.03459256887435913,-0.0346529670352993,0.18408973515033722,0.014854192733764648,-0.05279229584289169,0.16171245276927948,-0.02306312322616577,-0.06561090055060959,0.1698920875787735,-0.12369754910469055,-0.012339155219024178,0.2148289829492569,-0.08223024010658264,-0.04721416535926437,0.175591841340065,-0.03459411859512329,-0.06722802671743011,0.15453653037548065,-0.04001128673553467,-0.07923618707013702,0.1419026106595993,-0.1562056541442871,-0.022392122104292866,0.18198402225971222,-0.08762702345848083,-0.05814608934474563,0.13929258286952972,-0.03586071729660034,-0.06859294328046417,0.12210886180400848,-0.04967409372329712,-0.0702304020817337,0.10700969398021698,-0.16587263345718384,-0.03682469952059364,0.13219036161899567,-0.07588037848472595,-0.06669238212657547,0.0972747951745987,-0.03602802753448486,-0.06399210545373535,0.08408938348293304,-0.059722304344177246,-0.05769884589267349,0.07136265933513641,-0.15745609998703003,-0.05390812087011909,0.0851110965013504,-0.06880900263786316,-0.0693121999795494,0.0626281350851059,-0.043482571840286255,-0.0670556202824173,0.05132259428501129,-0.06759601831436157,-0.06296028199744796
B,0.0,0.0,0.0,0.06346592307090759,0.032859981060028076,-0.016946122689176946,0.13304802775382996,0.03750431537628174,-0.03372936945967808,0.18112722039222717,0.020058155059814453,-0.05190915491991177,0.16177523136138916,-0.020141541957855225,-0.06497761112265721,0.16908657550811768,-0.12187400460243225,-0.013041533237327485,0.2140865921974182,-0.07963484525680542,-0.04827875894122258,0.17451328039169312,-0.03245055675506592,-0.06856446218304768,0.1523609459400177,-0.03726702928543091,-0.08042980235629216,0.14117199182510376,-0.15482327342033386,-0.02339345653169289,0.18170002102851868,-0.08479282259941101,-0.05919896316342488,0.1385301947593689,-0.03262513875961304,-0.06990794342570439,0.11994591355323792,-0.044248878955841064,-0.07162283611111775,0.10615938901901245,-0.16446277499198914,-0.03789323445968762,0.13140803575515747,-0.07260376214981079,-0.0677273745518221,0.09570959210395813,-0.03325831890106201,-0.06502692651562825,0.08149886131286621,-0.05611300468444824,-0.05857300263457432,0.0700816810131073,-0.1559114158153534,-0.05487441894226208,0.0842975378036499,-0.06669431924819946,-0.0701535220127596,0.06105819344520569,-0.041481614112854004,-0.06737401586585179,0.04872536659240723,-0.06500807404518127,-0.06272480141930714
B,0.0,0.0,0.0,0.06278271973133087,0.03188127279281616,-0.01794561481170831,0.13201649487018585,0.036623358726501465,-0.03518148621611772,0.18036840856075287,0.018207132816314697,-0.053511780854989865,0.16137395799160004,-0.02288275957107544,-0.06655839568071542,0.16853444278240204,-0.11996802687644958,-0.013933046889235357,0.21390952169895172,-0.08048707246780396,-0.04930539911680398,0.17428185045719147,-0.032626450061798096,-0.06932632362537561,0.1519949585199356,-0.036988139152526855,-0.0809164989560145,0.14125250279903412,-0.1534542441368103,-0.023658835497428754,0.18180997669696808,-0.08668780326843262,-0.06026338895850358,0.13775472342967987,-0.033047378063201904,-0.07099017983370004,0.11877255141735077,-0.04432985186576843,-0.0721557412117022,0.1066451221704483,-0.1640232801437378,-0.037570365872909406,0.13014660775661469,-0.07425329089164734,-0.06795295810394464,0.09484820067882538,-0.03356039524078369,-0.06517730390720544,0.08173896372318268,-0.0560154914855957,-0.05823952814631639,0.07073269784450531,-0.15671944618225098,-0.0540028821497458,0.0830838531255722,-0.06875169277191162,-0.06936409061842141,0.06037987768650055,-0.04274648427963257,-0.06656433379345117,0.04920090734958649,-0.06642809510231018,-0.06170779576592622
B,0.0,0.0,0.0,0.06129789352416992,0.03141409158706665,-0.01802733594868755,0.13002252578735352,0.03606384992599487,-0.035313763267737386,0.178300142288208,0.017431557178497314,-0.05365061069224453,0.1595247983932495,-0.023875713348388672,-0.0669129906067667,0.16760185360908508,-0.12072047591209412,-0.015151024408083913,0.2122206687927246,-0.08128288388252258,-0.04995162839387035,0.17271244525909424,-0.03343015909194946,-0.06968695352171039,0.15007522702217102,-0.03799563646316528,-0.08113851080034351,0.13982239365577698,-0.1541503667831421,-0.024674440346103665,0.1796739399433136,-0.08757567405700684,-0.06045471931193447,0.13701191544532776,-0.033110618591308594,-0.07124007175062275,0.11788323521614075,-0.043797969818115234,-0.07280184010360813,0.1047428548336029,-0.16483575105667114,-0.03816475028489208,0.12860539555549622,-0.0757794976234436,-0.06831851283405399,0.09405037760734558,-0.033088624477386475,-0.06572613546941852,0.08003121614456177,-0.05383506417274475,-0.059009574897032735,0.06837311387062073,-0.15776309370994568,-0.054058705068570134,0.08183830976486206,-0.07082027196884155,-0.0696651382217226,0.06016656756401062,-0.042923957109451294,-0.0667318073878107,0.048617273569107056,-0.06434917449951172,-0.06168332005236721
B,0.0,0.0,0.0,0.06175154447555542,0.03133660554885864,-0.018442720697180448,0.1309545338153839,0.0345914363861084,-0.035653019846336065,0.17821621894836426,0.014311432838439941,-0.05373517289842766,0.1587418019771576,-0.02680027484893799,-0.06651753425683182,0.16723641753196716,-0.12083563208580017,-0.014690436013893304,0.2114604413509369,-0.08284693956375122,-0.0488781803854863,0.17230314016342163,-0.03547179698944092,-0.0678506815442006,0.15061616897583008,-0.041114866733551025,-0.07890898972834748,0.13981279730796814,-0.1543300747871399,-0.023856543526903806,0.17874664068222046,-0.08877435326576233,-0.058183590472594915,0.13586220145225525,-0.03540384769439697,-0.06776141613806885,0.11870384216308594,-0.049182236194610596,-0.06888111174191636,0.10481595993041992,-0.16496002674102783,-0.03714245051230591,0.1280924677848816,-0.07729771733283997,-0.06654378265227479,0.09407007694244385,-0.035913050174713135,-0.06342644482936066,0.08140820264816284,-0.0592367947101593,-0.05672567948784035,0.06824642419815063,-0.15838384628295898,-0.05288461461748284,0.08118218183517456,-0.07277065515518188,-0.06817259878005189,0.060272395610809326,-0.04505753517150879,-0.06499411404217881,0.04941001534461975,-0.06779292225837708,-0.05993923410858315
B,0.0,0.0,0.0,0.06055210530757904,0.028616607189178467,-0.017958119918404236,0.128282830119133,0.0316120982170105,-0.03565917949825348,0.17529232800006866,0.01185530424118042,-0.0542092215612513,0.15831033885478973,-0.03116840124130249,-0.06763129722028793,0.16278724372386932,-0.12470540404319763,-0.01626310165673317,0.2076236456632614,-0.08655881881713867,-0.05034895281940521,0.16945521533489227,-0.0386660099029541,-0.06860961805730881,0.1477278620004654,-0.044729530811309814,-0.07888584624677719,0.1353299468755722,-0.1572565734386444,-0.02552869956642212,0.17610667645931244,-0.09246668219566345,-0.058053039421139374,0.13417015969753265,-0.037137389183044434,-0.0659688864245993,0.1179676204919815,-0.05163460969924927,-0.06648707430511536,0.100370392203331,-0.16727444529533386,-0.03876854892521919,0.12579400837421417,-0.08122411370277405,-0.0673976619139296,0.09192956984043121,-0.03806030750274658,-0.06273420195728363,0.0789693146944046,-0.06122073531150818,-0.05533180053978981,0.06346647441387177,-0.16086596250534058,-0.054311145503817215,0.07897461950778961,-0.07758846879005432,-0.06905170570760788,0.05907101929187775,-0.047227293252944946,-0.06421810429245056,0.04800279438495636,-0.06779620051383972,-0.05808031599670471
B,0.0,0.0,0.0,0.05829426646232605,0.025830507278442383,-0.01841752706550892,0.12676146626472473,0.02397918701171875,-0.03405972486817177,0.17263901233673096,-0.0015325546264648438,-0.04994494384609993,0.15676647424697876,-0.04716268181800842,-0.06074882587873276,0.1608821451663971,-0.12594491243362427,-0.012872943752341826,0.2024681270122528,-0.0956031084060669,-0.04509241795622643,0.16652360558509827,-0.04595506191253662,-0.0632240316876107,0.14713063836097717,-0.051259398460388184,-0.07365196114861305,0.13457340002059937,-0.16024178266525269,-0.020593107775681574,0.17201679944992065,-0.10548946261405945,-0.05141891455733116,0.13322308659553528,-0.04867526888847351,-0.06045886418306168,0.11734446883201599,-0.062018901109695435,-0.061811524541013796,0.09940725564956665,-0.17275524139404297,-0.03235092675768669,0.12029922008514404,-0.09754902124404907,-0.0602490558334523,0.08960652351379395,-0.0514964759349823,-0.056791796446674425,0.07788228988647461,-0.0730423629283905,-0.05006704396092232,0.061964184045791626,-0.16962629556655884,-0.04630257478439148,0.07538485527038574,-0.09451720118522644,-0.06086653760158356,0.057188481092453,-0.0614086389541626,-0.056114985705249865,0.045997291803359985,-0.0802885890007019,-0.04981492748939331
B,0.0,0.0,0.0,0.058824002742767334,0.024078547954559326,-0.020751043876543918,0.1313493251800537,0.017214953899383545,-0.03439574288381664,0.1713072955608368,-0.02291339635848999,-0.04684206815613834,0.1495661735534668,-0.07270428538322449,-0.05394154386772243,0.16397884488105774,-0.12025612592697144,-0.0143779997731599,0.20030391216278076,-0.10199761390686035,-0.043345413824454226,0.1618691384792328,-0.05060344934463501,-0.05846834154976932,0.14308741688728333,-0.05717313289642334,-0.0673797798360738,0.13542425632476807,-0.15930697321891785,-0.01944950754000274,0.16442906856536865,-0.12093254923820496,-0.046360797902480044,0.1260286271572113,-0.061931490898132324,-0.052731703689232745,0.11377725005149841,-0.07825616002082825,-0.053092855682507434,0.097807377576828,-0.1752517819404602,-0.028474993726149478,0.1137368381023407,-0.1149621307849884,-0.05522726075901119,0.08584517240524292,-0.06410309672355652,-0.04993981840266315,0.07682836055755615,-0.08583831787109375,-0.04240044923676578,0.05806189775466919,-0.17719215154647827,-0.039536945244208255,0.07027122378349304,-0.11509382724761963,-0.054253026565447726,0.053194135427474976,-0.0768844485282898,-0.04764269637121288,0.04227322340011597,-0.09430685639381409,-0.03986443551434604
B,0.0,0.0,0.0,0.0574868768453598,0.021676242351531982,-0.02387644354152485,0.1315724402666092,0.011166214942932129,-0.037786098233340226,0.17057837545871735,-0.03600805997848511,-0.04967990334975525,0.14920909702777863,-0.09229415655136108,-0.05537281375276848,0.16468088328838348,-0.11180156469345093,-0.016564521974800073,0.20086775720119476,-0.11101999878883362,-0.04618133421885773,0.16101278364658356,-0.056367427110672,-0.05977678488838478,0.14259390532970428,-0.061118751764297485,-0.06718835424530312,0.13550661504268646,-0.15184462070465088,-0.0193792190765123,0.16706274449825287,-0.1391056478023529,-0.04979618456113144,0.12679974734783173,-0.07220616936683655,-0.05573107492077156,0.11438910663127899,-0.08592256903648376,-0.05406418632614418,0.09818671643733978,-0.17098450660705566,-0.026186300477860414,0.11530445516109467,-0.13867726922035217,-0.05658075403320595,0.08766628801822662,-0.07571801543235779,-0.04812685590135857,0.0786096602678299,-0.0914134681224823,-0.03672841008651062,0.058213457465171814,-0.1783076524734497,-0.034971142223952256,0.07191912829875946,-0.13766151666641235,-0.05228769969093605,0.05714838206768036,-0.09295237064361572,-0.04330472838032051,0.04691518843173981,-0.10716766119003296,-0.03260510604727074
B,0.0,0.0,0.0,0.05791360139846802,0.01724308729171753,-0.022180482839615934,0.13018345832824707,0.0009184479713439941,-0.03395841466394245,0.166567862033844,-0.05183553695678711,-0.04409310044852077,0.14754903316497803,-0.10703518986701965,-0.048061469664247625,0.15980389714241028,-0.09774604439735413,-0.014802204539449804,0.20131513476371765,-0.1195078194141388,-0.04255971880760967,0.16411316394805908,-0.06508180499076843,-0.05337948920336544,0.1452120542526245,-0.06469956040382385,-0.05807936759796917,0.13045015931129456,-0.13500192761421204,-0.017640212645204656,0.16650396585464478,-0.14968669414520264,-0.04560191379991352,0.1284826099872589,-0.08167007565498352,-0.04926518546548664,0.11641684174537659,-0.09161883592605591,-0.04596524508801281,0.09340700507164001,-0.15765008330345154,-0.024420278241308324,0.11529922485351562,-0.1528247594833374,-0.05533493133393108,0.088346928358078,-0.08576905727386475,-0.04567505242434322,0.07885509729385376,-0.09593412280082703,-0.03256027223673641,0.05251508951187134,-0.1729903221130371,-0.03254786702004253,0.071662038564682,-0.15734201669692993,-0.04964071707931339,0.05928000807762146,-0.10826531052589417,-0.03775151269641697,0.049174487590789795,-0.11430040001869202,-0.0247318093678075
B,0.0,0.0,0.0,0.05629527568817139,0.012677669525146484,-0.020770641748214302,0.1304967999458313,-0.007894337177276611,-0.030661581788564263,0.16737744212150574,-0.06529051065444946,-0.03941850620915943,0.149926096200943,-0.12234023213386536,-0.04163576546719128,0.1581737995147705,-0.09191837906837463,-0.009124699753130017,0.20491275191307068,-0.12646937370300293,-0.03618084150960499,0.16649898886680603,-0.07346832752227783,-0.04653419065883213,0.148575097322464,-0.06881144642829895,-0.05067143845965916,0.1281527876853943,-0.12750273942947388,-0.012482007738555012,0.1708487868309021,-0.1596798300743103,-0.04239511001517826,0.13188901543617249,-0.09122422337532043,-0.04715854558756405,0.11964493989944458,-0.09573253989219666,-0.043722106848264275,0.09076240658760071,-0.1504611372947693,-0.0197537622939592,0.11804699897766113,-0.16599947214126587,-0.0534794393520599,0.0890677273273468,-0.09572023153305054,-0.04308665055444294,0.07906323671340942,-0.10019028186798096,-0.02814667183568531,0.04931765794754028,-0.16973519325256348,-0.02791618998756462,0.07434993982315063,-0.17414414882659912,-0.04572681594302708,0.060531944036483765,-0.12278169393539429,-0.03163710493257099,0.050102800130844116,-0.12376049160957336,-0.01682043704798275
B,0.0,0.0,0.0,0.05620597302913666,0.011824250221252441,-0.02310248692856476,0.12940217554569244,-0.008315205574035645,-0.03407332902179405,0.1645924597978592,-0.06809481978416443,-0.0436445981763427,0.14918003976345062,-0.12615492939949036,-0.046005456199509354,0.15899090468883514,-0.09282991290092468,-0.009661687029165478,0.20560963451862335,-0.12968558073043823,-0.038331082513195724,0.16680018603801727,-0.07659438252449036,-0.04917745520697281,0.14878679811954498,-0.069821298122406,-0.053054193457228394,0.1282549649477005,-0.12777060270309448,-0.012039021079999657,0.17097331583499908,-0.16283562779426575,-0.0435651526354377,0.13204507529735565,-0.09359154105186462,-0.0482387044035022,0.12070567905902863,-0.09532713890075684,-0.044085318645102234,0.09088237583637238,-0.15037479996681213,-0.01880582650528595,0.11837492883205414,-0.16860002279281616,-0.053760329683882446,0.08892343938350677,-0.0971040427684784,-0.04264074047432587,0.0800425261259079,-0.0989842414855957,-0.026651520704490395,0.0497346967458725,-0.1692335307598114,-0.026786482384068222,0.07446078956127167,-0.1735084354877472,-0.04506659363732979,0.05983547866344452,-0.12256762385368347,-0.030789047902089806,0.04964746534824371,-0.1240788996219635,-0.015507923861605377
B,0.0,0.0,0.0,0.056183964014053345,0.01070636510848999,-0.023610321636738263,0.12853696942329407,-0.0121384859085083,-0.03393722867542692,0.16269776225090027,-0.07381442189216614,-0.04291809519702383,0.1478785276412964,-0.1335640549659729,-0.044335068966688596,0.1597212851047516,-0.09043276309967041,-0.007018751296641312,0.20679426193237305,-0.13056498765945435,-0.03655180877024122,0.16659051179885864,-0.0795278251171112,-0.047831998969854794,0.14910337328910828,-0.07004854083061218,-0.051409480925144635,0.1290178894996643,-0.12585172057151794,-0.008949071932079278,0.1711588203907013,-0.16486850380897522,-0.041298573668541394,0.13102173805236816,-0.09761747717857361,-0.04551296105557867,0.12062707543373108,-0.09569713473320007,-0.04021976685100981,0.09164765477180481,-0.14928802847862244,-0.01581757126325556,0.1185520589351654,-0.17117422819137573,-0.05122300406867453,0.08782759308815002,-0.10094806551933289,-0.039405194874348126,0.07997515797615051,-0.09975704550743103,-0.02224572917396017,0.050945937633514404,-0.168900728225708,-0.024087197910489522,0.07493183016777039,-0.17711061239242554,-0.04169313033992239,0.059327781200408936,-0.12677887082099915,-0.02659106982821413,0.04967626929283142,-0.1253649890422821,-0.010424477811397992
B,0.0,0.0,0.0,0.05672261118888855,0.009033560752868652,-0.0253835935150164,0.1283930540084839,-0.013106048107147217,-0.03647361137018379,0.1591278612613678,-0.07736566662788391,-0.045851355419017636,0.14490273594856262,-0.13753515481948853,-0.0472775306557196,0.16116443276405334,-0.08789220452308655,-0.007830373943306768,0.207044780254364,-0.13190892338752747,-0.038377674296953046,0.1662992537021637,-0.08160406351089478,-0.0504046250139254,0.14921784400939941,-0.06911146640777588,-0.05424932949290451,0.13036847114562988,-0.1238415539264679,-0.008970640600182378,0.1726277768611908,-0.1673937439918518,-0.04199136234865364,0.1323864758014679,-0.10130703449249268,-0.04631499759898361,0.12216255068778992,-0.09526044130325317,-0.04064502753362831,0.09322670102119446,-0.148139089345932,-0.015388765372790658,0.11818811297416687,-0.17339950799942017,-0.05124921165452179,0.0877440869808197,-0.10336285829544067,-0.03985803760633644,0.0810677707195282,-0.09813585877418518,-0.02263369783804592,0.0528845489025116,-0.16809645295143127,-0.023457420990325772,0.0740390419960022,-0.1768847405910492,-0.04147001542196449,0.05844929814338684,-0.12689629197120667,-0.027142224833824002,0.05024263262748718,-0.12304577231407166,-0.011305320077099168
B,0.0,0.0,0.0,0.05641242861747742,0.007392287254333496,-0.024878480500774458,0.1279790699481964,-0.016761839389801025,-0.03561872526188381,0.15949881076812744,-0.0815073549747467,-0.04470872416277416,0.14706948399543762,-0.1413821578025818,-0.045709422818617895,0.1619412899017334,-0.08961799740791321,-0.007236437901156023,0.20757117867469788,-0.13242489099502563,-0.03614459096570499,0.16615533828735352,-0.08319666981697083,-0.04670956268091686,0.15167772769927979,-0.07260313630104065,-0.0501773236610461,0.13107776641845703,-0.12594547867774963,-0.00860462713171728,0.1751137673854828,-0.17088431119918823,-0.041629998973803595,0.13380774855613708,-0.10640093684196472,-0.04554068579454906,0.12426236271858215,-0.10139802098274231,-0.03956033944268711,0.09325134754180908,-0.15044933557510376,-0.015008734568255022,0.11925265192985535,-0.17808592319488525,-0.0504323682107497,0.08815628290176392,-0.10865709185600281,-0.0384491375007201,0.08195418119430542,-0.10339042544364929,-0.020916166744427755,0.0527021586894989,-0.1705198884010315,-0.02299084237893112,0.07438632845878601,-0.1822758913040161,-0.040028336487011984,0.05934390425682068,-0.13335761427879333,-0.02516323237796314,0.052304983139038086,-0.12920576333999634,-0.009235691308276728
B,0.0,0.0,0.0,0.05589699745178223,0.00711590051651001,-0.025786540270900105,0.1276278793811798,-0.016714811325073242,-0.036782436804031704,0.158562570810318,-0.08252045512199402,-0.04612249954149661,0.14672264456748962,-0.14216777682304382,-0.047172237918829296,0.16311639547348022,-0.0888211727142334,-0.006915510431980465,0.20809149742126465,-0.13323277235031128,-0.036913831518148754,0.1660129725933075,-0.08470356464385986,-0.04781797228858409,0.15124893188476562,-0.07273802161216736,-0.05098384319350657,0.13174927234649658,-0.1254558563232422,-0.008119140551542614,0.17467549443244934,-0.17048239707946777,-0.04139650313661036,0.13319087028503418,-0.10613349080085754,-0.04486116840050158,0.12474536895751953,-0.10034772753715515,-0.03828557653829989,0.09436118602752686,-0.15008127689361572,-0.014730160855805252,0.12011340260505676,-0.17939430475234985,-0.05130980609462199,0.08789217472076416,-0.10848191380500793,-0.0386881016056293,0.08226421475410461,-0.10097742080688477,-0.020143334553694103,0.05420991778373718,-0.1702393889427185,-0.02303878477320609,0.0759238600730896,-0.18475434184074402,-0.0411404117803329,0.05998590588569641,-0.13374704122543335,-0.02577122373983798,0.05310869216918945,-0.12669485807418823,-0.008903385871207092
B,0.0,0.0,0.0,0.05461162328720093,0.008525729179382324,-0.027405130852372395,0.12698957324028015,-0.014425456523895264,-0.03870850725880359,0.1581297516822815,-0.08253902196884155,-0.04797994642368053,0.14858123660087585,-0.14354074001312256,-0.04869439004770015,0.16289645433425903,-0.08646413683891296,-0.007787003822983252,0.2083854377269745,-0.1331648826599121,-0.03945318906417583,0.16583609580993652,-0.08421126008033752,-0.0511662058424065,0.1507052779197693,-0.0712306797504425,-0.054467342038066136,0.1316836178302765,-0.1232735812664032,-0.008442602295787083,0.17519846558570862,-0.16859042644500732,-0.04285369365325664,0.1324516236782074,-0.10286352038383484,-0.04615109710803722,0.12384423613548279,-0.09628012776374817,-0.03898724092951511,0.09512975811958313,-0.1482757031917572,-0.014940428723008381,0.12100836634635925,-0.17915114760398865,-0.05275697185507511,0.08752796053886414,-0.10738873481750488,-0.03960142209044193,0.08258464932441711,-0.09897738695144653,-0.02025945222786163,0.05545505881309509,-0.16909578442573547,-0.0233331985663483,0.07636716961860657,-0.18391242623329163,-0.042597870517880665,0.05923616886138916,-0.13175231218338013,-0.027252984408647762,0.052696168422698975,-0.12364193797111511,-0.010023277428359734
B,0.0,0.0,0.0,0.05751298367977142,0.005039632320404053,-0.0246673662518333,0.12731067836284637,-0.021764159202575684,-0.03519324849594341,0.1600509136915207,-0.08524972200393677,-0.044591194794065814,0.1496790200471878,-0.14576861262321472,-0.045714820579178195,0.16094546020030975,-0.08623519539833069,-0.005041108310706477,0.20725403726100922,-0.13391366600990295,-0.03506269942272411,0.16403956711292267,-0.08609235286712646,-0.046580045328028064,0.14914225041866302,-0.07244706153869629,-0.05003337825883136,0.13167978823184967,-0.12239676713943481,-0.006195799291617732,0.17702503502368927,-0.17095181345939636,-0.03904668505538211,0.1329844444990158,-0.10819551348686218,-0.04225109036315189,0.12323443591594696,-0.09921303391456604,-0.03526159267175899,0.09571279585361481,-0.14755770564079285,-0.012819747284538607,0.12239150702953339,-0.181153804063797,-0.047656806961185794,0.08863012492656708,-0.1117820143699646,-0.03432321812260852,0.08190344274044037,-0.09957137703895569,-0.015390912846214633,0.057711049914360046,-0.16849449276924133,-0.021282591701037745,0.0784500390291214,-0.1849600076675415,-0.03772475461710201,0.06192480027675629,-0.13713225722312927,-0.022312856123335223,0.05505816638469696,-0.12787485122680664,-0.0056443715770910785
B,0.0,0.0,0.0,0.05853933095932007,0.007059574127197266,-0.02499272073654879,0.1271444857120514,-0.024219036102294922,-0.03456155168859709,0.16072285175323486,-0.08996397256851196,-0.043077960191652664,0.15479496121406555,-0.14974290132522583,-0.04338041651098479,0.16407927870750427,-0.0842452347278595,-0.0015710134062771886,0.20803725719451904,-0.13116714358329773,-0.030519317416832337,0.166329026222229,-0.08533230423927307,-0.04181482601015318,0.15163123607635498,-0.07022196054458618,-0.04506840142457236,0.13471940159797668,-0.12117961049079895,-0.002125953138232717,0.17797943949699402,-0.16997754573822021,-0.03398400130717505,0.13464784622192383,-0.10731387138366699,-0.03710789191572417,0.12485262751579285,-0.09664204716682434,-0.0299870479389881,0.09882053732872009,-0.1468346118927002,-0.008452974772438893,0.12566861510276794,-0.18119758367538452,-0.04302025544492949,0.0917593240737915,-0.11201807856559753,-0.030047842814013848,0.08437702059745789,-0.09890738129615784,-0.01116846553085793,0.06077328324317932,-0.16780969500541687,-0.016674175439760575,0.08262315392494202,-0.1865966022014618,-0.03332068356721152,0.065667062997818,-0.13822191953659058,-0.018239210872337708,0.05828481912612915,-0.127437561750412,-0.0015852456450318186
B,0.0,0.0,0.0,0.05882859230041504,0.00985419750213623,-0.026337130624455085,0.12737590074539185,-0.02016085386276245,-0.03616069506446706,0.16127631068229675,-0.08685097098350525,-0.04476415987650739,0.15678304433822632,-0.14547252655029297,-0.044898359734219184,0.1658283770084381,-0.07871311902999878,-0.0012165146652876047,0.20777544379234314,-0.1275460422039032,-0.03256187464634763,0.16677036881446838,-0.08197876811027527,-0.04469963784853803,0.15229269862174988,-0.06257215142250061,-0.04739765699545728,0.13550898432731628,-0.11521798372268677,-0.0012616209458826688,0.17623481154441833,-0.1631389856338501,-0.03500880550186025,0.13265696167945862,-0.10017582774162292,-0.03772447879950391,0.12386530637741089,-0.0873517394065857,-0.029185033101242652,0.099968820810318,-0.14147722721099854,-0.00773570935766088,0.1250077486038208,-0.17617732286453247,-0.04555326204339849,0.08975008130073547,-0.10691440105438232,-0.03264178212324964,0.08399620652198792,-0.09209209680557251,-0.012245505746108165,0.06225472688674927,-0.16317284107208252,-0.016136116046112647,0.08263972401618958,-0.18372350931167603,-0.03535108889977323,0.06413942575454712,-0.1343379020690918,-0.02047982502321588,0.057046204805374146,-0.1214008629322052,-0.0028177296515821126
B,0.0,0.0,0.0,0.06187295913696289,0.007570862770080566,-0.027153720443180873,0.1280319094657898,-0.026690304279327393,-0.036761136089495494,0.16428175568580627,-0.09304565191268921,-0.045352195684841945,0.1608220636844635,-0.14726614952087402,-0.0455874850200928,0.17082485556602478,-0.07695746421813965,0.002787702421613858,0.20871874690055847,-0.12536567449569702,-0.02944598469608195,0.16840079426765442,-0.08454245328903198,-0.043880936984947994,0.15374860167503357,-0.061676353216171265,-0.04782367620342143,0.14099928736686707,-0.11462348699569702,0.0034571308018200853,0.17855030298233032,-0.16165369749069214,-0.029985971112779453,0.13430070877075195,-0.10321179032325745,-0.033461918418339565,0.12616446614265442,-0.08698773384094238,-0.025401401628784015,0.10596072673797607,-0.14197662472724915,-0.0030217797654188416,0.12989962100982666,-0.17769241333007812,-0.04039648670428164,0.09431713819503784,-0.11336946487426758,-0.028765754138163402,0.08841252326965332,-0.09504640102386475,-0.009072095450989082,0.06864821910858154,-0.16342467069625854,-0.01174931630217202,0.08978837728500366,-0.18793585896492004,-0.03061398241393931,0.07019418478012085,-0.14187020063400269,-0.01668537903302081,0.06227809190750122,-0.12530887126922607,0.00046811377555400213
B,0.0,0.0,0.0,0.059870123863220215,0.009109437465667725,-0.024384516535718603,0.13000836968421936,-0.020863085985183716,-0.032899325026590986,0.16741228103637695,-0.08795374631881714,-0.041150582267363234,0.1625148057937622,-0.14558294415473938,-0.041665093286354704,0.16623389720916748,-0.06515467166900635,0.00403253011180027,0.2096790075302124,-0.11535272002220154,-0.02695713496061103,0.16796112060546875,-0.08195912837982178,-0.0402586322859122,0.1485326588153839,-0.05928713083267212,-0.0431050036683871,0.1382794976234436,-0.10283583402633667,0.0039436945110367105,0.18023306131362915,-0.1543157994747162,-0.029389319254477186,0.13604554533958435,-0.10215190052986145,-0.033662227226813,0.12399208545684814,-0.08312565088272095,-0.02579942835720317,0.10525256395339966,-0.1313823163509369,-0.002569726912696524,0.1307125687599182,-0.17178350687026978,-0.03922769544871585,0.09385639429092407,-0.11000832915306091,-0.02761103144140975,0.08356505632400513,-0.0877310037612915,-0.007719006168116493,0.07005536556243896,-0.15666353702545166,-0.010981636366267367,0.09268021583557129,-0.1854424774646759,-0.02887525899561183,0.072490394115448,-0.14185768365859985,-0.014255224040169878,0.06224331259727478,-0.1237478256225586,0.003303851455058293
B,0.0,0.0,0.0,0.06038358807563782,0.011469602584838867,-0.02516079751725897,0.13027441501617432,-0.023775935173034668,-0.032549597899873106,0.1682392954826355,-0.09266376495361328,-0.03936827985521063,0.16494807600975037,-0.14442360401153564,-0.038464610110480635,0.16817858815193176,-0.06767666339874268,0.005221285745989235,0.20877647399902344,-0.11412164568901062,-0.025089076365787832,0.16857144236564636,-0.08202573657035828,-0.03825385926242575,0.14928516745567322,-0.06073373556137085,-0.041304562817771284,0.14076772332191467,-0.10544726252555847,0.005664691217731388,0.1796075999736786,-0.15241727232933044,-0.026163729484636633,0.13492098450660706,-0.09975147247314453,-0.02962672768111929,0.1240992546081543,-0.0827019214630127,-0.021576636116463987,0.10756632685661316,-0.13379278779029846,-0.0006781418872776612,0.13163873553276062,-0.1694808006286621,-0.03766307664986357,0.09408184885978699,-0.10815867781639099,-0.026804397459585516,0.08451247215270996,-0.08934161067008972,-0.007396816852946131,0.07144588232040405,-0.1580895185470581,-0.00892062915440306,0.09370681643486023,-0.18464958667755127,-0.027634641732532828,0.07305750250816345,-0.14133131504058838,-0.01388261711176142,0.06280294060707092,-0.12543416023254395,0.0030638928343762473
B,0.0,0.0,0.0,0.06032449007034302,0.00892263650894165,-0.023986798001402576,0.12855878472328186,-0.02495482563972473,-0.03152884006308909,0.169969379901886,-0.08962652087211609,-0.03900326996850367,0.16771984100341797,-0.1448865532875061,-0.039019396750205715,0.16716843843460083,-0.06531831622123718,0.007404256856119673,0.20759689807891846,-0.1108262836933136,-0.022012066317671497,0.1682511568069458,-0.07802769541740417,-0.035440916417115886,0.14929330348968506,-0.056869685649871826,-0.03876908331918116,0.1407184898853302,-0.10299241542816162,0.00770874299300317,0.178781658411026,-0.1492275893688202,-0.02322229765164252,0.13508597016334534,-0.09612661600112915,-0.02708926260280009,0.12411591410636902,-0.0792074203491211,-0.019683625770682056,0.10790178179740906,-0.13178426027297974,0.0013969296236098216,0.13271433115005493,-0.16879040002822876,-0.03420615032123919,0.09571525454521179,-0.1070496141910553,-0.023116911051744182,0.08479216694831848,-0.08691969513893127,-0.003991225955957134,0.07217451930046082,-0.15700647234916687,-0.006785877270573337,0.09465301036834717,-0.18286028504371643,-0.024654649419659336,0.07441839575767517,-0.1399577260017395,-0.010744288785332401,0.0636218786239624,-0.12355521321296692,0.0061626241189003395
B,0.0,0.0,0.0,0.0620078444480896,0.010189294815063477,-0.024632370405697657,0.1300325095653534,-0.025965720415115356,-0.031524479695463015,0.16935193538665771,-0.09413331747055054,-0.03821339488854392,0.16682708263397217,-0.14367792010307312,-0.03714812205066664,0.16798704862594604,-0.06358420848846436,0.009496628931856321,0.20895135402679443,-0.10912418365478516,-0.018267693304323984,0.1694386899471283,-0.07702621817588806,-0.03060797073771937,0.1516803801059723,-0.055317223072052,-0.03354855284919722,0.14120975136756897,-0.10191544890403748,0.01023886322150247,0.1806444525718689,-0.1483277678489685,-0.018946470999026133,0.13649612665176392,-0.09732314944267273,-0.021813487940335108,0.1260858178138733,-0.07942843437194824,-0.013783031449520422,0.10807749629020691,-0.13090059161186218,0.00405871977204697,0.1336575746536255,-0.16739627718925476,-0.030153107204341723,0.09687918424606323,-0.10778281092643738,-0.01927914314796908,0.08609679341316223,-0.08649972081184387,-0.00033285284075645905,0.07208499312400818,-0.15576934814453125,-0.00418327127476914,0.09564706683158875,-0.18330681324005127,-0.02084690176775439,0.07713553309440613,-0.142365962266922,-0.007248392634892298,0.06712320446968079,-0.1243366003036499,0.009238489597237276
B,0.0,0.0,0.0,0.06332482397556305,0.009915828704833984,-0.02271084117785449,0.13085021078586578,-0.026308774948120117,-0.028966961457285834,0.17017300426959991,-0.09310239553451538,-0.03551310862496848,0.16695092618465424,-0.14502471685409546,-0.03479850853875632,0.16642113029956818,-0.06502652168273926,0.010572453000690984,0.20713017880916595,-0.10733270645141602,-0.017285596608076048,0.16867993772029877,-0.07765331864356995,-0.030187299503836584,0.1492341011762619,-0.058918654918670654,-0.03359100784257407,0.14057175815105438,-0.10308095812797546,0.0104258227805758,0.17880503833293915,-0.14856478571891785,-0.01864749568596835,0.13670141994953156,-0.09810703992843628,-0.022281374811086607,0.12637467682361603,-0.0820697546005249,-0.015170606813285303,0.10790573060512543,-0.13183140754699707,0.003556596784960675,0.13292904198169708,-0.16707685589790344,-0.031149202986512137,0.09701170027256012,-0.1065245270729065,-0.0213171802748775,0.08565990626811981,-0.08672937750816345,-0.0032777937882428887,0.07198585569858551,-0.15635249018669128,-0.005141951638165665,0.09474988281726837,-0.18029391765594482,-0.023087836830768538,0.07618491351604462,-0.13793545961380005,-0.010594678140137148,0.06606115400791168,-0.12064194679260254,0.005092994746860313
B,0.0,0.0,0.0,0.06097835302352905,0.01084834337234497,-0.02230712368069021,0.1290765106678009,-0.02549922466278076,-0.027935068746188563,0.17092296481132507,-0.09119307994842529,-0.03363566628573267,0.16669589281082153,-0.14419317245483398,-0.032191371237018984,0.16460904479026794,-0.06425350904464722,0.0105891044539419,0.20790621638298035,-0.10667330026626587,-0.01657257757065622,0.17041745781898499,-0.07732456922531128,-0.029322540079334658,0.14995509386062622,-0.05831193923950195,-0.03232379785654871,0.1393229365348816,-0.1017245352268219,0.01081860189410122,0.17987695336341858,-0.14865893125534058,-0.018052471493462008,0.13922953605651855,-0.09978008270263672,-0.02261983386156885,0.12676683068275452,-0.08282798528671265,-0.01578469543633787,0.10689413547515869,-0.13057082891464233,0.004667017451396305,0.13335710763931274,-0.166485995054245,-0.02925323850391237,0.0975833535194397,-0.10581743717193604,-0.020048493211248797,0.08366453647613525,-0.0842941403388977,-0.0021188055808636364,0.07132682204246521,-0.15515011548995972,-0.0032021365306320604,0.09521710872650146,-0.17976298928260803,-0.020303874899724406,0.07704880833625793,-0.13852337002754211,-0.007828463492074889,0.065410315990448,-0.12139201164245605,0.00801315561952265
B,0.0,0.0,0.0,0.06123775243759155,0.010675132274627686,-0.02245614332704804,0.1298762857913971,-0.024434596300125122,-0.028373897351315236,0.17151978611946106,-0.09004327654838562,-0.034354349873950696,0.16754835844039917,-0.1441013216972351,-0.03296473091094754,0.16469958424568176,-0.06418639421463013,0.010206532388934875,0.208989679813385,-0.10784605145454407,-0.016630806304505086,0.16880229115486145,-0.0773019790649414,-0.028563715793183064,0.14964035153388977,-0.05880334973335266,-0.031244321070602155,0.13951820135116577,-0.10146808624267578,0.010416223391899848,0.1811387538909912,-0.1484072506427765,-0.01880779331176541,0.13768592476844788,-0.09873148798942566,-0.022558974377801633,0.12543588876724243,-0.08234637975692749,-0.014918050073077893,0.10744255781173706,-0.13057810068130493,0.004245220407852912,0.13404175639152527,-0.16785487532615662,-0.029579470209768033,0.09688118100166321,-0.10679730772972107,-0.019378040261557317,0.08402615785598755,-0.08508872985839844,-0.0007411170364264308,0.07243594527244568,-0.15577539801597595,-0.003685962917273855,0.09574493765830994,-0.18186506628990173,-0.020459262929847455,0.07681462168693542,-0.14004364609718323,-0.007354301210483527,0.06577983498573303,-0.12214207649230957,0.008946328148255134
B,0.0,0.0,0.0,0.060744792222976685,0.012147605419158936,-0.024690996257817233,0.12943428754806519,-0.019875824451446533,-0.03178784750238606,0.1718231439590454,-0.08541315793991089,-0.038467088116561854,0.16730284690856934,-0.14053979516029358,-0.03743605814710804,0.16848143935203552,-0.054353177547454834,0.008900276982927835,0.21241644024848938,-0.09995242953300476,-0.01945312075153538,0.17165744304656982,-0.07026404142379761,-0.032468689007913554,0.15155920386314392,-0.04892131686210632,-0.03535001478925892,0.14366057515144348,-0.09355166554450989,0.010258796291196859,0.18291738629341125,-0.14215195178985596,-0.020497364325677836,0.13891080021858215,-0.0932258665561676,-0.024774232281600916,0.1265098750591278,-0.07440266013145447,-0.016893078906690562,0.11208325624465942,-0.1246519386768341,0.004893632737690723,0.1363597810268402,-0.16361260414123535,-0.02966086320415684,0.0990915298461914,-0.1044539213180542,-0.019780979825412714,0.08678954839706421,-0.08120626211166382,-0.0009026641917841971,0.07752951979637146,-0.15160474181175232,-0.00242774803959378,0.0996394157409668,-0.17783302068710327,-0.019060162229692423,0.07920673489570618,-0.1384342908859253,-0.005998587103789532,0.06735414266586304,-0.12098807096481323,0.010560756215596712
B,0.0,0.0,0.0,0.06097535789012909,0.012734591960906982,-0.025128595373701046,0.13082392513751984,-0.015690535306930542,-0.032549384824108074,0.17055554687976837,-0.08204695582389832,-0.03923277541167636,0.16496209800243378,-0.1375660002231598,-0.03777505069143672,0.1699051707983017,-0.04925963282585144,0.006608861190159132,0.21480681002140045,-0.0967845618724823,-0.021962616435359905,0.17209632694721222,-0.06697764992713928,-0.03501057236559291,0.15348465740680695,-0.04535916447639465,-0.03826005368597407,0.14442084729671478,-0.08913183212280273,0.007805225130994131,0.1842629760503769,-0.13800287246704102,-0.0221580898679008,0.13834653794765472,-0.0907498300075531,-0.025654790765713642,0.12725763022899628,-0.07305827736854553,-0.017958739615153263,0.11289151012897491,-0.12128075957298279,0.0022823982116619845,0.13741405308246613,-0.16125205159187317,-0.031121674767803142,0.09926815330982208,-0.10460597276687622,-0.020215114421318958,0.08861266076564789,-0.08286160230636597,-0.0014532664382045368,0.07869930565357208,-0.1495092213153839,-0.0053395613386442164,0.10208262503147125,-0.1772230863571167,-0.020687570638131092,0.08056853711605072,-0.13943475484848022,-0.006421950022797773,0.06826631724834442,-0.1232767105102539,0.010418109753061344
B,0.0,0.0,0.0,0.06095056235790253,0.015799880027770996,-0.02703545076101932,0.13258542120456696,-0.01003044843673706,-0.03451263551860961,0.17113371193408966,-0.07894235849380493,-0.04083399494439277,0.16689641773700714,-0.13362982869148254,-0.03871757929474029,0.1720997840166092,-0.04354265332221985,0.005308115191013485,0.21754850447177887,-0.09210100769996643,-0.02417885531932029,0.17355014383792877,-0.060945749282836914,-0.03752731924205932,0.1548309177160263,-0.03743094205856323,-0.04074346666484985,0.14716367423534393,-0.08519291877746582,0.007227412226797014,0.1885506957769394,-0.13505327701568604,-0.023913461913167566,0.14140917360782623,-0.08739504218101501,-0.027784360770880312,0.12940789759159088,-0.06747809052467346,-0.019898003165423006,0.11619634926319122,-0.11887142062187195,0.002114690176398426,0.14084608852863312,-0.15958788990974426,-0.032641228486596674,0.1014205664396286,-0.10261034965515137,-0.02253514548092994,0.09013892710208893,-0.07833722233772278,-0.0036689617790273132,0.08214573562145233,-0.14851996302604675,-0.005246393580733866,0.10717473924160004,-0.1773485541343689,-0.021366529364883036,0.08541391789913177,-0.13991671800613403,-0.00780161909088406,0.07239799201488495,-0.12228602170944214,0.008835244725645452
B,0.0,0.0,0.0,0.058904796838760376,0.02075338363647461,-0.02761775367031305,0.134150892496109,0.0004817843437194824,-0.03411756381461828,0.17358288168907166,-0.07111284136772156,-0.03879617825219839,0.17167645692825317,-0.12828120589256287,-0.034620142728783776,0.1750704050064087,-0.03350067138671875,0.004775841533444236,0.22197911143302917,-0.0825088620185852,-0.02454112209449022,0.17562490701675415,-0.05240672826766968,-0.03713111877510755,0.15738946199417114,-0.028940200805664062,-0.04016631022165029,0.15080910921096802,-0.0778450071811676,0.00685535678570659,0.19460448622703552,-0.1301792562007904,-0.024447887391545464,0.14459064602851868,-0.08330902457237244,-0.02727474570343702,0.13252270221710205,-0.061877697706222534,-0.01844756044516771,0.1207251250743866,-0.11308866739273071,0.0017514032537633284,0.1467915177345276,-0.1556163728237152,-0.03327346146176069,0.10498633980751038,-0.09989172220230103,-0.022319955006935288,0.09475505352020264,-0.07578140497207642,-0.00282281469623058,0.08734366297721863,-0.14336475729942322,-0.00568877225811093,0.11170867085456848,-0.17157530784606934,-0.022817078233458687,0.08758315443992615,-0.13438823819160461,-0.009616764449276616,0.07496121525764465,-0.11730542778968811,0.00697194067691953
B,0.0,0.0,0.0,0.06052917242050171,0.020699143409729004,-0.028167151753820008,0.13439419865608215,0.0044602155685424805,-0.03671747343710763,0.17101001739501953,-0.06575164198875427,-0.04350817101172311,0.1696421504020691,-0.1240520179271698,-0.041167038400686806,0.17807123064994812,-0.029602646827697754,0.0012762775635053458,0.22584187984466553,-0.07627582550048828,-0.03152318196467263,0.17857325077056885,-0.04543617367744446,-0.04598133908680779,0.15980365872383118,-0.020918995141983032,-0.04984119804672105,0.15298205614089966,-0.07630065083503723,0.002313552283652598,0.19856086373329163,-0.12541866302490234,-0.031083063130296296,0.14664986729621887,-0.07900631427764893,-0.03418775918058259,0.13546591997146606,-0.05894505977630615,-0.025846169238008088,0.12292656302452087,-0.11404412984848022,-0.0040666460069189725,0.15220284461975098,-0.15538501739501953,-0.04108170690111024,0.1066836416721344,-0.09866639971733093,-0.02890000762513978,0.09617191553115845,-0.07452604174613953,-0.008676546533621377,0.08922186493873596,-0.14628180861473083,-0.01294131009004218,0.11437740921974182,-0.17265909910202026,-0.031001667399920052,0.08888685703277588,-0.1349548101425171,-0.017110469658888405,0.07679888606071472,-0.11925622820854187,-0.00018299942408361858
B,0.0,0.0,0.0,0.058255165815353394,0.02346622943878174,-0.029042985740403537,0.13398104906082153,0.009562969207763672,-0.03796154119382322,0.17037993669509888,-0.06557533144950867,-0.04497914247522772,0.16811281442642212,-0.12602797150611877,-0.04248311601887167,0.17796069383621216,-0.027896076440811157,-0.0004862775230378702,0.23044759035110474,-0.07290974259376526,-0.03528883166919172,0.18136805295944214,-0.04063495993614197,-0.0502938390553993,0.15990033745765686,-0.0156705379486084,-0.05377789445529402,0.1526702642440796,-0.07500556111335754,0.0010450513956072882,0.20117849111557007,-0.12229287624359131,-0.034186197894911174,0.14680978655815125,-0.07520848512649536,-0.03739584096084059,0.13479825854301453,-0.05492672324180603,-0.028504595610598926,0.123771071434021,-0.1135505735874176,-0.005022574200580721,0.15586397051811218,-0.1544995903968811,-0.04318621240864218,0.10861533880233765,-0.09872424602508545,-0.030644489902357464,0.0982576310634613,-0.07450833916664124,-0.009737145605782871,0.09136033058166504,-0.14761656522750854,-0.013666966448823814,0.1187639832496643,-0.1726120412349701,-0.031752614754537944,0.09173989295959473,-0.13525480031967163,-0.017502505782346134,0.07843717932701111,-0.11959028244018555,-0.00013240342278209027
B,0.0,0.0,0.0,0.0572509765625,0.02374345064163208,-0.02931366514309275,0.13366234302520752,0.012834787368774414,-0.03897487398131716,0.17374485731124878,-0.061069756746292114,-0.046882473192056295,0.17160847783088684,-0.12161284685134888,-0.04512107025726664,0.17850497364997864,-0.02285546064376831,-0.0020229921479426594,0.23495355248451233,-0.07234787940979004,-0.03776814069493639,0.18367058038711548,-0.04051464796066284,-0.05270117174728739,0.161370187997818,-0.013839364051818848,-0.05563133980973589,0.15398642420768738,-0.07009956240653992,-0.0003352785693664373,0.20446136593818665,-0.12012213468551636,-0.036568239590963,0.14826121926307678,-0.07418572902679443,-0.03912917550547945,0.13546553254127502,-0.053020328283309937,-0.029422138146003363,0.12666186690330505,-0.10876017808914185,-0.006208098287572739,0.16071680188179016,-0.15436065196990967,-0.04477437611564028,0.11133724451065063,-0.10010817646980286,-0.03064865644915926,0.09926500916481018,-0.07406201958656311,-0.008381201214035627,0.09600943326950073,-0.14384013414382935,-0.01481914359970915,0.12574446201324463,-0.1732691526412964,-0.033211134633859274,0.09634771943092346,-0.13686728477478027,-0.01806560557230341,0.0803820788860321,-0.11886602640151978,0.000321632136945027
B,0.0,0.0,0.0,0.058869943022727966,0.026410162448883057,-0.028505153956501772,0.13275690376758575,0.018573224544525146,-0.03820643387982159,0.17078129947185516,-0.05407783389091492,-0.04625498317429333,0.1710181087255478,-0.11758875846862793,-0.044859720396488,0.1799205094575882,-0.017784833908081055,-0.002012557119741132,0.2366340309381485,-0.06702405214309692,-0.03905644081780224,0.1849203258752823,-0.037263959646224976,-0.05577259324738293,0.15974204242229462,-0.010442376136779785,-0.05935469456264286,0.15490417182445526,-0.06644374132156372,-0.0006104009832768043,0.2068105787038803,-0.11704835295677185,-0.03756766580292492,0.1503710299730301,-0.07370403409004211,-0.04224597104141026,0.13371630012989044,-0.05154648423194885,-0.03392868675538807,0.12817029654979706,-0.10696366429328918,-0.006651057864218046,0.1633618026971817,-0.15230244398117065,-0.04467108659693508,0.11412714421749115,-0.10074692964553833,-0.03250726498910694,0.0998440533876419,-0.07552677392959595,-0.01171082631000786,0.09837381541728973,-0.14331170916557312,-0.015290896410732557,0.1293189972639084,-0.1717873513698578,-0.032496219503372004,0.09989441931247711,-0.1373436450958252,-0.017712343486635973,0.08293481171131134,-0.12090867757797241,0.0002532918563531439
B,0.0,0.0,0.0,0.05786712467670441,0.028299570083618164,-0.028977083844665685,0.13317732512950897,0.022746384143829346,-0.03793300768506924,0.1671852022409439,-0.05541449785232544,-0.04462210169208447,0.16708864271640778,-0.12280476093292236,-0.041288842318181196,0.1810941845178604,-0.012542486190795898,-0.003886804554213086,0.23767347633838654,-0.06415274739265442,-0.04134542947781483,0.18274126946926117,-0.035717397928237915,-0.057569269893292585,0.15985240042209625,-0.010225296020507812,-0.06086552223337094,0.15537811815738678,-0.06279796361923218,-0.0025581250540653855,0.20884816348552704,-0.11272847652435303,-0.040038590190533796,0.14922238886356354,-0.07049250602722168,-0.0446360715307037,0.13318084180355072,-0.05040156841278076,-0.03611811330688397,0.12973348796367645,-0.10487344861030579,-0.008636187633101144,0.1662643402814865,-0.152805894613266,-0.04714533021819989,0.1150563508272171,-0.10072040557861328,-0.03503066381585995,0.10204906761646271,-0.0751490592956543,-0.01412371905666987,0.10109914839267731,-0.14302515983581543,-0.017294221428755918,0.1325269192457199,-0.17383146286010742,-0.03433264127147595,0.10222895443439484,-0.13820746541023254,-0.01906016362977425,0.08522634208202362,-0.12041845917701721,-0.0006426432976240903
B,0.0,0.0,0.0,0.05786062777042389,0.02892833948135376,-0.029962578699439746,0.13194690644741058,0.024958670139312744,-0.039906781077831965,0.16729514300823212,-0.04974311590194702,-0.0475523135666549,0.1663469821214676,-0.11692315340042114,-0.04508456206366418,0.1804221123456955,-0.010703682899475098,-0.004874940406978112,0.23730973899364471,-0.05881646275520325,-0.043324239463061076,0.18259616196155548,-0.02937185764312744,-0.06063311538144944,0.1591162532567978,-0.003636181354522705,-0.06433518222019075,0.15576820075511932,-0.06116354465484619,-0.0027703404468297776,0.2084505707025528,-0.10941582918167114,-0.04022748759433625,0.14918731153011322,-0.0672864019870758,-0.04483491545960305,0.1337433010339737,-0.047098517417907715,-0.036559101105183345,0.13121746480464935,-0.10358545184135437,-0.008236154824942332,0.16718576848506927,-0.1509512960910797,-0.046256057829111796,0.11597929894924164,-0.10065159201622009,-0.03390241032883523,0.10284681618213654,-0.07466483116149902,-0.013028718442171794,0.10454155504703522,-0.14257565140724182,-0.016421027392595988,0.1356358379125595,-0.17410188913345337,-0.03235139688894151,0.10501609742641449,-0.14044594764709473,-0.016542794093936664,0.08746041357517242,-0.12229540944099426,0.002103813081532735
B,0.0,0.0,0.0,0.056847646832466125,0.02977365255355835,-0.031981789198852084,0.13080380856990814,0.02633047103881836,-0.04274667861793091,0.1663942188024521,-0.048366159200668335,-0.05077135625217011,0.1665189415216446,-0.11729136109352112,-0.048470456776357196,0.1818709522485733,-0.007592380046844482,-0.005852174637055896,0.23671220242977142,-0.054862022399902344,-0.0448223842952018,0.1822548657655716,-0.026831507682800293,-0.06249281081292679,0.1598048061132431,-0.0020964741706848145,-0.06649004357788613,0.15792469680309296,-0.05950862169265747,-0.0033135788227980356,0.21021802723407745,-0.1061306893825531,-0.041722708073592685,0.15063823759555817,-0.06458541750907898,-0.04677000704143097,0.13574044406414032,-0.04576119780540466,-0.038511362549996875,0.13394175469875336,-0.10350120067596436,-0.008645270642972491,0.16948862373828888,-0.149573415517807,-0.04772571536634018,0.11790744960308075,-0.09979897737503052,-0.035852336016631625,0.10544990003108978,-0.0755617618560791,-0.015013369423485301,0.10789115726947784,-0.1438782811164856,-0.016876198974586032,0.13915188610553741,-0.17443031072616577,-0.0331387526068454,0.10864086449146271,-0.14158475399017334,-0.017469199997520946,0.09192024171352386,-0.12518826127052307,0.0011518603012348194
B,0.0,0.0,0.0,0.05734960734844208,0.029921293258666992,-0.03165850837430639,0.12847758829593658,0.027878999710083008,-0.04376673374972029,0.16399626433849335,-0.04228094220161438,-0.05371485699615164,0.1655179113149643,-0.11149117350578308,-0.053861447169396115,0.18350471556186676,-0.00040078163146972656,-0.006166804606976939,0.2346319705247879,-0.05136069655418396,-0.0462032635947196,0.18122635781764984,-0.025856494903564453,-0.06458862547478361,0.15895609557628632,0.0004455447196960449,-0.0691161644895999,0.16018570959568024,-0.05366915464401245,-0.004492351810398532,0.20944653451442719,-0.10266068577766418,-0.045472525550934506,0.1500188261270523,-0.06375616788864136,-0.0517150727351634,0.13481588661670685,-0.043611228466033936,-0.04381688733300848,0.1362503618001938,-0.09908592700958252,-0.010649464583906365,0.1696682721376419,-0.1462010145187378,-0.05276620064577742,0.11803360283374786,-0.09794285893440247,-0.042054679735514355,0.10515682399272919,-0.07229200005531311,-0.02129469674727602,0.11019234359264374,-0.1404658555984497,-0.019536976261946393,0.1384662538766861,-0.1720191240310669,-0.0392048177560298,0.10754887759685516,-0.13925784826278687,-0.02525074270269556,0.09167788922786713,-0.12123507261276245,-0.007138442273202372
B,0.0,0.0,0.0,0.05486637353897095,0.031021416187286377,-0.035286878614954276,0.1256314516067505,0.03155028820037842,-0.048830089538626,0.16360563039779663,-0.03668808937072754,-0.05926360320978574,0.16677913069725037,-0.10634762048721313,-0.05937058982186727,0.18217700719833374,0.0016028881072998047,-0.008796333714656157,0.23445004224777222,-0.04419127106666565,-0.04995741081171445,0.18083921074867249,-0.01861041784286499,-0.06910037380390577,0.15836045145988464,0.005509138107299805,-0.07400009167128019,0.16020455956459045,-0.05203688144683838,-0.00510563832455091,0.21009117364883423,-0.09907698631286621,-0.047194575338892264,0.14996469020843506,-0.060018837451934814,-0.053923138796619696,0.13637349009513855,-0.04102456569671631,-0.04598405715756826,0.13765442371368408,-0.09763044118881226,-0.009554212360910697,0.16864895820617676,-0.14330077171325684,-0.052024656354717536,0.11720636487007141,-0.09587657451629639,-0.041304779618315024,0.10760378837585449,-0.07078099250793457,-0.020465799986652655,0.11335507035255432,-0.1391265094280243,-0.01707327124410085,0.13860434293746948,-0.17025572061538696,-0.03624941167169027,0.1078835129737854,-0.13733243942260742,-0.022084490775398535,0.09443357586860657,-0.11867517232894897,-0.003858104261837525
B,0.0,0.0,0.0,0.05305168032646179,0.029257893562316895,-0.034067623995696295,0.12492743134498596,0.03174978494644165,-0.04758072339788555,0.1622370183467865,-0.03617146611213684,-0.0583225458194363,0.16218450665473938,-0.10588455200195312,-0.05910238691464542,0.1797257363796234,5.328655242919922e-05,-0.009482412346159208,0.23219236731529236,-0.04584971070289612,-0.04834785380259632,0.17788809537887573,-0.019955694675445557,-0.06588909470335125,0.15561804175376892,0.0037623047828674316,-0.0702282904912579,0.1581251323223114,-0.053722769021987915,-0.00625761340231179,0.2091088891029358,-0.09809496998786926,-0.04600456052318691,0.14898928999900818,-0.05990985035896301,-0.051610794596825826,0.13480442762374878,-0.04247307777404785,-0.04371493750110744,0.1355164349079132,-0.09919324517250061,-0.010684598915730703,0.16828671097755432,-0.14235901832580566,-0.0502857684423077,0.11719748377799988,-0.09652197360992432,-0.03872606971160053,0.10575053095817566,-0.07325586676597595,-0.018347444691215742,0.11169177293777466,-0.141565203666687,-0.018166296862517584,0.13928192853927612,-0.17068755626678467,-0.034890339456950414,0.10928654670715332,-0.1405198574066162,-0.019874312662039983,0.09483706951141357,-0.12452563643455505,-0.0018846366819786908
B,0.0,0.0,0.0,0.052708834409713745,0.031308114528656006,-0.03486904131844426,0.12473183870315552,0.031911253929138184,-0.048495613063124665,0.1612541377544403,-0.037385404109954834,-0.05928496646359349,0.16379791498184204,-0.10882312059402466,-0.06013989451005841,0.17944854497909546,-0.0013198256492614746,-0.009350650968400487,0.23367679119110107,-0.04393625259399414,-0.04980631175115491,0.18021559715270996,-0.017077863216400146,-0.06788161026909734,0.1566581130027771,0.0052245259284973145,-0.07184479760601903,0.15817734599113464,-0.05469942092895508,-0.005749916216728934,0.21051645278930664,-0.09785586595535278,-0.047504667217282304,0.14996442198753357,-0.058353155851364136,-0.05413050579502965,0.1344802975654602,-0.04147076606750488,-0.04588114845230962,0.13548240065574646,-0.10061511397361755,-0.010025598133353242,0.16713204979896545,-0.14324411749839783,-0.0520411432035246,0.11615291237831116,-0.09452366828918457,-0.04163088279440785,0.10491743683815002,-0.07047834992408752,-0.020873907978085526,0.1113981306552887,-0.14331397414207458,-0.017187435204533585,0.1386665403842926,-0.17282485961914062,-0.035772517348078736,0.10857555270195007,-0.13933339715003967,-0.02135157401338006,0.09407162666320801,-0.12136098742485046,-0.0029868702650048817
B,0.0,0.0,0.0,0.052807971835136414,0.031155526638031006,-0.03697308653559617,0.1257692128419876,0.033350467681884766,-0.05086029821600846,0.16473205387592316,-0.03509971499443054,-0.06132746988501481,0.16599999368190765,-0.1066436767578125,-0.061360703199767386,0.18067435920238495,0.0009245872497558594,-0.010243842728101527,0.23542483150959015,-0.04271849989891052,-0.050947838812732016,0.18039150536060333,-0.01661020517349243,-0.0691206244524949,0.15716518461704254,0.006503939628601074,-0.07315077015724114,0.15988944470882416,-0.052280545234680176,-0.005297306809239899,0.21093027293682098,-0.09623497724533081,-0.04712950193848542,0.14921702444553375,-0.05744794011116028,-0.05324474477734498,0.13549454510211945,-0.03924944996833801,-0.044622247457169806,0.13797353208065033,-0.09825432300567627,-0.00856714823808602,0.16840122640132904,-0.1411181390285492,-0.05047326290574006,0.11676247417926788,-0.09456390142440796,-0.039701872855090414,0.10715584456920624,-0.06970047950744629,-0.01872499601509503,0.1152498871088028,-0.14156696200370789,-0.015016391291879927,0.14128272235393524,-0.1715434193611145,-0.033005518257283484,0.1109381765127182,-0.14016208052635193,-0.018464542343878065,0.09720651805400848,-0.12193480134010315,-6.357340376439424e-05
B,0.0,0.0,0.0,0.05352284014225006,0.032470881938934326,-0.03369490062121372,0.12674356997013092,0.03464239835739136,-0.047479141552486226,0.16562272608280182,-0.03372266888618469,-0.05880943690661411,0.16653718054294586,-0.10368821024894714,-0.06048518796686153,0.18077625334262848,-0.0030781030654907227,-0.010364981417097852,0.23743708431720734,-0.04615935683250427,-0.05017552529696445,0.1820823699235916,-0.017888426780700684,-0.0674534403276823,0.15719224512577057,0.003872394561767578,-0.07094567646507244,0.15899048745632172,-0.05497097969055176,-0.007367931355275914,0.2114773541688919,-0.09890156984329224,-0.04828775306467037,0.1506163328886032,-0.05753883719444275,-0.05349490051392536,0.13420052826404572,-0.041054487228393555,-0.0445507318270586,0.13515253365039825,-0.09957525134086609,-0.011914039079584882,0.16863079369068146,-0.14189383387565613,-0.05336122592214565,0.11610062420368195,-0.09218180179595947,-0.040863804568090245,0.1023598164319992,-0.06914979219436646,-0.01880076718751411,0.10950128734111786,-0.141903817653656,-0.019254885662832066,0.13928423821926117,-0.17185479402542114,-0.037568729419746205,0.10782282054424286,-0.13820496201515198,-0.021552771378793523,0.09086282551288605,-0.1215299665927887,-0.002047608655431077
B,0.0,0.0,0.0,0.06105075776576996,0.031580567359924316,-0.025947221006077825,0.13443900644779205,0.03165245056152344,-0.036294693509859144,0.1707848459482193,-0.034799665212631226,-0.04556832314543158,0.16452933847904205,-0.1010865867137909,-0.0469311460953179,0.18421141803264618,-0.013737320899963379,-0.006022530524802505,0.23573972284793854,-0.0564194917678833,-0.03875958026461035,0.1825653463602066,-0.029409170150756836,-0.05405628905705839,0.15978772938251495,-0.010098159313201904,-0.05868518577031523,0.16014353930950165,-0.06471267342567444,-0.006682236595821678,0.21058492362499237,-0.10805076360702515,-0.042730896184963285,0.15280728042125702,-0.06535550951957703,-0.04926634431890875,0.13268597424030304,-0.048274844884872437,-0.04295329974107176,0.13229085505008698,-0.10720744729042053,-0.013115537735444605,0.16293685138225555,-0.14791631698608398,-0.04958112017325789,0.11574520170688629,-0.09451699256896973,-0.03995226175598532,0.09859050810337067,-0.0713135302066803,-0.021543318788332044,0.1012280136346817,-0.14526212215423584,-0.021586181978506147,0.13237173855304718,-0.17325818538665771,-0.03825548888258368,0.10545052587985992,-0.1377779245376587,-0.023844141895693838,0.08817793428897858,-0.12143296003341675,-0.0065326987866285435
B,0.0,0.0,0.0,0.05929845571517944,0.028934001922607422,-0.026091149826271476,0.13586384057998657,0.028599083423614502,-0.03617384918473476,0.17459642887115479,-0.04146820306777954,-0.045466764648182334,0.16807949542999268,-0.10714179277420044,-0.046715679396612586,0.17900508642196655,-0.03057214617729187,-0.0034413007597606793,0.23484563827514648,-0.06983092427253723,-0.035846388716919364,0.18327873945236206,-0.03789505362510681,-0.04973703884027714,0.15993571281433105,-0.02082890272140503,-0.053419108320696296,0.15541160106658936,-0.07759919762611389,-0.004664246742350997,0.2064797282218933,-0.11716803908348083,-0.039930148799641074,0.15097424387931824,-0.0679105818271637,-0.04455435537241215,0.13331785798072815,-0.0511089563369751,-0.03673529141090626,0.12588801980018616,-0.11664563417434692,-0.012213207599444331,0.15689551830291748,-0.15042001008987427,-0.05051198862932438,0.1099536120891571,-0.09116417169570923,-0.039570472021324576,0.09428521990776062,-0.06984660029411316,-0.019726232443673553,0.09187838435173035,-0.15255919098854065,-0.021732835848553123,0.12189266085624695,-0.17576223611831665,-0.04066768549822086,0.09600302577018738,-0.13595446944236755,-0.026287018139584006,0.08095678687095642,-0.12172698974609375,-0.008609684933645667
B,0.0,0.0,0.0,0.05908302962779999,0.027547478675842285,-0.02405165288922717,0.1399422138929367,0.020126044750213623,-0.03352591548440387,0.18047045171260834,-0.04814627766609192,-0.04199144024727275,0.17026387155056,-0.11185863614082336,-0.04294973764893939,0.17895005643367767,-0.05814546346664429,-0.005325380380725164,0.23164011538028717,-0.09672170877456665,-0.036273954104160566,0.18279387056827545,-0.05311542749404907,-0.04985968921658923,0.16268061101436615,-0.038562625646591187,-0.05476251770136287,0.15052033960819244,-0.09948047995567322,-0.007861590612208147,0.19882522523403168,-0.13689762353897095,-0.039841605018352766,0.14612580835819244,-0.0755995512008667,-0.043288061063265104,0.13167189061641693,-0.06633415818214417,-0.036688511859154005,0.11484663188457489,-0.132104754447937,-0.015998217876528997,0.14535100758075714,-0.16123661398887634,-0.0518392824041598,0.10254587233066559,-0.0929131805896759,-0.03926224414584567,0.0906519740819931,-0.08099883794784546,-0.020541079010342855,0.07403241097927094,-0.16199558973312378,-0.025769814516877432,0.10187689960002899,-0.17707329988479614,-0.04423745129582812,0.07864393293857574,-0.1270480751991272,-0.02874198709008624,0.06662984192371368,-0.11739808320999146,-0.01149794705537488
B,0.0,0.0,0.0,0.0625707358121872,0.020815134048461914,-0.018956182192397364,0.1395503431558609,0.0028551220893859863,-0.027941783557963618,0.1814470738172531,-0.05847662687301636,-0.03713606637282396,0.16690196096897125,-0.12125089764595032,-0.03996802833242441,0.17282907664775848,-0.07715660333633423,-0.0060809442245783885,0.22364546358585358,-0.11894235014915466,-0.03564959731264139,0.17985476553440094,-0.06889599561691284,-0.04897196930212999,0.16045768558979034,-0.05645522475242615,-0.054540235217046984,0.14248190820217133,-0.11427515745162964,-0.011277501139176138,0.19108258187770844,-0.15674659609794617,-0.044435452337694414,0.14487557113170624,-0.0886615514755249,-0.04989322241706873,0.129799947142601,-0.08066123723983765,-0.04549689185185457,0.10387931764125824,-0.14286202192306519,-0.02067794058783079,0.13681598007678986,-0.17273783683776855,-0.057454198266697176,0.09936167299747467,-0.09789305925369263,-0.0455244254724505,0.08619405329227448,-0.08692127466201782,-0.02769930813772703,0.06066103279590607,-0.16919636726379395,-0.03098540161116148,0.09076552093029022,-0.18504884839057922,-0.050672396685314425,0.07221667468547821,-0.12991300225257874,-0.03528033163709665,0.0602615624666214,-0.11919084191322327,-0.01850506257576967
B,0.0,0.0,0.0,0.06323075294494629,0.016061723232269287,-0.01987538293511193,0.14492926001548767,-0.0046648383140563965,-0.029213508521621634,0.18617340922355652,-0.07058021426200867,-0.03833188668400567,0.1647147238254547,-0.13294801115989685,-0.041395420139139105,0.17157301306724548,-0.09938609600067139,-0.007011285447930504,0.2200719118118286,-0.1373564600944519,-0.036703007226293494,0.17958000302314758,-0.08068209886550903,-0.050539502804582526,0.15900135040283203,-0.07278507947921753,-0.05683735192329209,0.13907688856124878,-0.13356968760490417,-0.01215718213975947,0.18629184365272522,-0.17311841249465942,-0.043717132811849524,0.1442914605140686,-0.09881699085235596,-0.050039691781108786,0.12860026955604553,-0.0975087583065033,-0.04749955416232865,0.09818372130393982,-0.15700691938400269,-0.021389145334666182,0.13149744272232056,-0.17994701862335205,-0.058104475890701224,0.09711465239524841,-0.1013917624950409,-0.046992948209350516,0.08244732022285461,-0.09917649626731873,-0.030619736691420485,0.051617980003356934,-0.17826205492019653,-0.031370272790496756,0.08384859561920166,-0.18915197253227234,-0.051284009521310736,0.06741771101951599,-0.13389286398887634,-0.03582977310330193,0.05378621816635132,-0.1313660740852356,-0.019676521351044585
B,0.0,0.0,0.0,0.06328006088733673,0.01443946361541748,-0.022250108376766775,0.1470506638288498,-0.01267629861831665,-0.03201029445293102,0.18691812455654144,-0.08335846662521362,-0.041085626885916327,0.16245995461940765,-0.14457881450653076,-0.0435690059817091,0.1707715541124344,-0.1087266206741333,-0.007192974400396679,0.21940083801746368,-0.14861950278282166,-0.036656510040785406,0.1783176213502884,-0.08767658472061157,-0.04965842510821972,0.15778382122516632,-0.07801485061645508,-0.05520481984379444,0.13695268332958221,-0.14182910323143005,-0.010868532539035414,0.1847962588071823,-0.18438097834587097,-0.04356139521362934,0.1436987966299057,-0.10608154535293579,-0.049713119820381735,0.12672407925128937,-0.10261470079421997,-0.046053409532333944,0.09571270644664764,-0.163722425699234,-0.01886725048782978,0.1299830824136734,-0.18947497010231018,-0.055764611766363714,0.09808938205242157,-0.10624197125434875,-0.04393627490165386,0.08229739964008331,-0.09994426369667053,-0.026395438194896315,0.04976113140583038,-0.18323278427124023,-0.02787962178948078,0.08309634029865265,-0.19562029838562012,-0.04713722314002666,0.06841053068637848,-0.1382794976234436,-0.031306322619940374,0.05444125831127167,-0.13351553678512573,-0.014546883248414133
B,0.0,0.0,0.0,0.06639319658279419,0.011288285255432129,-0.022393544151384503,0.14921283721923828,-0.017029643058776855,-0.0326210567196199,0.18797338008880615,-0.08725294470787048,-0.04244616715510574,0.16155344247817993,-0.14658331871032715,-0.04555191187461105,0.16981559991836548,-0.11476001143455505,-0.005631251673150928,0.21746811270713806,-0.15717479586601257,-0.03636306612094131,0.17836806178092957,-0.09380483627319336,-0.04976290179689613,0.15797704458236694,-0.08146333694458008,-0.0549114876826593,0.13546258211135864,-0.14691761136054993,-0.00954917440463987,0.1831342577934265,-0.19101271033287048,-0.04375916807254043,0.14282092452049255,-0.11067357659339905,-0.050286562128860623,0.12536221742630005,-0.1058727502822876,-0.04614182649453369,0.09384715557098389,-0.1676148772239685,-0.018078760190803678,0.12722712755203247,-0.19343042373657227,-0.05605718581279007,0.0959775447845459,-0.11067673563957214,-0.044520095868904264,0.08078989386558533,-0.10530608892440796,-0.026511958747107656,0.047573477029800415,-0.18595820665359497,-0.027650513633091123,0.08009326457977295,-0.20045846700668335,-0.046075669064123304,0.06616312265396118,-0.14487814903259277,-0.029485565557081372,0.05256807804107666,-0.1412571668624878,-0.012107282823819787
B,0.0,0.0,0.0,0.06755006313323975,0.012212872505187988,-0.022633100988088017,0.15078073740005493,-0.019306182861328125,-0.03302014166277445,0.18774008750915527,-0.09217339754104614,-0.04282592529219187,0.1616310477256775,-0.15170186758041382,-0.04602351704400576,0.16735684871673584,-0.12239542603492737,-0.007204474543897277,0.21573680639266968,-0.16198495030403137,-0.037213291169820195,0.17659738659858704,-0.0963888168334961,-0.04988120415967501,0.1559557318687439,-0.08708599209785461,-0.05506764272016085,0.13254106044769287,-0.15384650230407715,-0.011202729435382253,0.18087002635002136,-0.19555175304412842,-0.045053350867448216,0.14146417379379272,-0.1137222945690155,-0.051778267265973454,0.1234312355518341,-0.11179810762405396,-0.04828988307875193,0.09117421507835388,-0.1734505295753479,-0.019581598357973462,0.12741625308990479,-0.1970093846321106,-0.057749538810668355,0.09712868928909302,-0.11242103576660156,-0.046670085878787404,0.08116841316223145,-0.1094195544719696,-0.029359541030345326,0.04497358202934265,-0.19015249609947205,-0.02889428393703497,0.08060911297798157,-0.20166689157485962,-0.048477108718572026,0.06724017858505249,-0.14305248856544495,-0.03251224675935305,0.05243450403213501,-0.13928133249282837,-0.01560025675010479
B,0.0,0.0,0.0,0.06824888288974762,0.011130690574645996,-0.021679612062598608,0.1493137925863266,-0.025490999221801758,-0.030904548428679846,0.1888994425535202,-0.09643673896789551,-0.03985040653469696,0.16267581284046173,-0.1527455449104309,-0.042510967887665174,0.16332434117794037,-0.12931954860687256,-0.00416905637803211,0.21252049505710602,-0.1677379012107849,-0.03328835237743988,0.177376851439476,-0.10291785001754761,-0.04583228025558128,0.15595947206020355,-0.09404569864273071,-0.0509032385421051,0.12950195372104645,-0.1587880551815033,-0.008426189608599088,0.17928938567638397,-0.20231974124908447,-0.0416527876627697,0.14341320097446442,-0.120604008436203,-0.04877991620423927,0.12428565323352814,-0.11721140146255493,-0.04531668890240326,0.08842389285564423,-0.1772390902042389,-0.017186200432206533,0.12673069536685944,-0.19893649220466614,-0.05645184610011711,0.09809522330760956,-0.11313927173614502,-0.0470178203654541,0.08030025660991669,-0.10927259922027588,-0.030075494385982893,0.042607471346855164,-0.19242537021636963,-0.026697043515468977,0.08015231788158417,-0.20153391361236572,-0.048284210450674436,0.06774570047855377,-0.1429343819618225,-0.03391492012860908,0.051197633147239685,-0.139927476644516,-0.01762045007171764
B,0.0,0.0,0.0,0.06785616278648376,0.008970975875854492,-0.019189625798048837,0.14737817645072937,-0.03115791082382202,-0.027813397167506082,0.1864728033542633,-0.09952300786972046,-0.03647732344109045,0.16073468327522278,-0.1524154245853424,-0.03926884737450109,0.15868869423866272,-0.13382086157798767,-0.0063575597538374495,0.20658275485038757,-0.1749017834663391,-0.03492736425835119,0.17502781748771667,-0.10886332392692566,-0.047127283929171426,0.15359815955162048,-0.09919250011444092,-0.052223864762368066,0.12444546818733215,-0.1613345742225647,-0.011735315254213674,0.17287033796310425,-0.20578834414482117,-0.043148111371579034,0.1403588354587555,-0.12237793207168579,-0.04927241411644445,0.12115404009819031,-0.11928218603134155,-0.04614437353450285,0.08325541019439697,-0.17828369140625,-0.021122580213727815,0.12157005071640015,-0.20188623666763306,-0.05855124425727354,0.09594365954399109,-0.11565220355987549,-0.04825537633735166,0.07797417044639587,-0.11192086338996887,-0.03181101736265646,0.03698784112930298,-0.19206902384757996,-0.03110898454326616,0.07450416684150696,-0.2022663652896881,-0.05221271124321447,0.06454044580459595,-0.14241808652877808,-0.0376172548218392,0.04832178354263306,-0.1381300985813141,-0.021654922334732873
B,0.0,0.0,0.0,0.06861880421638489,0.012033939361572266,-0.01956657037953846,0.14917230606079102,-0.031082987785339355,-0.02727841676096432,0.18811479210853577,-0.10198831558227539,-0.034817722596926615,0.16044464707374573,-0.1551731526851654,-0.036808797129197046,0.15882369875907898,-0.13361281156539917,-0.005575501330895349,0.20596352219581604,-0.17357388138771057,-0.03343443290214054,0.17476427555084229,-0.1101173460483551,-0.04583836064557545,0.15228673815727234,-0.10041248798370361,-0.05126397029380314,0.12486383318901062,-0.16150403022766113,-0.010457217664225027,0.17306622862815857,-0.2075861394405365,-0.042341929831309244,0.14187470078468323,-0.12663006782531738,-0.04982976705650799,0.12157899141311646,-0.12050610780715942,-0.04722504780511372,0.08407971262931824,-0.1786995828151703,-0.01924923897604458,0.1222521960735321,-0.20113247632980347,-0.05725709066609852,0.09708788990974426,-0.11475899815559387,-0.04845768676022999,0.0778975784778595,-0.10734114050865173,-0.03256802351097576,0.03828996419906616,-0.19236350059509277,-0.028656399779720232,0.07589316368103027,-0.20111465454101562,-0.05090321318130009,0.06630563735961914,-0.14050507545471191,-0.03776444212417118,0.05041119456291199,-0.13397040963172913,-0.02252762482385151
B,0.0,0.0,0.0,0.06893320381641388,0.01035529375076294,-0.016543977978216162,0.14643819630146027,-0.035378336906433105,-0.023726795884357443,0.18766005337238312,-0.10186254978179932,-0.031560438769446364,0.16213186085224152,-0.15314504504203796,-0.03450522859631633,0.15285362303256989,-0.14068344235420227,-0.006082185628400794,0.19955454766750336,-0.1785702109336853,-0.034170026975260726,0.17242379486560822,-0.11417242884635925,-0.04663214375315761,0.14901600778102875,-0.102873295545578,-0.0518397643142805,0.11983971297740936,-0.16551750898361206,-0.012495612809942713,0.16885657608509064,-0.20866984128952026,-0.04319667358933543,0.13973598182201385,-0.12632566690444946,-0.04942082901536082,0.11762870848178864,-0.11943399906158447,-0.046506761657582274,0.07979132235050201,-0.1812458634376526,-0.022673034193502417,0.12179605662822723,-0.20022070407867432,-0.060155357318507185,0.09684191644191742,-0.11429187655448914,-0.05101003413139438,0.07502646744251251,-0.10758128762245178,-0.035265899347649565,0.03432829678058624,-0.19358155131340027,-0.033230646597729674,0.07612664997577667,-0.20010721683502197,-0.05585880492864703,0.06715460121631622,-0.13989156484603882,-0.042875192212449065,0.04921598732471466,-0.13328483700752258,-0.027899024161087027
B,0.0,0.0,0.0,0.06771457195281982,0.008526206016540527,-0.016960672025390977,0.1453649401664734,-0.03919410705566406,-0.024392354224630708,0.18700411915779114,-0.10509571433067322,-0.03256266276986253,0.1598133146762848,-0.15242663025856018,-0.036117651422330255,0.14736074209213257,-0.14688071608543396,-0.006130213306107635,0.19150063395500183,-0.1852627396583557,-0.03500738452822816,0.1710909605026245,-0.12052980065345764,-0.04813486050517213,0.14678439497947693,-0.10358467698097229,-0.05292974497825753,0.11442869901657104,-0.16949036717414856,-0.012307276871808881,0.16191020607948303,-0.21170634031295776,-0.04296200807840478,0.1368463933467865,-0.12852352857589722,-0.04930397208482873,0.11347773671150208,-0.11883622407913208,-0.04603788714558732,0.07539871335029602,-0.18409878015518188,-0.02255497399420392,0.11858901381492615,-0.2005605697631836,-0.061170478273936624,0.09527277946472168,-0.11440122127532959,-0.05326137032062661,0.07170915603637695,-0.10638615489006042,-0.03765531714708459,0.030128270387649536,-0.19571703672409058,-0.033176165927955026,0.07478776574134827,-0.20013859868049622,-0.05733398806006562,0.06592366099357605,-0.13919302821159363,-0.045399722565719,0.04640793800354004,-0.130848228931427,-0.030611113567658776
B,0.0,0.0,0.0,0.06834498047828674,0.005032718181610107,-0.015256927065649961,0.14221599698066711,-0.044166624546051025,-0.022894884176650976,0.18365579843521118,-0.10613468289375305,-0.03157644411186311,0.15769600868225098,-0.15057328343391418,-0.03573042591671083,0.13788846135139465,-0.1571202576160431,-0.006697836048999761,0.18107828497886658,-0.1886707842350006,-0.03474688222269151,0.16469857096672058,-0.12626689672470093,-0.04679758166531656,0.13905692100524902,-0.11086335778236389,-0.05107666244367692,0.10579833388328552,-0.17841988801956177,-0.013959615208307241,0.15593647956848145,-0.21419274806976318,-0.04469800805310342,0.1337069272994995,-0.1317676305770874,-0.050629359386960004,0.10878947377204895,-0.12338879704475403,-0.047180966191092466,0.06832331418991089,-0.19171077013015747,-0.025043739654222463,0.11489042639732361,-0.2007802128791809,-0.0632796368525419,0.0925043523311615,-0.11711683869361877,-0.055627603732148145,0.06675535440444946,-0.11333701014518738,-0.04057968472699258,0.02457466721534729,-0.20061302185058594,-0.036403928600350355,0.07215601205825806,-0.1973665952682495,-0.06009627943495843,0.06258496642112732,-0.1391315758228302,-0.048588988088170026,0.04085156321525574,-0.13554072380065918,-0.034518108420172666
B,0.0,0.0,0.0,0.0662221610546112,0.004177212715148926,-0.01889194631689861,0.14047768712043762,-0.04491513967514038,-0.027731520028055456,0.17916333675384521,-0.1106058657169342,-0.036775917650402334,0.15445050597190857,-0.16030913591384888,-0.041367602438867834,0.13607782125473022,-0.15831980109214783,-0.008122371413946894,0.18003496527671814,-0.18462342023849487,-0.036377784700334814,0.15972447395324707,-0.12144780158996582,-0.049333830268324164,0.1325244903564453,-0.10714974999427795,-0.05436711096876934,0.10399094223976135,-0.18172600865364075,-0.01327938111239746,0.15418100357055664,-0.21492323279380798,-0.04345192098730877,0.1306130588054657,-0.13434651494026184,-0.04960582861417606,0.10545411705970764,-0.12456202507019043,-0.046224185169876364,0.06600186228752136,-0.1957007646560669,-0.022557119743169096,0.11405616998672485,-0.2027859091758728,-0.06021624142044857,0.09031319618225098,-0.11876636743545532,-0.05288584986442402,0.06343689560890198,-0.11143714189529419,-0.03799771973604038,0.021364033222198486,-0.20358121395111084,-0.032474343569219855,0.06956133246421814,-0.1955394148826599,-0.056531761677206305,0.05969694256782532,-0.13543984293937683,-0.04584352755659893,0.03834998607635498,-0.12833434343338013,-0.031915799618900564
B,0.0,0.0,0.0,0.06749606132507324,0.0007018446922302246,-0.01674341837590987,0.13788127899169922,-0.04834949970245361,-0.026236843864381854,0.17622286081314087,-0.11256331205368042,-0.03667197431153113,0.15172764658927917,-0.15926939249038696,-0.04262178073352629,0.12926965951919556,-0.16254663467407227,-0.006753556976974551,0.17412307858467102,-0.1902695596218109,-0.03496517668193633,0.15731137990951538,-0.12774375081062317,-0.04707534293359572,0.1300479769706726,-0.11342844367027283,-0.05128737966245467,0.0985473096370697,-0.18413510918617249,-0.013265856157005373,0.15162265300750732,-0.215623676776886,-0.04307194853848273,0.12872138619422913,-0.13512736558914185,-0.04836647639697844,0.10215410590171814,-0.12901511788368225,-0.04449126179045493,0.06251227855682373,-0.1975104808807373,-0.023848182137072627,0.11418628692626953,-0.20335108041763306,-0.061080579261243884,0.08948954939842224,-0.12115654349327087,-0.05342011580890471,0.060338497161865234,-0.11810809373855591,-0.03855031038349921,0.01995086669921875,-0.20476335287094116,-0.03495449254936034,0.07171672582626343,-0.19288793206214905,-0.05851219649142081,0.06012186408042908,-0.13388004899024963,-0.04769676605886275,0.03555533289909363,-0.1303262710571289,-0.03391565809673125
B,0.0,0.0,0.0,0.06661242246627808,-0.0049842000007629395,-0.016917854279853373,0.13409510254859924,-0.04984724521636963,-0.027699773863531618,0.1723003387451172,-0.1103036105632782,-0.0395457239007726,0.15116596221923828,-0.16005602478981018,-0.04693396176455167,0.12582123279571533,-0.16807913780212402,-0.006737406563587456,0.17093053460121155,-0.19452080130577087,-0.03614279042241719,0.1533958911895752,-0.13185611367225647,-0.049797968671299486,0.12631407380104065,-0.11676490306854248,-0.05497376407740262,0.0947180688381195,-0.18931442499160767,-0.013123272650517492,0.14781275391578674,-0.21643733978271484,-0.043046438798882036,0.12438541650772095,-0.1361033320426941,-0.04904090400097516,0.09758934378623962,-0.12996861338615417,-0.045971670851685076,0.05897623300552368,-0.20153412222862244,-0.02365924391207841,0.11074164509773254,-0.2040228247642517,-0.059868095175005465,0.08661472797393799,-0.12362360954284668,-0.05239500264880803,0.05775773525238037,-0.12076649069786072,-0.0381428801572099,0.0164547860622406,-0.20639720559120178,-0.034892482415415316,0.06806987524032593,-0.19134318828582764,-0.05771218772289899,0.05700385570526123,-0.1335843801498413,-0.047255443141438036,0.03236955404281616,-0.13050895929336548,-0.033797366276957064
B,0.0,0.0,0.0,0.06491082906723022,-0.007369637489318848,-0.017541381105985465,0.13209789991378784,-0.053492724895477295,-0.028459912672843757,0.17021995782852173,-0.11264190077781677,-0.04029678045233709,0.14963626861572266,-0.160435289144516,-0.047237990930881324,0.12306228280067444,-0.17655470967292786,-0.006172172300722423,0.168398916721344,-0.20076629519462585,-0.035010418430175605,0.15129601955413818,-0.1360291838645935,-0.04814141108116132,0.12569311261177063,-0.12100443243980408,-0.053113079205360236,0.09196043014526367,-0.19606593251228333,-0.012165295466985526,0.14392903447151184,-0.21871066093444824,-0.0414539934547804,0.1219230592250824,-0.1374959647655487,-0.04697324945053083,0.09620299935340881,-0.13164964318275452,-0.04377227513512594,0.056525737047195435,-0.20642852783203125,-0.022488045081701102,0.10859173536300659,-0.20555680990219116,-0.0574250990005396,0.08655855059623718,-0.1252376139163971,-0.04987547783574087,0.058493733406066895,-0.12179487943649292,-0.035944065585937324,0.015106350183486938,-0.20873728394508362,-0.03375102071484548,0.06716883182525635,-0.19119006395339966,-0.055695841595735374,0.05706542730331421,-0.1329643726348877,-0.04574133692702276,0.03249603509902954,-0.12865310907363892,-0.03271357579549772
B,0.0,0.0,0.0,0.06466993689537048,-0.014060914516448975,-0.014790981259409364,0.12889724969863892,-0.059941232204437256,-0.02645489219224828,0.16700738668441772,-0.11557704210281372,-0.039947547201279576,0.146592378616333,-0.1596491038799286,-0.048570849184159215,0.1150374710559845,-0.18946599960327148,-0.004021665264133389,0.16070556640625,-0.206728994846344,-0.03366069513953107,0.14624476432800293,-0.14261001348495483,-0.0464123675564565,0.12062326073646545,-0.1302776336669922,-0.050811659727457936,0.08405333757400513,-0.2070026695728302,-0.012148298505906041,0.139430433511734,-0.22123661637306213,-0.04196425918138402,0.11830282211303711,-0.13854339718818665,-0.046442438099745686,0.09233653545379639,-0.13770601153373718,-0.04238438997066396,0.04994797706604004,-0.2146509289741516,-0.024574531425002988,0.10475662350654602,-0.20647266507148743,-0.0601900817791261,0.08326989412307739,-0.12666964530944824,-0.051945291642311986,0.054292768239974976,-0.1276957094669342,-0.037414252940777715,0.010921239852905273,-0.2131005823612213,-0.0377151111105718,0.06522965431213379,-0.19347500801086426,-0.059088099930647786,0.05553704500198364,-0.1361638605594635,-0.048032939616803105,0.02963709831237793,-0.1340750753879547,-0.034229379330042775
B,0.0,0.0,0.0,0.06521522998809814,-0.014428377151489258,-0.015078957326124964,0.13012415170669556,-0.060451388359069824,-0.02678032698423749,0.16958603262901306,-0.11686229705810547,-0.04013554858357793,0.14890047907829285,-0.16196298599243164,-0.048522126994441805,0.11536377668380737,-0.191910982131958,-0.0016246587209138852,0.16262254118919373,-0.20406395196914673,-0.03137770029098874,0.1441834568977356,-0.13935929536819458,-0.0462071682730425,0.11671796441078186,-0.12895530462265015,-0.05275672035605794,0.08454355597496033,-0.2091980278491974,-0.009321351669143496,0.14069023728370667,-0.2190628945827484,-0.038965863309215365,0.11918780207633972,-0.1389819085597992,-0.04465356948168164,0.09232664108276367,-0.13770031929016113,-0.041942560247491656,0.05123698711395264,-0.21554189920425415,-0.021574578381489573,0.10753905773162842,-0.2056557834148407,-0.05535013335139638,0.08715805411338806,-0.12852558493614197,-0.048106485179971514,0.058219343423843384,-0.12941306829452515,-0.03513524787814504,0.014537394046783447,-0.2114773988723755,-0.03486725049407369,0.06975412368774414,-0.1885797679424286,-0.05507489772827512,0.05971169471740723,-0.13398993015289307,-0.04579852627904302,0.03369760513305664,-0.13340851664543152,-0.03382451938779241
B,0.0,0.0,0.0,0.0680614709854126,-0.012660741806030273,-0.014229664241042883,0.13143017888069153,-0.059929490089416504,-0.02467798314717129,0.17000702023506165,-0.11752796173095703,-0.037193498236206324,0.14962545037269592,-0.16223618388175964,-0.044713339430359156,0.11496791243553162,-0.1836213767528534,0.0019428973206458977,0.16156339645385742,-0.19857507944107056,-0.02716281696882561,0.14533749222755432,-0.1372699737548828,-0.04110475502636746,0.11649799346923828,-0.12308159470558167,-0.0464919718327792,0.08638203144073486,-0.20112213492393494,-0.005756602284577639,0.14311665296554565,-0.2185816764831543,-0.03653829417851284,0.12344032526016235,-0.14012020826339722,-0.04317729420688465,0.09490334987640381,-0.13368463516235352,-0.040027572435406,0.055285900831222534,-0.21021899580955505,-0.018133184534576685,0.1115642786026001,-0.2051052451133728,-0.05385676644471005,0.09098753333091736,-0.1275515854358673,-0.047788641077545435,0.059943050146102905,-0.12400773167610168,-0.034273835492399485,0.019976168870925903,-0.20967698097229004,-0.031371927482155115,0.0759948194026947,-0.18808907270431519,-0.05311203621056393,0.06509041786193848,-0.1318650245666504,-0.04455136753347233,0.03714799880981445,-0.12805354595184326,-0.032446874898937494
B,0.0,0.0,0.0,0.06639033555984497,-0.017900168895721436,-0.012348109341701274,0.1268545687198639,-0.06728899478912354,-0.022252110249837642,0.16369447112083435,-0.121989905834198,-0.03474402189954162,0.14790135622024536,-0.1679905652999878,-0.042529219246944194,0.10497993230819702,-0.1918995976448059,0.0034001246583557077,0.15080291032791138,-0.20919430255889893,-0.025439977131327396,0.14001667499542236,-0.1489003300666809,-0.04051008210285545,0.11283153295516968,-0.1297660768032074,-0.0461409403453672,0.07786458730697632,-0.20718926191329956,-0.00476224343060494,0.13440892100334167,-0.22407811880111694,-0.03495780140860916,0.11847624182701111,-0.14703711867332458,-0.04325201124652267,0.09032487869262695,-0.13389119505882263,-0.04114835844143272,0.048688679933547974,-0.21517693996429443,-0.017373194403489833,0.10633143782615662,-0.20927655696868896,-0.05213904143079162,0.0872533917427063,-0.1323052942752838,-0.04717789725168586,0.05671471357345581,-0.12309950590133667,-0.03407878936036468,0.015469729900360107,-0.21289333701133728,-0.03073159740074516,0.07336840033531189,-0.1921771764755249,-0.05196795002325416,0.06377443671226501,-0.13616779446601868,-0.04358899355634094,0.03668662905693054,-0.1290837824344635,-0.03126605734928489
B,0.0,0.0,0.0,0.0684613585472107,-0.024078011512756348,-0.009663465827259188,0.1259632706642151,-0.07602500915527344,-0.018583286948057776,0.1623433530330658,-0.12954235076904297,-0.030844476468416815,0.14665889739990234,-0.17155873775482178,-0.037943300254198675,0.09534794092178345,-0.20132938027381897,0.009058096982982988,0.14363521337509155,-0.21357595920562744,-0.01981679203316844,0.132066547870636,-0.15148189663887024,-0.03422699908122695,0.10430362820625305,-0.13595208525657654,-0.03952896261915839,0.06987708806991577,-0.21454289555549622,-0.0009978580507663537,0.1317756175994873,-0.22803255915641785,-0.033299588061424856,0.11501127481460571,-0.14814481139183044,-0.04141923452124274,0.08565622568130493,-0.1380910873413086,-0.0382261280189482,0.04345732927322388,-0.22079718112945557,-0.015711050875040655,0.106488436460495,-0.2129392921924591,-0.05201438108787215,0.0863426923751831,-0.13531765341758728,-0.04700945357188857,0.05420714616775513,-0.12992504239082336,-0.03321355248198188,0.014031022787094116,-0.21606037020683289,-0.031004481412026053,0.07567337155342102,-0.19411924481391907,-0.05209856892332709,0.06351882219314575,-0.13862738013267517,-0.043747794277521734,0.03380581736564636,-0.13475525379180908,-0.03142323756918586
B,0.0,0.0,0.0,0.06855049729347229,-0.026019513607025146,-0.007690217631250107,0.12329122424125671,-0.07718265056610107,-0.016165118018477642,0.15913766622543335,-0.12835416197776794,-0.028527490148633206,0.14737114310264587,-0.17295807600021362,-0.03596626530060121,0.09397703409194946,-0.20443293452262878,0.012433489499301231,0.14103344082832336,-0.21470949053764343,-0.015162858465998852,0.13033711910247803,-0.15315639972686768,-0.030706226179688656,0.10117465257644653,-0.13689041137695312,-0.037533252785294735,0.07008805871009827,-0.21629798412322998,0.0014237416383480195,0.13029128313064575,-0.2281172275543213,-0.02889748970636674,0.11757302284240723,-0.15039056539535522,-0.03863356197842904,0.08779281377792358,-0.13985541462898254,-0.03792539174327203,0.04478135704994202,-0.22112077474594116,-0.01406236487099477,0.10799205303192139,-0.21686309576034546,-0.04770592908033677,0.09220081567764282,-0.14038440585136414,-0.04314167360433885,0.0599883496761322,-0.13306745886802673,-0.031121217931001866,0.01647007465362549,-0.21391189098358154,-0.030159690702646458,0.07877296209335327,-0.19554871320724487,-0.050464301655381405,0.06850072741508484,-0.14051851630210876,-0.04251649166116067,0.03822070360183716,-0.1345115303993225,-0.031070043618171894
B,0.0,0.0,0.0,0.06886422634124756,-0.02728903293609619,-0.008067736725280383,0.12278977036476135,-0.07943692803382874,-0.016662016834089854,0.157809317111969,-0.13082271814346313,-0.0291953034204937,0.1461675465106964,-0.17649832367897034,-0.036634993131229976,0.08937907218933105,-0.20371851325035095,0.012897089731922051,0.13702800869941711,-0.21643635630607605,-0.015134641292462447,0.1274298131465912,-0.15576645731925964,-0.0318259898079134,0.09911143779754639,-0.1395934820175171,-0.039528534139464,0.06710788607597351,-0.21500182151794434,0.0022394488593988626,0.12691989541053772,-0.22829562425613403,-0.028890308315823177,0.1150214672088623,-0.1512383222579956,-0.03977577793128262,0.08529415726661682,-0.13849607110023499,-0.03970615970618496,0.043620169162750244,-0.22017121315002441,-0.012991745348045924,0.10743564367294312,-0.2199268937110901,-0.04638994889981518,0.09287402033805847,-0.14346641302108765,-0.04230114849931965,0.060958921909332275,-0.13354957103729248,-0.030647084440062144,0.017545074224472046,-0.21354863047599792,-0.029037783245513538,0.07997098565101624,-0.1946575939655304,-0.04945629494912396,0.06901237368583679,-0.14005419611930847,-0.04249850692875157,0.03813621401786804,-0.13299697637557983,-0.03178068282730351
B,0.0,0.0,0.0,0.0716700553894043,-0.030627727508544922,-0.005042096424290321,0.12204927206039429,-0.08158227801322937,-0.013049372761884115,0.15625602006912231,-0.13224497437477112,-0.026362845964172266,0.1446685791015625,-0.17761081457138062,-0.034871753595211885,0.08513936400413513,-0.20014941692352295,0.018166783907076933,0.13143488764762878,-0.2186673879623413,-0.009758274360933683,0.12517613172531128,-0.15763169527053833,-0.026972232676484964,0.09795597195625305,-0.13918784260749817,-0.03461614652667322,0.06441965699195862,-0.20973992347717285,0.006093794655612328,0.12392494082450867,-0.2261621356010437,-0.024426792106964967,0.11462244391441345,-0.14856159687042236,-0.03569693519864359,0.0841723382472992,-0.1350633203983307,-0.035947718016245744,0.04231563210487366,-0.21517306566238403,-0.010688384353557012,0.10782146453857422,-0.22058522701263428,-0.043905876866915605,0.0950278639793396,-0.14342060685157776,-0.039830692402460954,0.061704814434051514,-0.1312352418899536,-0.027865354261734865,0.017235636711120605,-0.21067404747009277,-0.028052453241684816,0.08278626203536987,-0.19925376772880554,-0.047918938390353105,0.07425972819328308,-0.143966943025589,-0.04016344278250017,0.042772382497787476,-0.13359323143959045,-0.028697340107896707
B,0.0,0.0,0.0,0.07068705558776855,-0.03572195768356323,-0.0008371303706837807,0.11832526326179504,-0.0867462158203125,-0.008120415921922586,0.1518053114414215,-0.1357107162475586,-0.021512658524926564,0.14088842272758484,-0.1811695098876953,-0.030018466714437864,0.07335889339447021,-0.20656734704971313,0.02143098488110695,0.12251150608062744,-0.22642862796783447,-0.005464901405986211,0.11929327249526978,-0.16439107060432434,-0.02298470698636379,0.09307590126991272,-0.14451667666435242,-0.03098428361457195,0.05403861403465271,-0.21522781252861023,0.00753124365243707,0.1175578236579895,-0.2297740876674652,-0.020795374367054364,0.11049750447273254,-0.1529211401939392,-0.03184127547186222,0.07906293869018555,-0.13841530680656433,-0.032567602771933934,0.035081833600997925,-0.21929994225502014,-0.01072168927979078,0.10470941662788391,-0.22012826800346375,-0.040556715059693715,0.09308013319969177,-0.14550501108169556,-0.03666944913905468,0.058974266052246094,-0.13414400815963745,-0.025754233080562017,0.015708595514297485,-0.21308520436286926,-0.02943750396710243,0.08502647280693054,-0.1983838677406311,-0.04647384696048107,0.07736167311668396,-0.14476177096366882,-0.03855409585278835,0.04509323835372925,-0.1342739462852478,-0.027513846013363263
B,0.0,0.0,0.0,0.07217586040496826,-0.03412550687789917,-0.0021407592739137726,0.12053069472312927,-0.08535173535346985,-0.010053060033840211,0.15362948179244995,-0.1349906623363495,-0.02368112375728515,0.14117318391799927,-0.17965254187583923,-0.03263044452063468,0.0712013840675354,-0.20439401268959045,0.018052541634517638,0.12313014268875122,-0.2248680293560028,-0.009131812506836923,0.11945578455924988,-0.16291093826293945,-0.027387374097031625,0.09350961446762085,-0.14238116145133972,-0.03644431849710372,0.052296608686447144,-0.21233534812927246,0.004958449380922048,0.11836060881614685,-0.2260165512561798,-0.0234532086341801,0.11116975545883179,-0.14978119730949402,-0.03432402854554084,0.07940071821212769,-0.13435840606689453,-0.035480414533537896,0.03459155559539795,-0.21569553017616272,-0.012417749518078836,0.10623067617416382,-0.2191290557384491,-0.04141963368050483,0.09540414810180664,-0.14545977115631104,-0.03748785054079917,0.06162118911743164,-0.13184377551078796,-0.027403487840217622,0.01774093508720398,-0.20881155133247375,-0.03053081502906707,0.08754941821098328,-0.19460725784301758,-0.04761200865499404,0.07963624596595764,-0.1403948962688446,-0.040956770086211236,0.04764676094055176,-0.12732785940170288,-0.03134662752739814
B,0.0,0.0,0.0,0.0717134177684784,-0.037880927324295044,0.0006519811728082914,0.11755794286727905,-0.08657950162887573,-0.006708742162487624,0.1500331163406372,-0.13277706503868103,-0.020142786247930644,0.14206212759017944,-0.1802455186843872,-0.028553454248509524,0.0632786750793457,-0.20698142051696777,0.02009918163875568,0.11671194434165955,-0.22936439514160156,-0.006283313079080699,0.11548879742622375,-0.1685214340686798,-0.023795209868154643,0.0903654396533966,-0.14668583869934082,-0.03218399551352036,0.04557350277900696,-0.21529614925384521,0.005834895608671786,0.11507982015609741,-0.22883185744285583,-0.021019624589285968,0.10980820655822754,-0.15488144755363464,-0.031430317132077334,0.07819414138793945,-0.13938677310943604,-0.03264065649946701,0.030157119035720825,-0.21742132306098938,-0.012437793469331382,0.10422876477241516,-0.21655499935150146,-0.03903758716424477,0.09415620565414429,-0.14569887518882751,-0.03490664627989304,0.060596346855163574,-0.13424605131149292,-0.025425722865662692,0.017032533884048462,-0.20819106698036194,-0.031315611718497394,0.08803650736808777,-0.1912892758846283,-0.046068673996529697,0.08091384172439575,-0.13917583227157593,-0.03878123503764641,0.04969125986099243,-0.12762242555618286,-0.02918023992916119
B,0.0,0.0,0.0,0.07219129800796509,-0.04126232862472534,0.0005953841815369287,0.11716237664222717,-0.09104931354522705,-0.00763077443971838,0.14908352494239807,-0.13701516389846802,-0.021737776850756063,0.13918107748031616,-0.1822827160358429,-0.030460115676220312,0.05236521363258362,-0.21316659450531006,0.019388515348140345,0.11439436674118042,-0.23232942819595337,-0.008052175087328806,0.11108240485191345,-0.17199325561523438,-0.026981393029387846,0.0855894684791565,-0.15305095911026,-0.03700681046157683,0.035674482583999634,-0.22043251991271973,0.004688500738296852,0.11391183733940125,-0.23243343830108643,-0.02330266140907611,0.10730206966400146,-0.1606982946395874,-0.03337709248572196,0.07651892304420471,-0.14747440814971924,-0.034663930689390554,0.023462802171707153,-0.2206897735595703,-0.014088470642860784,0.10432353615760803,-0.2180907130241394,-0.03979123026638831,0.09367638826370239,-0.15025454759597778,-0.035097640161808386,0.06080248951911926,-0.14143261313438416,-0.02620708585291709,0.016430974006652832,-0.20942911505699158,-0.03378743321209754,0.08960208296775818,-0.19083479046821594,-0.04723553374915923,0.07919362187385559,-0.14065849781036377,-0.040561307375725164,0.04693400859832764,-0.13184157013893127,-0.03238867983728255
B,0.0,0.0,0.0,0.07310834527015686,-0.041818320751190186,-0.00015993383360068947,0.11830008029937744,-0.09129732847213745,-0.008541310269464475,0.15016800165176392,-0.1368217170238495,-0.022618150401939374,0.14101174473762512,-0.18351003527641296,-0.03122917569064043,0.05065646767616272,-0.21404150128364563,0.018912183057437915,0.11486020684242249,-0.23445400595664978,-0.008939128432501775,0.11167743802070618,-0.17461949586868286,-0.027538787636984807,0.08567440509796143,-0.1545775830745697,-0.03719151585184477,0.034331321716308594,-0.22139662504196167,0.004699408478956002,0.11463478207588196,-0.233697772026062,-0.022978274215091687,0.10835874080657959,-0.162154883146286,-0.03209383605801008,0.07752567529678345,-0.14936348795890808,-0.03294891311608694,0.022996634244918823,-0.22071051597595215,-0.01376916567616604,0.10625892877578735,-0.2213902473449707,-0.03949001624070547,0.09638899564743042,-0.15315455198287964,-0.03408877371632002,0.06333810091018677,-0.14302310347557068,-0.02487828030072592,0.01719498634338379,-0.20828592777252197,-0.03326138301574133,0.09129419922828674,-0.1935308575630188,-0.04708571924649618,0.08160942792892456,-0.14346274733543396,-0.04057053296648405,0.04963836073875427,-0.1334906816482544,-0.03248528956257246
B,0.0,0.0,0.0,0.07543885707855225,-0.044064104557037354,-0.0004951427017090282,0.11940190196037292,-0.09586066007614136,-0.008671512876333054,0.15042459964752197,-0.13859823346138,-0.02218483020800477,0.14308851957321167,-0.18328067660331726,-0.029842278037847336,0.04400599002838135,-0.2216930091381073,0.017369508694230262,0.11365053057670593,-0.23688435554504395,-0.009982863490165528,0.11010095477104187,-0.17679035663604736,-0.028418615509451683,0.08372601866722107,-0.15999138355255127,-0.038555944387496766,0.028959989547729492,-0.22775229811668396,0.0034863173005419412,0.11565843224525452,-0.23479300737380981,-0.02374200155276185,0.10877746343612671,-0.16514456272125244,-0.032421959613145646,0.07874378561973572,-0.1553405225276947,-0.033472010914863404,0.021027445793151855,-0.22423744201660156,-0.014488190461577233,0.10851764678955078,-0.2191741168498993,-0.03865345013576871,0.09893327951431274,-0.15470027923583984,-0.033431706999124344,0.06709074974060059,-0.14738228917121887,-0.025063401137174424,0.02079153060913086,-0.2089720070362091,-0.03363168803292638,0.09687244892120361,-0.19343715906143188,-0.04568963316518193,0.08762943744659424,-0.14618945121765137,-0.039272310261310395,0.05718997120857239,-0.13814494013786316,-0.03183567342597371
B,0.0,0.0,0.0,0.07542607188224792,-0.04544854164123535,0.002170477385988079,0.11707842350006104,-0.09608733654022217,-0.005596309809590139,0.14910247921943665,-0.1365737020969391,-0.01898462549095825,0.1439807116985321,-0.18040403723716736,-0.02670896277075485,0.038489192724227905,-0.2262788712978363,0.01676193959767147,0.11263063549995422,-0.23784828186035156,-0.010265630113536872,0.1087765097618103,-0.17592012882232666,-0.02862319015210346,0.08190244436264038,-0.15786510705947876,-0.03889044411724285,0.024809449911117554,-0.23179277777671814,0.0014533179089255555,0.11601966619491577,-0.23528313636779785,-0.023863263803178825,0.10949507355690002,-0.16468840837478638,-0.031139312686974563,0.07930457592010498,-0.1546972095966339,-0.0319717977220364,0.019167810678482056,-0.22563937306404114,-0.01753330081945137,0.11129829287528992,-0.2194841504096985,-0.03980547227209286,0.10236498713493347,-0.1532595157623291,-0.03330916203802303,0.06994238495826721,-0.144768625497818,-0.02492175102477745,0.02178362011909485,-0.20747923851013184,-0.03750611134117321,0.0993662178516388,-0.19190534949302673,-0.04802927784865574,0.09147822856903076,-0.14301937818527222,-0.04050326757376865,0.06225240230560303,-0.13337388634681702,-0.03270540796464161
B,0.0,0.0,0.0,0.07511159777641296,-0.04501664638519287,0.001762564067718131,0.116629958152771,-0.09649237990379333,-0.006020539782952028,0.14796188473701477,-0.13682028651237488,-0.019126032821844774,0.1422175168991089,-0.18001633882522583,-0.026552641175698,0.036269426345825195,-0.2259211540222168,0.015629374079395575,0.10960158705711365,-0.23946857452392578,-0.010980983607481676,0.10539758205413818,-0.17882299423217773,-0.029123853303502756,0.07834014296531677,-0.1599300503730774,-0.03932914637775298,0.022202372550964355,-0.2318446934223175,0.0005837942073014801,0.11286419630050659,-0.23668530583381653,-0.02339000382275458,0.10647064447402954,-0.1681029498577118,-0.03002794028074618,0.07701629400253296,-0.15879777073860168,-0.030948129825304704,0.016890347003936768,-0.22477984428405762,-0.018106048338125902,0.10933926701545715,-0.22215411067008972,-0.039216888479899126,0.10093840956687927,-0.15808862447738647,-0.03262989350409384,0.06913751363754272,-0.1500242054462433,-0.024846990935515123,0.02056509256362915,-0.20546656847000122,-0.03784043841810103,0.09819811582565308,-0.1927371621131897,-0.04810495056958075,0.09021639823913574,-0.14474529027938843,-0.04077363514156218,0.061431437730789185,-0.13531440496444702,-0.03344825410098906
B,0.0,0.0,0.0,0.07840979099273682,-0.04557228088378906,0.0015401621646162766,0.11981353163719177,-0.09885850548744202,-0.005485664674182544,0.14971387386322021,-0.13881853222846985,-0.017622556158443103,0.14384150505065918,-0.18173137307167053,-0.02410810961677612,0.03636467456817627,-0.22552376985549927,0.01579186171935021,0.11116281151771545,-0.23885184526443481,-0.010010956407626281,0.10777130722999573,-0.17777511477470398,-0.028191594028015743,0.08199703693389893,-0.15801703929901123,-0.038728387647410045,0.02265682816505432,-0.23167303204536438,0.0014007815922525424,0.1137768030166626,-0.23533374071121216,-0.022388698154230724,0.10773614048957825,-0.1665554642677307,-0.02949027120425285,0.07961240410804749,-0.15548810362815857,-0.0307651027972895,0.018378913402557373,-0.2246633768081665,-0.01655820346726955,0.11074015498161316,-0.220077246427536,-0.036799462133188854,0.10245901346206665,-0.15730589628219604,-0.0310182027454573,0.07163405418395996,-0.14811062812805176,-0.023929910355349193,0.02374398708343506,-0.20595961809158325,-0.03563743605567993,0.10067188739776611,-0.19251322746276855,-0.04495781435920776,0.09296518564224243,-0.14542213082313538,-0.03824250920965255,0.06526148319244385,-0.1355099380016327,-0.03159555196120323
B,0.0,0.0,0.0,0.07773306965827942,-0.04793250560760498,0.003492144226839855,0.116111159324646,-0.10142248868942261,-0.0017977661343309137,0.1450926959514618,-0.13974210619926453,-0.01278342813085942,0.1419650912284851,-0.1821463704109192,-0.018360090850109145,0.033495575189590454,-0.22325915098190308,0.019996246846204713,0.10780808329582214,-0.23657256364822388,-0.004904011672550723,0.10520794987678528,-0.17774489521980286,-0.022757196275705383,0.07965496182441711,-0.1604745090007782,-0.03323757409881978,0.02125069499015808,-0.2289278209209442,0.004849092161094859,0.1112443208694458,-0.23510488867759705,-0.01854344777595429,0.10600554943084717,-0.1665087640285492,-0.025414866803401992,0.07839244604110718,-0.15662336349487305,-0.026510944066757247,0.01797512173652649,-0.22267931699752808,-0.01397149305623202,0.1087324321269989,-0.22073829174041748,-0.034747572092527435,0.10140115022659302,-0.15775397419929504,-0.028764837829584167,0.07080474495887756,-0.1488896906375885,-0.02127060800623326,0.023359358310699463,-0.2053820788860321,-0.0337194962782803,0.09851044416427612,-0.19532442092895508,-0.04354769125413327,0.09152016043663025,-0.14817240834236145,-0.036409904657119796,0.06390643119812012,-0.13833287358283997,-0.029354145227188155
B,0.0,0.0,0.0,0.07784169912338257,-0.046315282583236694,0.0020601234819253023,0.11421963572502136,-0.09842181205749512,-0.0039903551850954955,0.1425354778766632,-0.13655385375022888,-0.015140810287419981,0.13942816853523254,-0.17795756459236145,-0.021062913588110632,0.02983948588371277,-0.21748700737953186,0.016578593053992563,0.10594502091407776,-0.23111051321029663,-0.00787761831176681,0.10482215881347656,-0.17501720786094666,-0.026418141326729483,0.07947856187820435,-0.15627363324165344,-0.037874191305462546,0.018036335706710815,-0.22212976217269897,0.0025064791507531936,0.10939368605613708,-0.232377827167511,-0.020916925049249357,0.10658878087997437,-0.16660958528518677,-0.02886684169513387,0.08004072308540344,-0.15328818559646606,-0.03107542288941545,0.016511082649230957,-0.21574664115905762,-0.01496556611252231,0.10809451341629028,-0.21675336360931396,-0.03512500529629392,0.103003591299057,-0.1570165455341339,-0.029994842833701796,0.07357195019721985,-0.1468992531299591,-0.023546052402679152,0.02416589856147766,-0.19884777069091797,-0.033441002718035406,0.09952205419540405,-0.19049441814422607,-0.043175413510624594,0.09353318810462952,-0.14538711309432983,-0.03678455506903333,0.06687062978744507,-0.13528522849082947,-0.03069797088843984
B,0.0,0.0,0.0,0.07800763845443726,-0.04745209217071533,0.0008448896704749131,0.11319413781166077,-0.10055691003799438,-0.005601751326253179,0.1397641897201538,-0.1393832564353943,-0.016734300820758108,0.13622111082077026,-0.179825097322464,-0.02237721224003053,0.025631219148635864,-0.21610620617866516,0.01507828041292214,0.10274598002433777,-0.22980937361717224,-0.010125016501774553,0.10126137733459473,-0.17651799321174622,-0.0282660896765492,0.07596713304519653,-0.15962335467338562,-0.03934837941699243,0.014474719762802124,-0.22145357728004456,0.001442967856633004,0.10733476281166077,-0.23145964741706848,-0.0224586657124064,0.10382714867591858,-0.1684124767780304,-0.02964039583378053,0.07754844427108765,-0.1583726406097412,-0.03125407983236528,0.01388964056968689,-0.21493849158287048,-0.015817721082498792,0.10670241713523865,-0.2139531970024109,-0.036743958188822035,0.10098329186439514,-0.15614286065101624,-0.031600874556829694,0.07218444347381592,-0.14893829822540283,-0.025104411585857633,0.022890836000442505,-0.1973174810409546,-0.034151584549476866,0.09782251715660095,-0.18615290522575378,-0.04445203085117555,0.09140029549598694,-0.14236211776733398,-0.038625654472639326,0.0655754804611206,-0.13434958457946777,-0.032954402907421354
B,0.0,0.0,0.0,0.07670918107032776,-0.04853236675262451,0.0023572290322135814,0.11076804995536804,-0.10143256187438965,-0.0037571637419659965,0.137144535779953,-0.13922879099845886,-0.014550071767871486,0.1347852349281311,-0.17882487177848816,-0.020015985331838237,0.021510422229766846,-0.22056108713150024,0.015071088821287049,0.10169178247451782,-0.23208266496658325,-0.008599519356494056,0.10119083523750305,-0.1769038736820221,-0.025747148878281223,0.07680371403694153,-0.15955716371536255,-0.036497809551065075,0.01034364104270935,-0.22580718994140625,0.0006924172869275935,0.1059812605381012,-0.23271626234054565,-0.021281969360416042,0.10300767421722412,-0.16748306155204773,-0.027145285717551815,0.07726478576660156,-0.1570037305355072,-0.028270848653619396,0.010155081748962402,-0.21734929084777832,-0.016973820141856777,0.10608169436454773,-0.2156379520893097,-0.036225356719796764,0.10093832015991211,-0.15571090579032898,-0.029986063576643573,0.07213500142097473,-0.1474231481552124,-0.023212396166627514,0.019520491361618042,-0.1974383294582367,-0.03560549076587449,0.09597155451774597,-0.18653061985969543,-0.04471153076679002,0.09032300114631653,-0.14171719551086426,-0.038052119872872936,0.06506595015525818,-0.1327148973941803,-0.03201542477995645
B,0.0,0.0,0.0,0.07734179496765137,-0.04739472270011902,0.0022707709350981986,0.11148428916931152,-0.10527649521827698,-0.0029027671779147113,0.13646259903907776,-0.14257755875587463,-0.012256426992138358,0.1354825496673584,-0.1805921196937561,-0.016236520627757045,0.02083277702331543,-0.224172443151474,0.013545160857717065,0.10101974010467529,-0.2327360212802887,-0.008924788119514915,0.09940934181213379,-0.17892873287200928,-0.025345436552782985,0.0756879448890686,-0.16325592994689941,-0.03645707599284265,0.010909944772720337,-0.2317529320716858,-0.0006744939244924808,0.10593041777610779,-0.2318781316280365,-0.022086887875815364,0.10138630867004395,-0.16727742552757263,-0.027701298961659404,0.07719537615776062,-0.15823906660079956,-0.029252608562131854,0.012636303901672363,-0.2232201099395752,-0.018024347046633693,0.1088835597038269,-0.21460917592048645,-0.035735215315838786,0.10196247696876526,-0.15626978874206543,-0.029863304713984462,0.07375067472457886,-0.1503778100013733,-0.024469311604519817,0.024653732776641846,-0.2021048367023468,-0.036557837644835445,0.10111016035079956,-0.18372437357902527,-0.045516341248770686,0.09395167231559753,-0.13998064398765564,-0.04073887995841119,0.06932905316352844,-0.1344994306564331,-0.03675078905584428
B,0.0,0.0,0.0,0.0773749053478241,-0.044846683740615845,0.0018242150802905144,0.11080491542816162,-0.10395783185958862,-0.0036047852806007086,0.13585683703422546,-0.14301297068595886,-0.013306427022740763,0.13413947820663452,-0.18148744106292725,-0.017476519776806754,0.01975080370903015,-0.22223049402236938,0.013736564458980638,0.09775033593177795,-0.23181822896003723,-0.010120845606849116,0.09627968072891235,-0.17748308181762695,-0.02678165419243328,0.07235845923423767,-0.16131094098091125,-0.03761011196516506,0.009284436702728271,-0.22921118140220642,-0.0005246043762383579,0.10337048768997192,-0.23286733031272888,-0.023348659484014433,0.09943193197250366,-0.16722428798675537,-0.02871213129006378,0.07476487755775452,-0.158002108335495,-0.029428558631167334,0.010114818811416626,-0.2214582860469818,-0.01823082028172962,0.10625076293945312,-0.21440652012825012,-0.03787799386523716,0.09991639852523804,-0.15465903282165527,-0.031988257749304694,0.07125362753868103,-0.1491071879863739,-0.025883039666638297,0.02148333191871643,-0.20132967829704285,-0.03708700670145504,0.09900882840156555,-0.18161344528198242,-0.047365287525877875,0.09168830513954163,-0.1365339756011963,-0.04287287054799549,0.06593531370162964,-0.13117027282714844,-0.03872424198530666
B,0.0,0.0,0.0,0.07534557580947876,-0.04246819019317627,-0.0015287693209131703,0.11255329847335815,-0.09812480211257935,-0.008755053914256905,0.1400202214717865,-0.1392039954662323,-0.019717053099640225,0.1345880925655365,-0.1795405149459839,-0.025007669403322552,0.02444058656692505,-0.21988838911056519,0.012456315048865463,0.10066506266593933,-0.23113560676574707,-0.012383684105344628,0.10014399886131287,-0.17353969812393188,-0.02994200266815028,0.07623308897018433,-0.1565229594707489,-0.04085683688438735,0.013334184885025024,-0.2268671989440918,2.998679653387626e-05,0.10497567057609558,-0.23305216431617737,-0.02404869586146674,0.1025848388671875,-0.1659078299999237,-0.03057609364307723,0.07791820168495178,-0.15391358733177185,-0.03141499176538787,0.01202043890953064,-0.22023296356201172,-0.016108718290098523,0.1065119206905365,-0.21674251556396484,-0.03733306243933043,0.10155227780342102,-0.15584108233451843,-0.03208216518081031,0.07335558533668518,-0.14686408638954163,-0.025251057519682263,0.020366549491882324,-0.20189642906188965,-0.03350287169135413,0.0988723635673523,-0.1868278682231903,-0.04415174066937766,0.09309524297714233,-0.14118444919586182,-0.039152974783547734,0.06765300035476685,-0.13237598538398743,-0.03385694935835204
B,0.0,0.0,0.0,0.07708519697189331,-0.043264955282211304,-0.0007131738302916801,0.11428788304328918,-0.0963667631149292,-0.007661559450781397,0.1412123441696167,-0.13673275709152222,-0.018840008247053674,0.13549017906188965,-0.17877712845802307,-0.024450446310794405,0.02678436040878296,-0.21799349784851074,0.014731334690594622,0.10120394825935364,-0.23183634877204895,-0.009915223176932386,0.10152944922447205,-0.17403095960617065,-0.027473243716514162,0.07827606797218323,-0.1565815806388855,-0.038319307211196474,0.01514473557472229,-0.2244327962398529,0.0018497743230625474,0.10545217990875244,-0.23409122228622437,-0.02251958737090831,0.1039537787437439,-0.16596567630767822,-0.029668372887527994,0.07948264479637146,-0.15321782231330872,-0.030709092337048105,0.013521522283554077,-0.21832889318466187,-0.014753959904766134,0.10635259747505188,-0.21732068061828613,-0.036509807053363375,0.10189050436019897,-0.1558135449886322,-0.031454111281192354,0.07370215654373169,-0.14628034830093384,-0.0244180027575851,0.021535515785217285,-0.20100626349449158,-0.03251308837846523,0.09839475154876709,-0.18749886751174927,-0.04372070992306476,0.09257087111473083,-0.14224737882614136,-0.03859384993032222,0.06670644879341125,-0.13360607624053955,-0.03295398393586879
B,0.0,0.0,0.0,0.07822227478027344,-0.04107576608657837,-0.0014820781742059808,0.11886215209960938,-0.09280550479888916,-0.008312185944134853,0.1468469500541687,-0.13363096117973328,-0.019301256814117096,0.13899272680282593,-0.17417654395103455,-0.02467006323587384,0.03330570459365845,-0.21703249216079712,0.014722733109181263,0.10702836513519287,-0.22966349124908447,-0.010327860430891178,0.1060328483581543,-0.17003604769706726,-0.02781545622002568,0.081920325756073,-0.1533438265323639,-0.03829595138978448,0.02074366807937622,-0.22356337308883667,0.0024666681912890454,0.10984605550765991,-0.2315436601638794,-0.022244848960156105,0.10643678903579712,-0.1627967357635498,-0.029200100057835243,0.08108022809028625,-0.15142786502838135,-0.02990385582398858,0.017501115798950195,-0.21779599785804749,-0.013593922087068222,0.10875746607780457,-0.21648168563842773,-0.035956156157965324,0.10276690125465393,-0.15432074666023254,-0.030586833783502243,0.07428035140037537,-0.14479517936706543,-0.02296803025257077,0.02314656972885132,-0.2009996473789215,-0.030824576222414635,0.09929364919662476,-0.18965274095535278,-0.04214477603983369,0.09259021282196045,-0.14408999681472778,-0.03643677448582139,0.06650137901306152,-0.13486725091934204,-0.03010750068079915
B,0.0,0.0,0.0,0.0718044638633728,-0.036824971437454224,-0.0033873390069345533,0.11598891019821167,-0.08504682779312134,-0.012155830221075803,0.14644336700439453,-0.13045573234558105,-0.025358096988696843,0.1357477903366089,-0.17221486568450928,-0.03298292990197638,0.04261958599090576,-0.20876425504684448,0.014579080684285373,0.106862872838974,-0.22597962617874146,-0.012267238752741605,0.10390248894691467,-0.1672234833240509,-0.030130065338511258,0.07830232381820679,-0.1510123610496521,-0.039937622206110746,0.028239578008651733,-0.21614080667495728,0.0026919135695209206,0.10809198021888733,-0.22619110345840454,-0.023087852926749974,0.10329276323318481,-0.1575477421283722,-0.030604179309506208,0.07542133331298828,-0.1484556794166565,-0.0313000449108074,0.02019980549812317,-0.21361792087554932,-0.013429665298957616,0.1035497784614563,-0.21246126294136047,-0.03818900074233511,0.09458914399147034,-0.14748358726501465,-0.03320053900947073,0.06298503279685974,-0.13766518235206604,-0.024902995036740094,0.018618017435073853,-0.2009105384349823,-0.03076843667199114,0.09226390719413757,-0.18585994839668274,-0.043876136945385724,0.08377432823181152,-0.13768023252487183,-0.03830087493528822,0.05437389016151428,-0.12685111165046692,-0.03128927509655455
B,0.0,0.0,0.0,0.06821927428245544,-0.035485804080963135,-0.004258930034296782,0.11535987257957458,-0.08116799592971802,-0.013648889310019285,0.1473156213760376,-0.12917622923851013,-0.028091994396703512,0.13383588194847107,-0.17192277312278748,-0.03693308802630213,0.055923253297805786,-0.19988054037094116,0.01726901037309858,0.11163860559463501,-0.22186806797981262,-0.011278894081073076,0.10642826557159424,-0.1619509756565094,-0.028912739179389746,0.08103805780410767,-0.1457570195198059,-0.03768670680310038,0.03942000865936279,-0.20804110169410706,0.0050443300946483305,0.11108419299125671,-0.22250670194625854,-0.023744271419303686,0.102938711643219,-0.1508103907108307,-0.03207780914689806,0.07341018319129944,-0.141730397939682,-0.03181460993673113,0.025374889373779297,-0.21074029803276062,-0.012057392209129603,0.1012360155582428,-0.21140572428703308,-0.04078896465088633,0.08947059512138367,-0.14200884103775024,-0.03563643740798739,0.05702885985374451,-0.13203150033950806,-0.025329199902074606,0.014722436666488647,-0.2037104368209839,-0.030358816779511244,0.0855092704296112,-0.18769797682762146,-0.04599126177217272,0.07658326625823975,-0.13699984550476074,-0.03995769592310694,0.046282559633255005,-0.12614881992340088,-0.0313484457352331
B,0.0,0.0,0.0,0.06713041663169861,-0.029611915349960327,-0.008919488029761169,0.11690670251846313,-0.07482379674911499,-0.019326784970445487,0.14761435985565186,-0.12803325057029724,-0.034267249839587066,0.1299683153629303,-0.17303341627120972,-0.0442703881731461,0.07427579164505005,-0.18762940168380737,0.014171735992448475,0.1170792281627655,-0.21576571464538574,-0.015305037001354549,0.11184307932853699,-0.15592995285987854,-0.03292030407695279,0.08809766173362732,-0.1361989974975586,-0.04055591984300122,0.053688615560531616,-0.19731774926185608,0.004743923576342013,0.11097750067710876,-0.21893319487571716,-0.02606629519371495,0.10197973251342773,-0.14473426342010498,-0.03602879061011777,0.07264485955238342,-0.13252535462379456,-0.03536584539918408,0.03225982189178467,-0.20332962274551392,-0.009886466289145801,0.09455481171607971,-0.20775920152664185,-0.0425919288268517,0.08239638805389404,-0.13563060760498047,-0.039098303156180236,0.05010029673576355,-0.12272098660469055,-0.027656401830000732,0.009375780820846558,-0.20083090662956238,-0.02556071742085919,0.07354721426963806,-0.18844148516654968,-0.0437765338888596,0.067572683095932,-0.13650545477867126,-0.03755478500036702,0.03834676742553711,-0.12339243292808533,-0.027459170060438964
B,0.0,0.0,0.0,0.06802424788475037,-0.019580811262130737,-0.01160667185789066,0.12060016393661499,-0.06309613585472107,-0.020423484976646478,0.152968168258667,-0.12005749344825745,-0.03273202293669897,0.13533586263656616,-0.16864466667175293,-0.04130433314597326,0.09818345308303833,-0.15898579359054565,0.011471305032017654,0.13740405440330505,-0.18166810274124146,-0.01594846324181276,0.12612000107765198,-0.12721505761146545,-0.030984096239563996,0.09754469990730286,-0.11183857917785645,-0.03736078926479536,0.07517606019973755,-0.1768612563610077,0.003271789512353962,0.12262073159217834,-0.20960164070129395,-0.02741544135963636,0.10931742191314697,-0.13557299971580505,-0.03727521189605909,0.07895544171333313,-0.12401807308197021,-0.03629995324766355,0.048732250928878784,-0.18994003534317017,-0.009909364405331189,0.09957802295684814,-0.2078413963317871,-0.04679105245625692,0.08373099565505981,-0.1313582956790924,-0.04333980196273046,0.04962381720542908,-0.1195506751537323,-0.03092990257894712,0.015369415283203125,-0.1950375735759735,-0.023529160778281266,0.06961119174957275,-0.1932164430618286,-0.047526368881818826,0.0631849467754364,-0.13651329278945923,-0.04089185410296636,0.03442347049713135,-0.12440592050552368,-0.029799899096843774
B,0.0,0.0,0.0,0.06903782486915588,-0.006812453269958496,-0.014606045814133495,0.12745779752731323,-0.05506467819213867,-0.021234972657538265,0.160713791847229,-0.11769139766693115,-0.02985060240504822,0.13960042595863342,-0.1635134220123291,-0.034908199937916606,0.10561507940292358,-0.14614862203598022,0.005887767510586173,0.1444043517112732,-0.1742190718650818,-0.019623903812743038,0.13403326272964478,-0.1227760910987854,-0.03299815046963772,0.10703256726264954,-0.10240212082862854,-0.0377410261648663,0.08334892988204956,-0.16455543041229248,0.0007482203432402912,0.12872183322906494,-0.2050536572933197,-0.02860754381296715,0.11440455913543701,-0.13469582796096802,-0.03781455594477734,0.08717328310012817,-0.11583474278450012,-0.035839161159373134,0.056747227907180786,-0.1786983609199524,-0.009090310217715114,0.10308566689491272,-0.20030009746551514,-0.04599568087039074,0.0851614773273468,-0.12611478567123413,-0.043312842281437725,0.05406320095062256,-0.10949164628982544,-0.030395617963648647,0.021639257669448853,-0.18805712461471558,-0.019310985015607685,0.07202789187431335,-0.1923786997795105,-0.043695545079089015,0.06538426876068115,-0.13743913173675537,-0.0370526781993874,0.04060554504394531,-0.12279707193374634,-0.025493562476611942
B,0.0,0.0,0.0,0.06485256552696228,-0.004941463470458984,-0.015204558010907476,0.12711074948310852,-0.053707242012023926,-0.021474493529410665,0.15916302800178528,-0.11787539720535278,-0.02876663752994091,0.13755592703819275,-0.1675969362258911,-0.03261099741956741,0.1111038327217102,-0.1441115438938141,0.0018885073002934405,0.1509074866771698,-0.1730625331401825,-0.023697150733084982,0.1368406116962433,-0.12230458855628967,-0.03703816221258194,0.11087176203727722,-0.10259974002838135,-0.04210855798027069,0.08568611741065979,-0.16464632749557495,-0.002604463232444232,0.13064953684806824,-0.20528936386108398,-0.030658060546727484,0.11219611763954163,-0.13607269525527954,-0.038791570674391096,0.08656007051467896,-0.11846774816513062,-0.03670775131485016,0.05491700768470764,-0.17851465940475464,-0.011363291974873846,0.09947016835212708,-0.199619859457016,-0.04733975590369255,0.08106157183647156,-0.1244744062423706,-0.042942765962095564,0.0543857216835022,-0.10824036598205566,-0.029519896816225355,0.015870898962020874,-0.18759173154830933,-0.020441593464227026,0.06337669491767883,-0.19297632575035095,-0.04495581970712692,0.058064818382263184,-0.13662463426589966,-0.03705969439050705,0.038640350103378296,-0.12214210629463196,-0.02468997039994747
B,0.0,0.0,0.0,0.06514671444892883,-0.0012035965919494629,-0.01444375214313709,0.13079193234443665,-0.05291911959648132,-0.020174002062134377,0.16423636674880981,-0.11972707509994507,-0.026872956912569634,0.1402161717414856,-0.16867130994796753,-0.030284173573903672,0.11915990710258484,-0.13909533619880676,0.0009851192388907748,0.15910640358924866,-0.17113721370697021,-0.023532667915873162,0.14404809474945068,-0.12128946185112,-0.03611414858286821,0.11734509468078613,-0.10237559676170349,-0.04092944019620859,0.09287163615226746,-0.16080433130264282,-0.003934045575164191,0.13709256052970886,-0.20627519488334656,-0.030771277632169358,0.11833769083023071,-0.137868732213974,-0.03806529172842943,0.09286186099052429,-0.12032023072242737,-0.03564756714885675,0.061008065938949585,-0.17586439847946167,-0.012825888368837468,0.10436570644378662,-0.1994672417640686,-0.04759285205190622,0.08428972959518433,-0.12303081154823303,-0.042466345961742036,0.05626145005226135,-0.1066213846206665,-0.029032321434073083,0.021384775638580322,-0.18662023544311523,-0.022039556663088433,0.06728759407997131,-0.19256174564361572,-0.04581639894431078,0.06002110242843628,-0.13610118627548218,-0.03754564353411638,0.039176344871520996,-0.12298613786697388,-0.025299405466370217
B,0.0,0.0,0.0,0.0656951367855072,0.0054939985275268555,-0.014053295205542327,0.13397246599197388,-0.048988401889801025,-0.01836616157294202,0.1702752411365509,-0.1185641884803772,-0.02362325026393819,0.14623594284057617,-0.16724562644958496,-0.02543354577125001,0.12817054986953735,-0.13248851895332336,0.0007603417479344898,0.16884642839431763,-0.1675613522529602,-0.022123398098358393,0.15179800987243652,-0.11342206597328186,-0.03337927891612935,0.1258808970451355,-0.09674766659736633,-0.03798833100796628,0.10094183683395386,-0.15500569343566895,-0.004296710088112832,0.1449163556098938,-0.20416778326034546,-0.029854375708112002,0.12494632601737976,-0.13216730952262878,-0.03628006933928418,0.1005285382270813,-0.11732736229896545,-0.03376563622356343,0.06750601530075073,-0.16994774341583252,-0.013052644047149897,0.11021789908409119,-0.19805991649627686,-0.04677681608797002,0.09019270539283752,-0.11892464756965637,-0.040467921483525515,0.0633857250213623,-0.10417458415031433,-0.026768462571510554,0.027217507362365723,-0.18214672803878784,-0.022066574382790805,0.07085072994232178,-0.19474685192108154,-0.04488094507456708,0.06473636627197266,-0.13916999101638794,-0.035538751471051455,0.04520148038864136,-0.1276744306087494,-0.022992653611311198
B,0.0,0.0,0.0,0.06285408139228821,0.0057776570320129395,-0.01585364928752142,0.13431316614151,-0.04759109020233154,-0.020755633994042455,0.1707761287689209,-0.12046405673027039,-0.026406782030164777,0.14767175912857056,-0.1719397008419037,-0.028252950220405637,0.13570761680603027,-0.1286221742630005,0.00146922208085698,0.17484763264656067,-0.1648554801940918,-0.02232448784917551,0.15386730432510376,-0.10851353406906128,-0.03435452496916014,0.13116517663002014,-0.09268474578857422,-0.03933230256944853,0.10673695802688599,-0.15209123492240906,-0.0030469971737261403,0.1489430069923401,-0.20215538144111633,-0.029803665637075483,0.12499305605888367,-0.12688088417053223,-0.03648593491226393,0.10179388523101807,-0.11235538125038147,-0.03338213106900412,0.071957528591156,-0.16752684116363525,-0.011546776912211953,0.11000418663024902,-0.19884401559829712,-0.04489967813998419,0.08967024087905884,-0.11794120073318481,-0.03766821911841589,0.06583327054977417,-0.10262364149093628,-0.02301644375830847,0.031091511249542236,-0.18082937598228455,-0.020575456603467046,0.07071176171302795,-0.19949650764465332,-0.04098041570097166,0.06500878930091858,-0.14511200785636902,-0.029887004106342374,0.04746285080909729,-0.13346847891807556,-0.016172575115263044
B,0.0,0.0,0.0,0.06311261653900146,0.0024200081825256348,-0.01657723125595112,0.13428646326065063,-0.04817202687263489,-0.021701634419741822,0.16940215229988098,-0.1201196014881134,-0.02760540742951889,0.1508493721485138,-0.17440658807754517,-0.02909573216516037,0.14108788967132568,-0.12323090434074402,0.0032740537769768707,0.17923972010612488,-0.1618465781211853,-0.020222487417640878,0.15580430626869202,-0.10591605305671692,-0.031592764449897004,0.135061115026474,-0.09055066108703613,-0.036016382766547395,0.11163884401321411,-0.14799576997756958,-0.0007922401075575181,0.15218448638916016,-0.1999487280845642,-0.027197994781317902,0.12679249048233032,-0.1250673234462738,-0.033233251912179185,0.10557958483695984,-0.11103296279907227,-0.0296561201341774,0.07598623633384705,-0.16474446654319763,-0.009135635127904607,0.11118954420089722,-0.2009267807006836,-0.04199366692978401,0.09083771705627441,-0.11967578530311584,-0.03383471865731735,0.06950855255126953,-0.1033642590045929,-0.01860337567109127,0.03457695245742798,-0.17966395616531372,-0.018139942107382012,0.07118970155715942,-0.20245838165283203,-0.03759904627281685,0.0659569799900055,-0.14881327748298645,-0.025801206497135354,0.050116509199142456,-0.13697871565818787,-0.0115989777498271
B,0.0,0.0,0.0,0.06303209066390991,0.004102885723114014,-0.015545199905943718,0.13607701659202576,-0.045231521129608154,-0.020524268319320527,0.17260947823524475,-0.11999446153640747,-0.02695254730195984,0.1510067582130432,-0.17531371116638184,-0.029345737119626847,0.14486420154571533,-0.11369055509567261,0.006059828399259004,0.1843741238117218,-0.15382683277130127,-0.01826997595043167,0.15958088636398315,-0.1037733256816864,-0.032131388132881966,0.1376151442527771,-0.08538657426834106,-0.038050472085785714,0.11492335796356201,-0.14117571711540222,0.0013312752810747952,0.15626248717308044,-0.19176864624023438,-0.025737616514277306,0.12809064984321594,-0.12104657292366028,-0.03389876270802006,0.10603705048561096,-0.10534122586250305,-0.03152957493574604,0.07965666055679321,-0.1598142385482788,-0.007638348547231999,0.11458122730255127,-0.19833779335021973,-0.03987030247361645,0.09290933609008789,-0.11914443969726562,-0.0323548571220158,0.07129523158073425,-0.09899774193763733,-0.017538826262068596,0.039195746183395386,-0.17654594779014587,-0.017396929954600182,0.07558256387710571,-0.20189586281776428,-0.03556879544765934,0.06947901844978333,-0.15061047673225403,-0.02335365051538929,0.054186344146728516,-0.13604342937469482,-0.009011821170759049
B,0.0,0.0,0.0,0.0626024603843689,0.001977682113647461,-0.017778391217518674,0.1342475712299347,-0.043891191482543945,-0.02332836409442507,0.16852977871894836,-0.11522746086120605,-0.02969282512896143,0.1517324149608612,-0.1730600893497467,-0.031092068379450666,0.15090936422348022,-0.107720285654068,0.006802071618210448,0.18894904851913452,-0.14979976415634155,-0.01890779492788397,0.16154220700263977,-0.10412546992301941,-0.03266340514056765,0.13987228274345398,-0.08430847525596619,-0.037410762360025274,0.1207575798034668,-0.13844239711761475,0.0036419150757751595,0.15935218334197998,-0.18680498003959656,-0.024083899533081876,0.12872850894927979,-0.11948415637016296,-0.03146713246934496,0.10951405763626099,-0.10386699438095093,-0.027859337826896535,0.08458644151687622,-0.15926167368888855,-0.00424642834224187,0.11493933200836182,-0.19593608379364014,-0.03764117901556574,0.09050920605659485,-0.11867618560791016,-0.029115893145728933,0.07200637459754944,-0.09883975982666016,-0.012789732044268476,0.0436057448387146,-0.17700475454330444,-0.01302369145088278,0.07662680745124817,-0.2019599974155426,-0.03124719133012377,0.06681284308433533,-0.15075677633285522,-0.017470959772992956,0.05235812067985535,-0.13689851760864258,-0.0012430295708441008
B,0.0,0.0,0.0,0.06286239624023438,0.0015066266059875488,-0.01861124436950945,0.13323506712913513,-0.042330026626586914,-0.024326236430766812,0.16798362135887146,-0.11219146847724915,-0.030807490904095403,0.14879965782165527,-0.1681596040725708,-0.03183646637594961,0.1551016867160797,-0.10165095329284668,0.007498573999640712,0.19531521201133728,-0.14529302716255188,-0.018479132537009946,0.16411396861076355,-0.10165280103683472,-0.032005471620919934,0.1429431140422821,-0.08265653252601624,-0.036542487774255505,0.12547659873962402,-0.1342237889766693,0.0044137235020969,0.16489869356155396,-0.18461206555366516,-0.02430783535933756,0.13206028938293457,-0.12101230025291443,-0.03174146029746794,0.11451590061187744,-0.10469409823417664,-0.027565013129475346,0.08901569247245789,-0.15655839443206787,-0.00355671064576768,0.11600923538208008,-0.1912604570388794,-0.03793488580382132,0.08976989984512329,-0.11670306324958801,-0.029942461732986203,0.07322072982788086,-0.09660652279853821,-0.013258104656102887,0.048329949378967285,-0.17498740553855896,-0.012498638104858628,0.0785432755947113,-0.20125532150268555,-0.030639811862471333,0.06729251146316528,-0.15028652548789978,-0.01655983131027483,0.05358469486236572,-0.133623868227005,0.00022259348074271657
B,0.0,0.0,0.0,0.06607469916343689,0.008506029844284058,-0.019644003752375738,0.139193594455719,-0.031402260065078735,-0.02466232554962744,0.17260611057281494,-0.10431140661239624,-0.030094659346843855,0.15437665581703186,-0.16179412603378296,-0.028944438714290754,0.16479194164276123,-0.0844801664352417,0.008026043493543966,0.2060699164867401,-0.13016924262046814,-0.018736254814768927,0.1708422303199768,-0.08465832471847534,-0.030995356309915678,0.15217801928520203,-0.06586211919784546,-0.03457186037650217,0.13537585735321045,-0.12046489119529724,0.005672397632395132,0.1756669282913208,-0.1714487075805664,-0.024174489471818106,0.13899517059326172,-0.10776543617248535,-0.029509032536054747,0.1231200098991394,-0.09295651316642761,-0.02340974697818865,0.09933426976203918,-0.14600488543510437,-0.0021483529542933866,0.125721275806427,-0.18304848670959473,-0.03625985646596064,0.09581837058067322,-0.11144900321960449,-0.02596745865395178,0.08130574226379395,-0.09448081254959106,-0.007804372273142235,0.059583693742752075,-0.16810324788093567,-0.01119493080278744,0.0865057110786438,-0.1929139792919159,-0.02730742694785704,0.07240545749664307,-0.14587488770484924,-0.012305723894144194,0.059950023889541626,-0.13391375541687012,0.0047503100524295405
B,0.0,0.0,0.0,0.06071363389492035,0.010566949844360352,-0.024655615158792443,0.13727138936519623,-0.025166422128677368,-0.031176048510189958,0.17364995181560516,-0.0947844386100769,-0.03649176209461302,0.1614779382944107,-0.1540355086326599,-0.03340038209449858,0.17035908997058868,-0.07825380563735962,0.003515187471691661,0.21198667585849762,-0.12475880980491638,-0.02562765888166041,0.16963841021060944,-0.07775729894638062,-0.037412124865170426,0.1536075919866562,-0.06072455644607544,-0.04032945185196013,0.14186327159404755,-0.11600643396377563,0.003238192347396307,0.18227551877498627,-0.1641407012939453,-0.02839085570764155,0.13826631009578705,-0.09980383515357971,-0.031008810915466256,0.1267031580209732,-0.08845993876457214,-0.022525404759164758,0.10689164698123932,-0.14387649297714233,-0.0034789612446388674,0.13191910088062286,-0.18033701181411743,-0.0385943755437097,0.09594886004924774,-0.10900458693504333,-0.025232519202347703,0.0870930403470993,-0.09518209099769592,-0.004917912830080695,0.06921033561229706,-0.16768258810043335,-0.012081788100715585,0.09181354939937592,-0.19070297479629517,-0.027921063073392816,0.07224719226360321,-0.14349696040153503,-0.011606735356565423,0.062279537320137024,-0.13431033492088318,0.0064201069134810496
B,0.0,0.0,0.0,0.058411404490470886,0.014427870512008667,-0.026856948418128468,0.13834531605243683,-0.015523910522460938,-0.0350143935359597,0.17314408719539642,-0.09189292788505554,-0.041451330093252636,0.16258583962917328,-0.15209010243415833,-0.038861534354794,0.17396686971187592,-0.06861001253128052,-0.00012398372956567982,0.22138611972332,-0.11928066611289978,-0.0307921811766505,0.17502392828464508,-0.07218080759048462,-0.04236202573548553,0.15901605784893036,-0.05218386650085449,-0.04493135845433471,0.14457909762859344,-0.10884824395179749,0.00026203179703543356,0.19150112569332123,-0.16116777062416077,-0.03190351536642311,0.14372237026691437,-0.09906885027885437,-0.03312651327024696,0.13248945772647858,-0.08499428629875183,-0.023511799780237652,0.11017803847789764,-0.13850465416908264,-0.0060570619828581584,0.13841472566127777,-0.18005916476249695,-0.04004266372095344,0.10015751421451569,-0.1112113893032074,-0.02436760513256786,0.0922652930021286,-0.09454464912414551,-0.003020212782132603,0.07330326735973358,-0.16460007429122925,-0.014747733978140332,0.09809710085391998,-0.1928918957710266,-0.029149594513285138,0.07711507380008698,-0.14617279171943665,-0.01159836145262716,0.06798519194126129,-0.1330145299434662,0.006891112512391828
B,0.0,0.0,0.0,0.05877611041069031,0.013200461864471436,-0.029454719075630464,0.13916605710983276,-0.01126939058303833,-0.039781261035869875,0.17351871728897095,-0.08865898847579956,-0.047938994863699236,0.16326415538787842,-0.15342175960540771,-0.04619738067097501,0.1788536012172699,-0.06592479348182678,-0.00432238381884531,0.22861409187316895,-0.12055140733718872,-0.03902315700955228,0.1781335473060608,-0.07147768139839172,-0.0529434790701373,0.16062408685684204,-0.050197482109069824,-0.0562156474084361,0.14873522520065308,-0.10711261630058289,-0.003288019714574375,0.19669699668884277,-0.15899744629859924,-0.03838432187743024,0.14415818452835083,-0.09459510445594788,-0.04039823243923024,0.13314244151115417,-0.08210617303848267,-0.030804319107602396,0.11419004201889038,-0.13832679390907288,-0.009352179044554987,0.14262539148330688,-0.18112504482269287,-0.04569553191370801,0.10101723670959473,-0.11051467061042786,-0.029968522289465227,0.09388083219528198,-0.09323310852050781,-0.007861790047655859,0.07728219032287598,-0.16635212302207947,-0.017970366203854837,0.10150903463363647,-0.19433742761611938,-0.032637383589218416,0.07991498708724976,-0.14811718463897705,-0.014606771791051187,0.07114404439926147,-0.1347617208957672,0.00460106387205883
B,0.0,0.0,0.0,0.06133675575256348,0.012904882431030273,-0.027993811177026373,0.13993048667907715,-0.01113516092300415,-0.03861204336763535,0.1764320731163025,-0.08580750226974487,-0.04779009323002015,0.1668417751789093,-0.15294909477233887,-0.047548016415845495,0.18380892276763916,-0.06380605697631836,-0.002165891112696272,0.23235946893692017,-0.11339738965034485,-0.03769643034220849,0.18294379115104675,-0.06597822904586792,-0.05326249624968682,0.16436085104942322,-0.045525580644607544,-0.05746013473154221,0.15419694781303406,-0.10746976733207703,-0.002286166766594988,0.2021898627281189,-0.15657901763916016,-0.03820918302417908,0.15033647418022156,-0.09482350945472717,-0.04198039125085984,0.1377381682395935,-0.08316376805305481,-0.03370322461606179,0.11972442269325256,-0.1406700313091278,-0.009443660149287325,0.1491296887397766,-0.1811492145061493,-0.04636278550506745,0.10738855600357056,-0.1126733124256134,-0.03206028591276322,0.0985887348651886,-0.09672397375106812,-0.010973083669256312,0.08263024687767029,-0.16989678144454956,-0.019044097395550352,0.1078425943851471,-0.19493362307548523,-0.034009588764917,0.08592796325683594,-0.1495901346206665,-0.01647847320319329,0.07642510533332825,-0.13713482022285461,0.0023815719187894047
B,0.0,0.0,0.0,0.06020712852478027,0.015692830085754395,-0.029447291494392402,0.1405152678489685,-0.003798067569732666,-0.03987776346602345,0.17436230182647705,-0.0824384093284607,-0.04804565988578702,0.16369840502738953,-0.15024685859680176,-0.04633037977018262,0.1823258101940155,-0.05564269423484802,-0.005244017095350273,0.2342972755432129,-0.1102093756198883,-0.041666837857150085,0.18245306611061096,-0.0654415488243103,-0.05700846620001698,0.163230299949646,-0.04437151551246643,-0.06069277457990552,0.15276244282722473,-0.10074302554130554,-0.004592156020038374,0.20319080352783203,-0.15328633785247803,-0.04061268873610402,0.14853587746620178,-0.09300824999809265,-0.043611245677851684,0.13617494702339172,-0.08035716414451599,-0.03459329016604329,0.12001180648803711,-0.13614067435264587,-0.011085908376657017,0.14898043870925903,-0.18084383010864258,-0.04817120589413548,0.10560518503189087,-0.11376109719276428,-0.03352982036867047,0.0984015166759491,-0.09657168388366699,-0.012055668496572025,0.0848844051361084,-0.1685396432876587,-0.02013456679978276,0.11064532399177551,-0.19906085729599,-0.03510966755547429,0.0871458649635315,-0.15393951535224915,-0.01701542966165448,0.07657533884048462,-0.1394944190979004,0.0023534645037273094
B,0.0,0.0,0.0,0.062218233942985535,0.018978238105773926,-0.02832742846533165,0.1392340511083603,0.002989053726196289,-0.03927382334097729,0.16835354268550873,-0.07579627633094788,-0.04863313837870464,0.15758942067623138,-0.14588141441345215,-0.04903152092322216,0.18171639740467072,-0.05099514126777649,-0.007315061250324106,0.23575936257839203,-0.10309940576553345,-0.045100531270350075,0.18599461019039154,-0.05928546190261841,-0.06107939659580097,0.16310833394527435,-0.03483647108078003,-0.06418355806692944,0.1515582948923111,-0.09645262360572815,-0.00756754838823781,0.20347802340984344,-0.14862129092216492,-0.04444255559667454,0.14976294338703156,-0.09063151478767395,-0.048871728321159935,0.13380853831768036,-0.07434266805648804,-0.04070963962897167,0.11937867105007172,-0.13348132371902466,-0.01472834656908617,0.14960457384586334,-0.17672988772392273,-0.053278541853273964,0.10692624747753143,-0.11112520098686218,-0.041221334328497505,0.09624020755290985,-0.09065961837768555,-0.02079348332210884,0.08441634476184845,-0.16749542951583862,-0.02412125906869278,0.11364464461803436,-0.19919654726982117,-0.040466821482027626,0.0907847136259079,-0.15391391515731812,-0.023456665416802025,0.07651494443416595,-0.13645604252815247,-0.004289310155058956
B,0.0,0.0,0.0,0.06149236857891083,0.021681100130081177,-0.02869954565005628,0.13667170703411102,0.01187393069267273,-0.04157405951457349,0.1677849143743515,-0.0596047043800354,-0.0525703006370577,0.15526722371578217,-0.12861916422843933,-0.055193780450395025,0.1816236525774002,-0.05013304948806763,-0.011962825892737783,0.2339184433221817,-0.09983530640602112,-0.04628568002419797,0.18284060060977936,-0.05774316191673279,-0.06077603855567304,0.16346444189548492,-0.03880169987678528,-0.06494200089412061,0.15240131318569183,-0.09645134210586548,-0.012120716734102643,0.20255635678768158,-0.1476556956768036,-0.046774024604133047,0.1500024050474167,-0.0911557674407959,-0.05054749780731527,0.13622047007083893,-0.07810983061790466,-0.043522449670604146,0.11922730505466461,-0.13356652855873108,-0.01825444446342317,0.1466756910085678,-0.17588016390800476,-0.05410335072713224,0.10606156289577484,-0.11214548349380493,-0.041027470020821966,0.09664283692836761,-0.09391561150550842,-0.021629779128602422,0.08369748294353485,-0.16761654615402222,-0.026625143824389852,0.1103946715593338,-0.19931480288505554,-0.0421606549008402,0.08864615857601166,-0.15475764870643616,-0.024722094176581777,0.07564486563205719,-0.13746029138565063,-0.006132308854034818
B,0.0,0.0,0.0,0.059634968638420105,0.025499701499938965,-0.02857635505282019,0.1313001662492752,0.02143043279647827,-0.043381416795483574,0.16017334163188934,-0.04801750183105469,-0.05654647350095843,0.1487513929605484,-0.1172674298286438,-0.062342566994658455,0.17853476107120514,-0.050315916538238525,-0.017020038885704025,0.23059003055095673,-0.09563475847244263,-0.05100694820069407,0.18035046756267548,-0.05420851707458496,-0.06559189930342768,0.15811042487621307,-0.03785303235054016,-0.07020761593960856,0.14815299212932587,-0.09751081466674805,-0.01746393702708815,0.19728262722492218,-0.14443209767341614,-0.05317297354125117,0.14636747539043427,-0.08676344156265259,-0.05853780507825945,0.13066108524799347,-0.07270729541778564,-0.0530835293211851,0.11366225779056549,-0.13437426090240479,-0.023102411625615105,0.14106638729572296,-0.1706651747226715,-0.0597937606253538,0.10209901630878448,-0.10616308450698853,-0.04808491244696711,0.0904596596956253,-0.08795249462127686,-0.029927134139171585,0.07616101205348969,-0.167988121509552,-0.030687439812055572,0.10459671914577484,-0.19345572590827942,-0.04764224365138148,0.0832185298204422,-0.1473923921585083,-0.031166342643729195,0.0694674700498581,-0.13018423318862915,-0.013361759109130844
B,0.0,0.0,0.0,0.0570145845413208,0.02730870246887207,-0.03796730967260942,0.12962555885314941,0.026410400867462158,-0.05717949600912675,0.15787827968597412,-0.04474112391471863,-0.07299323039151773,0.1461619734764099,-0.11714929342269897,-0.08021402763225183,0.18804582953453064,-0.060214340686798096,-0.020313700977936833,0.22668606042861938,-0.10193425416946411,-0.05871926279760942,0.1739252805709839,-0.05478566884994507,-0.07603449033595666,0.1566820740699768,-0.03914108872413635,-0.08238017218209848,0.1556665003299713,-0.10936233401298523,-0.017179033104554264,0.19098177552223206,-0.14755406975746155,-0.058908354807869046,0.13936495780944824,-0.08277192711830139,-0.06602176683045968,0.13059434294700623,-0.07208368182182312,-0.060484178681150524,0.11838671565055847,-0.14630728960037231,-0.020787703190222828,0.1332472860813141,-0.17287325859069824,-0.06383915649749383,0.09495633840560913,-0.10450595617294312,-0.053713027704731076,0.0910891592502594,-0.09141379594802856,-0.035420239288583844,0.07850176095962524,-0.179142028093338,-0.027087960709110348,0.09594833850860596,-0.19061148166656494,-0.048859086204544155,0.07349640130996704,-0.14278274774551392,-0.035349123496786206,0.06599852442741394,-0.13161104917526245,-0.018593067620173542
B,0.0,0.0,0.0,0.057583004236221313,0.03071993589401245,-0.041416147972370254,0.12778866291046143,0.03191763162612915,-0.061515750612045395,0.15207871794700623,-0.03728577494621277,-0.07743116306784259,0.1370733380317688,-0.10789105296134949,-0.08479040699722873,0.1872318685054779,-0.06224951148033142,-0.024984106670046913,0.2205149233341217,-0.10141202807426453,-0.06327056723358737,0.16740286350250244,-0.050958991050720215,-0.08013744490864383,0.15232649445533752,-0.03464582562446594,-0.08655921953442203,0.1562713384628296,-0.11274424195289612,-0.01938113595070945,0.17976310849189758,-0.14582529664039612,-0.06149359258535014,0.12808799743652344,-0.07804933190345764,-0.06772276597740756,0.12218654155731201,-0.06629237532615662,-0.06221283810856448,0.11978375911712646,-0.1506795883178711,-0.02076341050388919,0.1265069842338562,-0.17337757349014282,-0.06296087640049564,0.08914226293563843,-0.10366803407669067,-0.0524161665392171,0.08726316690444946,-0.08763405680656433,-0.034612225617195236,0.08068504929542542,-0.18447741866111755,-0.02528633202138053,0.090370774269104,-0.19245538115501404,-0.046533486123109924,0.06859862804412842,-0.14306870102882385,-0.034238679583097564,0.06318935751914978,-0.12906414270401,-0.0186550079536687
B,0.0,0.0,0.0,0.056257814168930054,0.02885037660598755,-0.03981996468897364,0.1270809769630432,0.029653310775756836,-0.059891389232831216,0.15038004517555237,-0.03830555081367493,-0.07590777568216822,0.13278457522392273,-0.10928797721862793,-0.08369864664669535,0.1910727322101593,-0.0722503662109375,-0.024795591381149507,0.21757912635803223,-0.1037319004535675,-0.062305090498881555,0.16462329030036926,-0.0511285662651062,-0.07959071688051722,0.15202230215072632,-0.03776249289512634,-0.08760075412388346,0.16104933619499207,-0.12497633695602417,-0.021121933606224275,0.1781626045703888,-0.14755994081497192,-0.060657066774325585,0.12773889303207397,-0.08132484555244446,-0.06699437044258616,0.12455254793167114,-0.07672548294067383,-0.06326829783316157,0.12288984656333923,-0.1621909737586975,-0.02419111646409533,0.12393057346343994,-0.17172831296920776,-0.06326925895805857,0.08749708533287048,-0.10339051485061646,-0.05243903167243502,0.08840078115463257,-0.09547102451324463,-0.036733245027022576,0.081179678440094,-0.19266587495803833,-0.030636153665142274,0.08272889256477356,-0.18711858987808228,-0.05024370319839022,0.06198573112487793,-0.13719800114631653,-0.03849362350698016,0.06108453869819641,-0.1291658878326416,-0.024692445543365693
B,0.0,0.0,0.0,0.055398136377334595,0.030452191829681396,-0.04159756131647896,0.12610533833503723,0.031521499156951904,-0.06251160927294563,0.14714092016220093,-0.035745471715927124,-0.07862052448271584,0.12968593835830688,-0.10573014616966248,-0.086074167268265,0.19755586981773376,-0.07775628566741943,-0.025867947714317552,0.21198108792304993,-0.10181465744972229,-0.0656363455223925,0.15910491347312927,-0.04822859168052673,-0.08414952583788704,0.1491336226463318,-0.0369146466255188,-0.09305948890923332,0.1697019636631012,-0.13427352905273438,-0.022031630726445428,0.17044535279273987,-0.14288866519927979,-0.06316857911824059,0.12036219239234924,-0.07544121146202087,-0.06944012023686241,0.12077128887176514,-0.07295620441436768,-0.06526558228014778,0.13083985447883606,-0.1726657748222351,-0.025620776565659753,0.11474266648292542,-0.16450229287147522,-0.06613224126576256,0.08039921522140503,-0.09642291069030762,-0.056905282067049257,0.08730873465538025,-0.09222573041915894,-0.042260141448963395,0.08874866366386414,-0.2015760838985443,-0.03302618615506958,0.07291734218597412,-0.17768752574920654,-0.05461795754908394,0.0522095263004303,-0.12568846344947815,-0.0462894191610701,0.057683080434799194,-0.12156876921653748,-0.03459625072954964
B,0.0,0.0,0.0,0.05464687943458557,0.03153553605079651,-0.04138055261825002,0.1230115294456482,0.03433671593666077,-0.06274251457904256,0.13647770881652832,-0.037459611892700195,-0.07901391950105108,0.11663535237312317,-0.10913091897964478,-0.08706423458312429,0.19308900833129883,-0.07495537400245667,-0.029544059230431685,0.19878369569778442,-0.10502395033836365,-0.06902845766995824,0.1474122703075409,-0.048784464597702026,-0.08746731844399847,0.14011138677597046,-0.029485225677490234,-0.09635151740764059,0.16300421953201294,-0.13183945417404175,-0.025703294245943198,0.16027089953422546,-0.14728280901908875,-0.06612472054217733,0.11106482148170471,-0.07954105734825134,-0.07096156295989431,0.11087912321090698,-0.06958556175231934,-0.06619640257810033,0.12441706657409668,-0.16963082551956177,-0.028905058322891364,0.11034959554672241,-0.17206022143363953,-0.0685945209548322,0.07500270009040833,-0.10433939099311829,-0.056502005128606925,0.07975992560386658,-0.09310439229011536,-0.040076741991981635,0.08273637294769287,-0.19869005680084229,-0.03581790816639341,0.07125076651573181,-0.18612167239189148,-0.057236073581918845,0.050002098083496094,-0.13472852110862732,-0.04645642828796781,0.05419933795928955,-0.12522363662719727,-0.03273666840647138
B,0.0,0.0,0.0,0.051771923899650574,0.03358101844787598,-0.04272791304583734,0.11889992654323578,0.03774309158325195,-0.06433779307599252,0.13062910735607147,-0.03243318200111389,-0.07994094052310174,0.11156924068927765,-0.10200467705726624,-0.08726168730254358,0.19583480060100555,-0.08018553256988525,-0.031056941756560263,0.1927274912595749,-0.09710079431533813,-0.07120263137812799,0.14286594092845917,-0.04131603240966797,-0.09049966492648309,0.13645975291728973,-0.027452677488327026,-0.10016991504426187,0.1673174351453781,-0.1396004557609558,-0.02663136579985803,0.1523018330335617,-0.13965526223182678,-0.06636421688790506,0.1056315153837204,-0.07201242446899414,-0.07199673660988992,0.10756216943264008,-0.06633704900741577,-0.0680479214429397,0.12754617631435394,-0.1764523983001709,-0.02945913308258241,0.09714870154857635,-0.15757176280021667,-0.06786889889235681,0.06674782931804657,-0.09254664182662964,-0.05915748261804765,0.07618500292301178,-0.0886886715888977,-0.045841808700515685,0.08470670878887177,-0.20165687799453735,-0.03636832096572107,0.058139368891716,-0.16993951797485352,-0.05804281615610307,0.04007561504840851,-0.11914902925491333,-0.051504730516626296,0.04936324059963226,-0.1156981885433197,-0.041255503231241164
B,0.0,0.0,0.0,0.04917319118976593,0.034822434186935425,-0.04693606008427764,0.11607547104358673,0.03824236989021301,-0.07009856287973548,0.12820158898830414,-0.032785624265670776,-0.08602803085582877,0.109511598944664,-0.10342583060264587,-0.09314276908176566,0.1935112029314041,-0.07895165681838989,-0.0348611239029708,0.18838585913181305,-0.09245866537094116,-0.07663434628980781,0.1398976594209671,-0.03837963938713074,-0.09671380255954887,0.13645248115062714,-0.02870190143585205,-0.1072282556130233,0.1655649095773697,-0.1390722692012787,-0.028693330256515992,0.14922364056110382,-0.13689514994621277,-0.06993777935045387,0.10354341566562653,-0.07000929117202759,-0.07577170316713477,0.1089937835931778,-0.06756773591041565,-0.0719533104135337,0.12566153705120087,-0.17638638615608215,-0.030361740632230294,0.09433956444263458,-0.15483525395393372,-0.07008891437786247,0.06480570137500763,-0.09073755145072937,-0.06166276593344833,0.07788260281085968,-0.09059059619903564,-0.048758900506669534,0.08300675451755524,-0.20198556780815125,-0.036521035028869164,0.05329595506191254,-0.166062593460083,-0.059409267051393044,0.03666277229785919,-0.1169118881225586,-0.05448996533291961,0.049116894602775574,-0.11725008487701416,-0.04568329711096908
B,0.0,0.0,0.0,0.04712705314159393,0.0340329110622406,-0.04914744092040735,0.11345712840557098,0.036927372217178345,-0.07363610608392435,0.126250758767128,-0.036645591259002686,-0.09067264092975336,0.10842008888721466,-0.1078777015209198,-0.09864979131036478,0.18972475826740265,-0.07462382316589355,-0.03589510811382013,0.19243265688419342,-0.09720316529273987,-0.07911867542081552,0.14464588463306427,-0.044754236936569214,-0.09912086916976648,0.13811631500720978,-0.03374761343002319,-0.10866913093143182,0.1630488783121109,-0.13515517115592957,-0.028000074307257705,0.1524754911661148,-0.14021500945091248,-0.07103491468244272,0.10673089325428009,-0.07389354705810547,-0.07711072159820276,0.11029241979122162,-0.07035678625106812,-0.07228057725244241,0.12460677325725555,-0.17404857277870178,-0.028332807923490577,0.09472481906414032,-0.15598297119140625,-0.06925668461137491,0.06574632227420807,-0.09238594770431519,-0.06175127146654802,0.07800059020519257,-0.09118497371673584,-0.04860654367023187,0.08236648142337799,-0.20215949416160583,-0.03328426075988489,0.052169010043144226,-0.16716840863227844,-0.056789173613125854,0.036156490445137024,-0.11885824799537659,-0.053096107075745635,0.04860760271549225,-0.11973902583122253,-0.044760524163777404
B,0.0,0.0,0.0,0.047769054770469666,0.032730698585510254,-0.0464189441748033,0.11592181026935577,0.0327872633934021,-0.06904858889654975,0.13082008063793182,-0.04028138518333435,-0.08488324823454718,0.1142454594373703,-0.11248230934143066,-0.0918213406451116,0.19103635847568512,-0.07890716195106506,-0.03246640207842688,0.19581831991672516,-0.09862607717514038,-0.07464416118935446,0.14684690535068512,-0.046662360429763794,-0.09415150227621893,0.13964010775089264,-0.03772649168968201,-0.10356353017166953,0.1636398881673813,-0.1380223035812378,-0.026097394327081247,0.15628524124622345,-0.14177870750427246,-0.06836516949013571,0.10949505865573883,-0.0758507251739502,-0.07438906821087699,0.11163480579853058,-0.07368817925453186,-0.06960004361943106,0.12456981837749481,-0.17567694187164307,-0.027751650462306543,0.09721337258815765,-0.15631836652755737,-0.0687040516980062,0.0673045665025711,-0.09218594431877136,-0.06117282974199156,0.07786034047603607,-0.09225711226463318,-0.04784488471821646,0.08200354874134064,-0.20209982991218567,-0.03375423120931487,0.054557397961616516,-0.16644638776779175,-0.05743087249473433,0.03775383532047272,-0.11706563830375671,-0.05321908908561568,0.048574432730674744,-0.11844423413276672,-0.04437009784058432
B,0.0,0.0,0.0,0.05021566152572632,0.03204187750816345,-0.04503422900583587,0.11774227023124695,0.032809942960739136,-0.06666815578486762,0.1311614215373993,-0.038371741771698,-0.08182619809653602,0.11367812752723694,-0.10839980840682983,-0.08838117420222602,0.19211819767951965,-0.07855686545372009,-0.030541238556764938,0.19393935799598694,-0.09703752398490906,-0.07165070175673804,0.1456092894077301,-0.04495617747306824,-0.09104813932921729,0.13982191681861877,-0.03486397862434387,-0.10087750404622398,0.1645013391971588,-0.13751065731048584,-0.025052470336817123,0.15580660104751587,-0.13991981744766235,-0.06721085607554755,0.10878774523735046,-0.0739254355430603,-0.07406276762034736,0.11113405227661133,-0.07092618942260742,-0.0699820399239286,0.1250114142894745,-0.17529675364494324,-0.027343756701014854,0.09735515713691711,-0.15653866529464722,-0.06863023638274512,0.06703466176986694,-0.09166544675827026,-0.061751357461474754,0.0780583918094635,-0.09069591760635376,-0.04886340647485099,0.08184796571731567,-0.20157551765441895,-0.03376309498693786,0.05403333902359009,-0.1672925055027008,-0.057664468134902336,0.037153810262680054,-0.11635220050811768,-0.05330351292636237,0.048431336879730225,-0.11539950966835022,-0.04440091475393615
B,0.0,0.0,0.0,0.047432512044906616,0.03296846151351929,-0.047490548069447414,0.11575531959533691,0.035655200481414795,-0.07027856605765237,0.13156262040138245,-0.03398141264915466,-0.08615494119641198,0.11330196261405945,-0.10533010959625244,-0.09318694072482003,0.1921113133430481,-0.07698586583137512,-0.03194809305188073,0.19449010491371155,-0.09228414297103882,-0.07390230494257821,0.14443659782409668,-0.04231253266334534,-0.09387932317969216,0.13794934749603271,-0.035225242376327515,-0.1041658406209649,0.16505402326583862,-0.13617724180221558,-0.025762393797606364,0.15646639466285706,-0.13707131147384644,-0.06882400410887612,0.10919803380966187,-0.07335802912712097,-0.07627668576952829,0.11221078038215637,-0.07164782285690308,-0.07253697114703073,0.1256994903087616,-0.17390266060829163,-0.027705132688254253,0.09748402237892151,-0.153446227312088,-0.06986879157540216,0.06694161891937256,-0.09072452783584595,-0.06381877856966867,0.07858577370643616,-0.0922631323337555,-0.051442883635729686,0.08284130692481995,-0.20014894008636475,-0.03406425910708322,0.05401921272277832,-0.16351628303527832,-0.058760273928612605,0.036744147539138794,-0.11504819989204407,-0.05564982044217004,0.04831317067146301,-0.11785691976547241,-0.04773794087287797
B,0.0,0.0,0.0,0.04713115096092224,0.033731549978256226,-0.052931963460622455,0.11313799023628235,0.03558233380317688,-0.0792731372584683,0.12976756691932678,-0.034560561180114746,-0.0976953385342938,0.11273849010467529,-0.1076606810092926,-0.10705077927011075,0.19381850957870483,-0.0748729407787323,-0.038495670067248966,0.1908639371395111,-0.0929514467716217,-0.08334411959546628,0.14281752705574036,-0.04330796003341675,-0.10522362868684354,0.13771209120750427,-0.034282296895980835,-0.1162434695233685,0.16639924049377441,-0.134996235370636,-0.029715445818482067,0.149969220161438,-0.137355238199234,-0.07564064394134107,0.10458487272262573,-0.07263290882110596,-0.08400985877412381,0.10970336198806763,-0.07001203298568726,-0.08048937748569074,0.12665680050849915,-0.17383673787117004,-0.029519314872203495,0.09345465898513794,-0.15438717603683472,-0.0738586736788136,0.06436008214950562,-0.09128439426422119,-0.06852932553189817,0.07766291499137878,-0.09161636233329773,-0.056176348583875324,0.08413422107696533,-0.20165902376174927,-0.03417882974642339,0.05246350169181824,-0.16655614972114563,-0.060224453913150455,0.035930335521698,-0.11798426508903503,-0.05822750832336965,0.04900699853897095,-0.11908033490180969,-0.050749062555013325
B,0.0,0.0,0.0,0.048194631934165955,0.03425365686416626,-0.04861355610765372,0.11461572349071503,0.03684508800506592,-0.07215854563392554,0.1285897046327591,-0.034770578145980835,-0.08828568496383582,0.11164127290248871,-0.10609123110771179,-0.09552478083051597,0.19255633652210236,-0.07361328601837158,-0.03449234776772414,0.19172067940235138,-0.09220641851425171,-0.07666319646514808,0.14344526827335358,-0.043117672204971313,-0.09670848437227164,0.1385544389486313,-0.034609049558639526,-0.10694283284820472,0.1657029539346695,-0.13329610228538513,-0.027282663067950352,0.1533290296792984,-0.13616034388542175,-0.07028716095365439,0.10666237771511078,-0.07229414582252502,-0.07732644714988623,0.11085660755634308,-0.06960535049438477,-0.07346704640067969,0.12664879858493805,-0.17196562886238098,-0.02813948542453204,0.0961075872182846,-0.15389078855514526,-0.07028113343395148,0.06533797085285187,-0.0907796323299408,-0.06370220371164237,0.07784943282604218,-0.09034106135368347,-0.05100880601085578,0.08436723053455353,-0.1995457112789154,-0.03343776651300345,0.054343149065971375,-0.16667455434799194,-0.058021244039906605,0.036735787987709045,-0.11801344156265259,-0.05445475169099723,0.04884238541126251,-0.1186942458152771,-0.046155456831826314
B,0.0,0.0,0.0,0.048277780413627625,0.0346280038356781,-0.04960876419958993,0.1145443469285965,0.03829357028007507,-0.07335220366535111,0.1295853704214096,-0.03293618559837341,-0.0894778603297226,0.11236433684825897,-0.10488873720169067,-0.09678481608447953,0.19304682314395905,-0.07146099209785461,-0.034884859768723686,0.19129271805286407,-0.092325359582901,-0.07679130971250459,0.1434495896100998,-0.042706578969955444,-0.09702889710483475,0.13936637341976166,-0.032020360231399536,-0.10726489215907975,0.16692675650119781,-0.13099640607833862,-0.027004810942386825,0.1523754745721817,-0.1356750726699829,-0.06945329248723908,0.10677878558635712,-0.07246765494346619,-0.07670323639926835,0.1111539751291275,-0.06816262006759644,-0.07302092850027009,0.1281895786523819,-0.1701667606830597,-0.027265910951470573,0.09640540182590485,-0.15370747447013855,-0.06906309813079758,0.06608591973781586,-0.09064829349517822,-0.0630082273465149,0.07862068712711334,-0.0879925787448883,-0.0505434916895382,0.08609558641910553,-0.19866853952407837,-0.03206105992016717,0.05615396797657013,-0.1677183210849762,-0.056288727520083626,0.03885720670223236,-0.11805981397628784,-0.05269275322375222,0.05055038630962372,-0.11532393097877502,-0.04423083454189225
B,0.0,0.0,0.0,0.04764881730079651,0.0332258939743042,-0.04811059767226311,0.11280965805053711,0.03557014465332031,-0.07098968783239457,0.12839370965957642,-0.03544154763221741,-0.0865545467458162,0.11498698592185974,-0.10680010914802551,-0.0932071180067453,0.19094198942184448,-0.06984800100326538,-0.03376843491415116,0.1930045485496521,-0.09488016366958618,-0.0746788428149614,0.14437896013259888,-0.04474416375160217,-0.09345499882320496,0.1402055323123932,-0.03337740898132324,-0.10267916777948471,0.16515138745307922,-0.12792450189590454,-0.026197248043814625,0.15634357929229736,-0.13796043395996094,-0.06884584287027451,0.10814058780670166,-0.0732489824295044,-0.07505176672557923,0.11158087849617004,-0.06704714894294739,-0.07015582630256745,0.12718185782432556,-0.16706275939941406,-0.026537471356192555,0.09941771626472473,-0.1559111475944519,-0.06870665857414338,0.06685152649879456,-0.09131401777267456,-0.061284058632651295,0.07865512371063232,-0.08590498566627502,-0.047376927825013126,0.08520784974098206,-0.19628798961639404,-0.031172537150183643,0.057314157485961914,-0.16920509934425354,-0.05581648358921143,0.03926366567611694,-0.11825311183929443,-0.0513689861617479,0.050925105810165405,-0.11278411746025085,-0.04197458261469933
B,0.0,0.0,0.0,0.04745610058307648,0.032901376485824585,-0.05193260481152606,0.11489801108837128,0.03401586413383484,-0.07671478559765887,0.129811629652977,-0.0417998731136322,-0.0933002846458919,0.11466340720653534,-0.11582055687904358,-0.10055302997622562,0.19342456758022308,-0.0695330798625946,-0.03830075060520244,0.19329164922237396,-0.09741726517677307,-0.08078416605982852,0.14360488951206207,-0.04410460591316223,-0.10012877901587558,0.14045102894306183,-0.031121283769607544,-0.10964328219685626,0.16564412415027618,-0.12657701969146729,-0.029240140519476654,0.1539144665002823,-0.14036273956298828,-0.07358250191006732,0.10477010905742645,-0.071475088596344,-0.07943306287322116,0.10997520387172699,-0.06608361005783081,-0.07428774406704974,0.12660302221775055,-0.1648343801498413,-0.02837863733563495,0.1001187413930893,-0.15986943244934082,-0.07178998907599521,0.06639663875102997,-0.09253683686256409,-0.06212297996077609,0.0791429728269577,-0.08769860863685608,-0.04677998443636966,0.08421649038791656,-0.1948065459728241,-0.032054828307963135,0.059346720576286316,-0.1732412874698639,-0.05658682604823184,0.04034624993801117,-0.12100797891616821,-0.049717167220450165,0.05160348117351532,-0.11549919843673706,-0.03862987627778125
B,0.0,0.0,0.0,0.0501713752746582,0.024983584880828857,-0.04589721622325271,0.11390447616577148,0.01790386438369751,-0.06988123493648857,0.1302003264427185,-0.05638715624809265,-0.08772511469580024,0.11642652750015259,-0.12854036688804626,-0.09724441605068534,0.18707019090652466,-0.07750838994979858,-0.03170891913033813,0.194769024848938,-0.10965526103973389,-0.07342900025106758,0.14773163199424744,-0.05630841851234436,-0.09324264215685218,0.13992121815681458,-0.04045391082763672,-0.10245500194288581,0.15497645735740662,-0.12944242358207703,-0.025753593690765797,0.16025716066360474,-0.15549778938293457,-0.07125295387960762,0.11155304312705994,-0.08791309595108032,-0.0790645300076136,0.1088835597038269,-0.0800660252571106,-0.07425619351126045,0.11485350131988525,-0.16511279344558716,-0.027274663247240483,0.10458722710609436,-0.17240485548973083,-0.07225769447542518,0.07174301147460938,-0.10420674085617065,-0.06317792522169441,0.07756426930427551,-0.09539836645126343,-0.04673476206518501,0.07166379690170288,-0.19239985942840576,-0.03233875396109909,0.06421405076980591,-0.18510979413986206,-0.05725307824469894,0.04549264907836914,-0.13556325435638428,-0.04846903371073097,0.05202215909957886,-0.1284337341785431,-0.035322774820102154
B,0.0,0.0,0.0,0.05463142693042755,0.013509571552276611,-0.036891792218128217,0.11740989983081818,-0.006598711013793945,-0.05603732938591577,0.12984274327754974,-0.08255350589752197,-0.07174423734370805,0.11128948628902435,-0.1495824158191681,-0.07971423516694642,0.1720762997865677,-0.08573043346405029,-0.020863414059320462,0.19262729585170746,-0.12917304039001465,-0.05841952959720231,0.1510746330022812,-0.07686474919319153,-0.07637536923114396,0.14027701318264008,-0.057408660650253296,-0.08396312991801835,0.13725118339061737,-0.12944296002388,-0.018904051060715688,0.15903334319591522,-0.1714593768119812,-0.06010801369968988,0.11604706943035126,-0.10291001200675964,-0.06767067710582353,0.10840259492397308,-0.08925607800483704,-0.06271542261067964,0.09699974954128265,-0.15893304347991943,-0.02369504074279405,0.10385529696941376,-0.18680384755134583,-0.06517424831811525,0.07560281455516815,-0.11789381504058838,-0.05636216724936105,0.07460801303386688,-0.10275059938430786,-0.039465926836172116,0.0532480925321579,-0.1819343864917755,-0.031162895510831845,0.06471480429172516,-0.19940650463104248,-0.05248900527779199,0.05206824839115143,-0.15326309204101562,-0.041023418555894864,0.05180014669895172,-0.13976335525512695,-0.026088593776265157
B,0.0,0.0,0.0,0.055592894554138184,0.009680986404418945,-0.03649292104060464,0.12201189994812012,-0.01813739538192749,-0.053418520466635755,0.1347043216228485,-0.09833046793937683,-0.06702112741882615,0.11240270733833313,-0.1627960503101349,-0.07191196419412904,0.1703592836856842,-0.08813542127609253,-0.016239922122309736,0.19155442714691162,-0.14858803153038025,-0.05525264106805139,0.15134340524673462,-0.0942530632019043,-0.07395611293728166,0.1399136781692505,-0.0685279369354248,-0.08072200752908998,0.13423141837120056,-0.1284765899181366,-0.014131405950735143,0.15724727511405945,-0.18419933319091797,-0.05803811885530763,0.11690598726272583,-0.1140497624874115,-0.0672738883655768,0.10874384641647339,-0.09689655900001526,-0.06122721321995073,0.09461277723312378,-0.1563945710659027,-0.019035597891758016,0.10207659006118774,-0.19451561570167542,-0.06251331009084993,0.07590138912200928,-0.12278303503990173,-0.054689023272345594,0.07566326856613159,-0.10502514243125916,-0.036311454699585965,0.05185723304748535,-0.177729070186615,-0.026675162465522817,0.06521576642990112,-0.19792312383651733,-0.04806492813045793,0.05294656753540039,-0.15085002779960632,-0.03626769743974023,0.05099362134933472,-0.13748133182525635,-0.019933901355813077
B,0.0,0.0,0.0,0.05489340424537659,0.004078775644302368,-0.032829471246941466,0.122592031955719,-0.03150168061256409,-0.04661247910712518,0.13824525475502014,-0.1117216944694519,-0.05734399737571039,0.1166047751903534,-0.17359581589698792,-0.05855437772129335,0.1660204529762268,-0.09358203411102295,-0.013933516421957393,0.192588210105896,-0.1616055965423584,-0.05204371394370355,0.15170720219612122,-0.10456770658493042,-0.06866285981391229,0.14111638069152832,-0.07928475737571716,-0.07370190353844919,0.12834355235099792,-0.12973174452781677,-0.013351901748819728,0.15424522757530212,-0.1891821324825287,-0.05318513916586198,0.11457052826881409,-0.11579325795173645,-0.05837472559665002,0.11058023571968079,-0.1026013195514679,-0.05070012094233789,0.08864817023277283,-0.15518417954444885,-0.0198789186194972,0.10047975182533264,-0.19730234146118164,-0.061985124217017074,0.07236972451210022,-0.12092345952987671,-0.050952773855669875,0.07427501678466797,-0.10574167966842651,-0.03091509112869062,0.04704517126083374,-0.17494595050811768,-0.028887521790011306,0.06233704090118408,-0.1999756395816803,-0.04824747176621713,0.04899019002914429,-0.14930301904678345,-0.03309379549477853,0.04570603370666504,-0.13636788725852966,-0.01494290245477714
B,0.0,0.0,0.0,0.05684502422809601,0.000663071870803833,-0.02879606237513599,0.12368990480899811,-0.04038262367248535,-0.0413040095369297,0.141010120511055,-0.12211835384368896,-0.05192235721153793,0.11911375820636749,-0.1807929277420044,-0.053062802682347865,0.15930621325969696,-0.09750661253929138,-0.008093959222264857,0.1943327933549881,-0.1640218198299408,-0.04527567563457069,0.15361423790454865,-0.10822519659996033,-0.061500547955461116,0.13966433703899384,-0.08229535818099976,-0.06613907454413948,0.12374182045459747,-0.1291487216949463,-0.00873076500249681,0.1560501605272293,-0.19217994809150696,-0.046325972805448146,0.11786992847919464,-0.122150719165802,-0.05036234347028312,0.11168058216571808,-0.10626980662345886,-0.04238015277189788,0.08555258810520172,-0.15125274658203125,-0.01643670400483188,0.10114960372447968,-0.19743451476097107,-0.055352638045974345,0.07455645501613617,-0.12371259927749634,-0.0431965724925476,0.0738799124956131,-0.10570698976516724,-0.023245679716296763,0.04610128700733185,-0.16842907667160034,-0.026541576291151614,0.06221948564052582,-0.1963961124420166,-0.04364668441814956,0.04898928105831146,-0.14684394001960754,-0.028327821324296565,0.04408352077007294,-0.1319291889667511,-0.010839834379680724
B,0.0,0.0,0.0,0.05719485878944397,-0.006437420845031738,-0.021991625454802488,0.1203644871711731,-0.051868945360183716,-0.03109806406177995,0.14071902632713318,-0.1300441026687622,-0.03970218266226766,0.11907351016998291,-0.1856999397277832,-0.03994847650506017,0.1514425277709961,-0.10536038875579834,-0.00013509357563634694,0.1902690827846527,-0.16850826144218445,-0.030156098332781767,0.1516607105731964,-0.11492869257926941,-0.044075487208147024,0.1376180350780487,-0.09366071224212646,-0.048992814522762274,0.11852425336837769,-0.13416370749473572,-0.0018683966748085368,0.15204796195030212,-0.19779616594314575,-0.031448109102029775,0.1173257827758789,-0.1310754418373108,-0.03478573079087255,0.11139887571334839,-0.11890274286270142,-0.028999652740139936,0.08128440380096436,-0.1526702642440796,-0.009467607390661215,0.10007262229919434,-0.20007115602493286,-0.039031947058219885,0.07710283994674683,-0.1311192512512207,-0.02647983844258306,0.07417470216751099,-0.1161879301071167,-0.009657098006982778,0.04328241944313049,-0.1667466163635254,-0.019131667938609098,0.06036412715911865,-0.1948643922805786,-0.03067941407539365,0.049280375242233276,-0.1489826738834381,-0.015186477479119276,0.043347835540771484,-0.13491535186767578,0.00039805937808523595
B,0.0,0.0,0.0,0.0609554648399353,-0.010662049055099487,-0.018408001027069076,0.11801937222480774,-0.058770835399627686,-0.025303396022877678,0.1392686367034912,-0.1332826018333435,-0.033050774223170265,0.12396794557571411,-0.183563232421875,-0.03368555251415728,0.14353492856025696,-0.11107003688812256,0.006397223939188734,0.1776094138622284,-0.17055663466453552,-0.02144303601141928,0.14313235878944397,-0.12423369288444519,-0.03468016404565333,0.13045862317085266,-0.10295373201370239,-0.039328503048977836,0.110110342502594,-0.1362401247024536,0.00392940351832749,0.14068585634231567,-0.19714367389678955,-0.02514992710109709,0.1094893217086792,-0.1361466944217682,-0.029848578012547478,0.10368287563323975,-0.1205521821975708,-0.024960809013805374,0.07430315017700195,-0.15177154541015625,-0.004191627352497562,0.09162753820419312,-0.19613423943519592,-0.033977149612269386,0.07036203145980835,-0.13106107711791992,-0.02366243731137274,0.06707948446273804,-0.1132778525352478,-0.00804622247721909,0.03801807761192322,-0.16248923540115356,-0.014072753115556225,0.05279576778411865,-0.18900766968727112,-0.026215414143166527,0.04367464780807495,-0.1436634063720703,-0.012853985278866276,0.04023796319961548,-0.12623009085655212,0.0013763369303205764
B,0.0,0.0,0.0,0.06477200984954834,-0.017704486846923828,-0.014248530142765503,0.11738091707229614,-0.06483995914459229,-0.01906812726036833,0.1371437907218933,-0.13461434841156006,-0.025774830714624386,0.12288719415664673,-0.18146899342536926,-0.026294655860226612,0.13694745302200317,-0.11383944749832153,0.01229268336220457,0.16701266169548035,-0.17048510909080505,-0.013732386515300732,0.13819870352745056,-0.12714457511901855,-0.026915900171559315,0.1258774697780609,-0.10423552989959717,-0.03134531876520441,0.10349282622337341,-0.13599887490272522,0.009087209827441711,0.12853851914405823,-0.19361931085586548,-0.0184865442521982,0.10234799981117249,-0.13441762328147888,-0.024386068568389874,0.09643682837486267,-0.116234689950943,-0.020662363380949955,0.06850427389144897,-0.14940553903579712,0.0005866584299951683,0.08442464470863342,-0.1922227442264557,-0.028398768738668423,0.06558692455291748,-0.12873420119285583,-0.019408689574163418,0.06090685725212097,-0.1084575355052948,-0.004512247391801338,0.032052114605903625,-0.1585618257522583,-0.009206707351665955,0.04641452431678772,-0.1867607831954956,-0.02105477242247389,0.039141714572906494,-0.14194941520690918,-0.008126896568398934,0.03573527932167053,-0.12247806787490845,0.006089532054204483
B,0.0,0.0,0.0,0.062195390462875366,-0.01945197582244873,-0.01608307517653884,0.11231118440628052,-0.06614822149276733,-0.021438926901282684,0.1329858899116516,-0.13193568587303162,-0.028372763167681114,0.12457805871963501,-0.1815190315246582,-0.02911602004951419,0.1313548982143402,-0.1175401508808136,0.013837340776262863,0.15816152095794678,-0.17145657539367676,-0.012935900572301762,0.1328577995300293,-0.13085514307022095,-0.026759779523672478,0.1189565658569336,-0.10774344205856323,-0.030718645523847954,0.09915775060653687,-0.13849005103111267,0.012638444569347485,0.12102317810058594,-0.19033873081207275,-0.014105708781244175,0.09660202264785767,-0.13007137179374695,-0.020204194333018677,0.0908534824848175,-0.11437281966209412,-0.016397377919020073,0.06481385231018066,-0.15143513679504395,0.0057026408840101794,0.07842203974723816,-0.18985581398010254,-0.02382899306303443,0.06094446778297424,-0.12590503692626953,-0.01565963260418357,0.055949777364730835,-0.1078614592552185,-0.0009566122671458288,0.02839982509613037,-0.16072696447372437,-0.002495124447705166,0.04225289821624756,-0.18627065420150757,-0.015365762147666828,0.03523993492126465,-0.14111948013305664,-0.002912280359851138,0.031220749020576477,-0.12295973300933838,0.011543497931597813
B,0.0,0.0,0.0,0.0632236897945404,-0.01978325843811035,-0.013096884643601925,0.11137637495994568,-0.06807595491409302,-0.01731323712127164,0.12691327929496765,-0.13395383954048157,-0.023275787761377842,0.11201009154319763,-0.17835918068885803,-0.023894368490147144,0.12659916281700134,-0.11343139410018921,0.012022816756797283,0.15053153038024902,-0.1665762960910797,-0.013183062715398819,0.12699735164642334,-0.12661215662956238,-0.026398171490001232,0.11435142159461975,-0.10225418210029602,-0.030700606113242657,0.09502825140953064,-0.13453376293182373,0.009044449025822132,0.1161327064037323,-0.1887488067150116,-0.017282564943599255,0.09356486797332764,-0.1316682994365692,-0.02354555652098611,0.0869009792804718,-0.11215674877166748,-0.02007095963315919,0.06109154224395752,-0.14776214957237244,0.0011374428347323828,0.07335329055786133,-0.1881522536277771,-0.028230762859749348,0.05748853087425232,-0.12586063146591187,-0.020963781332540066,0.0529649555683136,-0.10527348518371582,-0.006952506309318096,0.02492585778236389,-0.15648898482322693,-0.007663124991523773,0.03792044520378113,-0.18326187133789062,-0.02176822238223508,0.0314812958240509,-0.13802555203437805,-0.01024431344674781,0.02751287817955017,-0.11856159567832947,0.0035027437322412425
B,0.0,0.0,0.0,0.06260918080806732,-0.022392570972442627,-0.010964420018751753,0.10822691023349762,-0.07050523161888123,-0.01473700287755264,0.12272708117961884,-0.13514792919158936,-0.020891035301644933,0.10599757730960846,-0.1805380880832672,-0.02300165067430271,0.11855240166187286,-0.11391043663024902,0.013324086228351462,0.14187075197696686,-0.16461998224258423,-0.009591216547448767,0.12287397682666779,-0.12934273481369019,-0.022970728902180326,0.11054544150829315,-0.10254788398742676,-0.027903542248566282,0.08877123892307281,-0.1338227391242981,0.009127185353975165,0.10953874886035919,-0.18878230452537537,-0.014885337417979372,0.0915943831205368,-0.13924452662467957,-0.0225737005006863,0.08468638360500336,-0.11626631021499634,-0.020839317096431387,0.05543135106563568,-0.14530524611473083,0.0005921476636672196,0.06847067177295685,-0.18661701679229736,-0.02809851835485233,0.05494116246700287,-0.12661302089691162,-0.022820476768572462,0.048387542366981506,-0.09959292411804199,-0.01017555906440748,0.018888309597969055,-0.15116527676582336,-0.008579459367354048,0.03286345303058624,-0.17928937077522278,-0.02490536528642906,0.027670621871948242,-0.1356275975704193,-0.015315246162970197,0.02226923406124115,-0.11299791932106018,-0.002613818133283985
B,0.0,0.0,0.0,0.05935147404670715,-0.0194779634475708,-0.012314223908816757,0.10534995794296265,-0.0666922926902771,-0.01621351506653923,0.12062036991119385,-0.13074004650115967,-0.02199335325602192,0.10292685031890869,-0.17772436141967773,-0.023355488889848175,0.11653786897659302,-0.11187046766281128,0.013009898140097675,0.14048314094543457,-0.1581609547138214,-0.010059323386286678,0.12146803736686707,-0.11819383502006531,-0.023165772893463554,0.10999542474746704,-0.09460771083831787,-0.02800577808264393,0.0876796543598175,-0.13215741515159607,0.0094077333426128,0.10802152752876282,-0.18388614058494568,-0.015154852756296577,0.0898880660533905,-0.12934082746505737,-0.022473355048333588,0.08212125301361084,-0.10916003584861755,-0.020136225261722984,0.05440780520439148,-0.14347583055496216,0.0013275784524182654,0.06753525137901306,-0.18267279863357544,-0.027715941184197845,0.05463439226150513,-0.120271235704422,-0.021538720690642776,0.04798847436904907,-0.09757000207901001,-0.008164623045360031,0.017743617296218872,-0.14927273988723755,-0.007411194724028292,0.03167760372161865,-0.17596551775932312,-0.023515555300747337,0.02745284140110016,-0.13200289011001587,-0.0131826011845817,0.022093504667282104,-0.1128702163696289,2.6629676739275965e-05
B,0.0,0.0,0.0,0.05967496335506439,-0.019800007343292236,-0.01173626652533244,0.10738249123096466,-0.06732064485549927,-0.015583207109813202,0.12277834117412567,-0.13175112009048462,-0.021330506751183975,0.10145558416843414,-0.17481696605682373,-0.022744371766094673,0.11546678841114044,-0.1136818528175354,0.012645918665583622,0.13991518318653107,-0.1602112352848053,-0.009306758852545727,0.1192900687456131,-0.11868593096733093,-0.022067959630732048,0.10715962946414948,-0.0957779586315155,-0.027152198577169884,0.08576531708240509,-0.13273867964744568,0.008497460534925949,0.10672949254512787,-0.18345558643341064,-0.015145591670517433,0.08817602694034576,-0.12768936157226562,-0.022306834557895172,0.08005587756633759,-0.1078222393989563,-0.020311749750618446,0.05224068462848663,-0.14311814308166504,0.00013504514274131907,0.06671656668186188,-0.182699054479599,-0.02725824082816075,0.05476321280002594,-0.12038654088973999,-0.020550389984492767,0.04731602966785431,-0.0976230800151825,-0.007456590166185606,0.01557159423828125,-0.1483079195022583,-0.008954084688667763,0.03189845383167267,-0.1782761514186859,-0.02368582154238652,0.02794872224330902,-0.13457798957824707,-0.012450880581383217,0.021114125847816467,-0.11451402306556702,0.0009342739001283462
B,0.0,0.0,0.0,0.06053081154823303,-0.018267333507537842,-0.013301250015075539,0.10881376266479492,-0.06737291812896729,-0.016424708489950035,0.12369358539581299,-0.13257232308387756,-0.021237818945820663,0.1012846827507019,-0.17365869879722595,-0.021308709357555244,0.11458495259284973,-0.11486712098121643,0.013622203420226242,0.13828781247138977,-0.16218194365501404,-0.009148765776927803,0.11744973063468933,-0.11906039714813232,-0.021641808052237366,0.10562852025032043,-0.09540930390357971,-0.025956007142241333,0.08449667692184448,-0.13215196132659912,0.010812910783414509,0.1041775643825531,-0.1800442636013031,-0.014051883903022144,0.08526769280433655,-0.12118729948997498,-0.02107395460146222,0.07764267921447754,-0.10249298810958862,-0.018426765178020332,0.05102214217185974,-0.14131560921669006,0.0033819729437425394,0.06562700867652893,-0.18124759197235107,-0.025713148017104004,0.0528717041015625,-0.11580759286880493,-0.018706988964851234,0.04526960849761963,-0.09334400296211243,-0.0046680285154536705,0.01446107029914856,-0.14632493257522583,-0.004852892786885832,0.03136491775512695,-0.17597991228103638,-0.020077351902301643,0.026310190558433533,-0.13143473863601685,-0.008826895107205246,0.018906280398368835,-0.11254620552062988,0.004914277277265455
B,0.0,0.0,0.0,0.059915393590927124,-0.014592349529266357,-0.014466790016200548,0.11003991961479187,-0.06399202346801758,-0.01812999555787087,0.12560498714447021,-0.1315455436706543,-0.023295889142360693,0.10210341215133667,-0.17315256595611572,-0.023775307926740652,0.11396417021751404,-0.11245453357696533,0.011604545172843928,0.1409648358821869,-0.16101813316345215,-0.011815283912625318,0.11967399716377258,-0.11888894438743591,-0.024613155517187124,0.10607227683067322,-0.0956009030342102,-0.029091870877351766,0.0843425989151001,-0.1305077075958252,0.009129509795997137,0.1066729724407196,-0.17872464656829834,-0.016405912581291204,0.08664771914482117,-0.12049534916877747,-0.023612848016824728,0.07743167877197266,-0.10238313674926758,-0.020893430802431112,0.05146065354347229,-0.14031633734703064,0.0019474893348103706,0.06786930561065674,-0.1803850531578064,-0.027705507818069464,0.05448514223098755,-0.1155480444431305,-0.020909198093619352,0.04568621516227722,-0.09347882866859436,-0.006866213399376875,0.015221118927001953,-0.1464429497718811,-0.0061281621450746115,0.03312182426452637,-0.17497661709785461,-0.021940369624104505,0.02805107831954956,-0.13122236728668213,-0.011127128730919367,0.019749760627746582,-0.11283352971076965,0.002359942533615822
B,0.0,0.0,0.0,0.06015786528587341,-0.017469823360443115,-0.015242523351929549,0.10954484343528748,-0.06807917356491089,-0.018566710712633494,0.12365290522575378,-0.13537395000457764,-0.023246886046848658,0.09994980692863464,-0.17268526554107666,-0.02273435501965082,0.11641645431518555,-0.11595121026039124,0.014711412762977716,0.14012372493743896,-0.16425210237503052,-0.008242102178058985,0.11993095278739929,-0.12257426977157593,-0.02095648630174196,0.10774880647659302,-0.09867087006568909,-0.02518930269988573,0.08597022294998169,-0.13305214047431946,0.012977935535587903,0.10535097122192383,-0.18105870485305786,-0.011900918396435145,0.086936354637146,-0.12226241827011108,-0.01916891133996046,0.07971540093421936,-0.1043873131275177,-0.01641215367826021,0.05227726697921753,-0.14205488562583923,0.006138648999609586,0.06622150540351868,-0.18210166692733765,-0.02328701859923399,0.05444604158401489,-0.11761453747749329,-0.017481108965597514,0.0476536750793457,-0.09639382362365723,-0.00392975176336563,0.01534639298915863,-0.14720848202705383,-0.0016915273864412939,0.03214189410209656,-0.17681658267974854,-0.01688493772061861,0.028421103954315186,-0.13292643427848816,-0.0066201536229471,0.022138088941574097,-0.11410465836524963,0.006492481728770372
B,0.0,0.0,0.0,0.06041589379310608,-0.016845226287841797,-0.013954463255515748,0.10887837409973145,-0.0667843222618103,-0.016617158268502408,0.12332859635353088,-0.13477855920791626,-0.020961465154698544,0.10113576054573059,-0.17492088675498962,-0.02036911605756586,0.11510318517684937,-0.11473673582077026,0.016380231986829585,0.14043471217155457,-0.16621914505958557,-0.006146055021247321,0.12082001566886902,-0.1250341832637787,-0.018574220900347882,0.10790941119194031,-0.09931805729866028,-0.02235859616558855,0.08510643243789673,-0.1322079300880432,0.014393069940695113,0.10615271329879761,-0.1834266483783722,-0.009859287951996976,0.08680260181427002,-0.12466156482696533,-0.0171158740566284,0.07840025424957275,-0.10494956374168396,-0.0140869438917548,0.051762908697128296,-0.141576886177063,0.0073809089801102346,0.06598269939422607,-0.18087804317474365,-0.02117202415030306,0.053686946630477905,-0.11736059188842773,-0.015509404082706624,0.04655805230140686,-0.09579718112945557,-0.0019854126301765973,0.015016406774520874,-0.14741182327270508,-0.0004983055558227534,0.031841158866882324,-0.17725488543510437,-0.014651498597970658,0.027703970670700073,-0.1344771683216095,-0.004008462493231946,0.020701557397842407,-0.11587315797805786,0.009320430616924114
B,0.0,0.0,0.0,0.06022632122039795,-0.01567739248275757,-0.013852374203651152,0.10777550935745239,-0.06253558397293091,-0.017650885082929335,0.1244463324546814,-0.12892544269561768,-0.023184358649103842,0.10280907154083252,-0.17069223523139954,-0.024075801991074286,0.11585193872451782,-0.11257916688919067,0.01393817314490775,0.14305418729782104,-0.16361668705940247,-0.008847402915506564,0.12214213609695435,-0.12330549955368042,-0.022382178850619994,0.10701760649681091,-0.09727436304092407,-0.02706646318003436,0.08589303493499756,-0.13096106052398682,0.011803140356988706,0.10822898149490356,-0.18265575170516968,-0.012867528520672522,0.08805793523788452,-0.12583673000335693,-0.021446089767067633,0.07739520072937012,-0.10304060578346252,-0.019510739989726744,0.05285412073135376,-0.1409379243850708,0.005067924927772083,0.06803861260414124,-0.1806754469871521,-0.02244094716772338,0.05507206916809082,-0.11896583437919617,-0.01703523802027007,0.046162158250808716,-0.09434348344802856,-0.004099022638200722,0.0168113112449646,-0.14688420295715332,-0.0026179189273705106,0.0332372784614563,-0.17697817087173462,-0.016446137376277647,0.029325127601623535,-0.13482216000556946,-0.006028085522501669,0.02233240008354187,-0.11332368850708008,0.0070518576128790755
B,0.0,0.0,0.0,0.060015350580215454,-0.015340566635131836,-0.013396100768289898,0.10729816555976868,-0.06394976377487183,-0.01692917446925435,0.12221944332122803,-0.12988069653511047,-0.022159271569393013,0.101296067237854,-0.17076048254966736,-0.02269192847742829,0.116702139377594,-0.11310160160064697,0.013099972462811138,0.1423334777355194,-0.16411516070365906,-0.010253545524022911,0.12199223041534424,-0.12457868456840515,-0.023224594698689316,0.1076095700263977,-0.09766480326652527,-0.0273514060987452,0.08630535006523132,-0.13149547576904297,0.010310710711934234,0.10834905505180359,-0.18466725945472717,-0.01498546700312886,0.08857670426368713,-0.12679189443588257,-0.022405714423797463,0.07936203479766846,-0.10322880744934082,-0.01930246937408242,0.052578508853912354,-0.14192909002304077,0.002828739654802348,0.06675288081169128,-0.18104428052902222,-0.02668525713815484,0.05402502417564392,-0.11802464723587036,-0.02125959161057267,0.046556711196899414,-0.09427177906036377,-0.007765248579374884,0.015743792057037354,-0.14810779690742493,-0.005411445790372227,0.032176673412323,-0.17775318026542664,-0.021364769594214295,0.027897357940673828,-0.13337618112564087,-0.011289557137928341,0.02150416374206543,-0.1121082603931427,0.0019313180368101257
B,0.0,0.0,0.0,0.05784916877746582,-0.012150883674621582,-0.0144519866772157,0.10617995262145996,-0.06198698282241821,-0.01775873688535512,0.12276893854141235,-0.12942641973495483,-0.022449439889953737,0.10222935676574707,-0.17170092463493347,-0.022220271206663256,0.11508464813232422,-0.11323076486587524,0.01244143346769988,0.14254915714263916,-0.16467276215553284,-0.010667470782266264,0.12276580929756165,-0.1251123547554016,-0.02316012655870736,0.10793113708496094,-0.09949252009391785,-0.027039869255588656,0.0854634940624237,-0.13159814476966858,0.010381355383231039,0.1082344651222229,-0.18518081307411194,-0.014702932476268415,0.0888056755065918,-0.12608680129051208,-0.021733560166524057,0.07922688126564026,-0.10423681139945984,-0.01845788074211896,0.052155256271362305,-0.14151376485824585,0.003537724460272784,0.06711500883102417,-0.18158495426177979,-0.02562270735876382,0.054796040058135986,-0.11756393313407898,-0.019508926696346407,0.04699200391769409,-0.09508895874023438,-0.005693217772261505,0.015521496534347534,-0.14806801080703735,-0.004188240072892313,0.03253519535064697,-0.17706835269927979,-0.01941916023866952,0.028798609972000122,-0.13433286547660828,-0.009061412452922468,0.021935850381851196,-0.11602675914764404,0.004110264559074039
B,0.0,0.0,0.0,0.05770882964134216,-0.012889742851257324,-0.015327539664696133,0.10647568106651306,-0.059744834899902344,-0.01971886809636203,0.12203040719032288,-0.12507814168930054,-0.025230699588547623,0.10234013199806213,-0.1696663200855255,-0.025471222956667816,0.1175335943698883,-0.11263084411621094,0.011144226978530014,0.14484411478042603,-0.16368338465690613,-0.012864712995479977,0.12327942252159119,-0.12164437770843506,-0.025491225902925407,0.10849478840827942,-0.09686064720153809,-0.02927925009001342,0.08717545866966248,-0.13141143321990967,0.009232303689231003,0.11055096983909607,-0.18486031889915466,-0.016898430322299873,0.08967417478561401,-0.12406167387962341,-0.024162185748110687,0.07967793941497803,-0.10347989201545715,-0.020761824582706367,0.05339309573173523,-0.141728937625885,0.0025381754180386906,0.0681670606136322,-0.18046170473098755,-0.02709443438519088,0.05481523275375366,-0.1159062385559082,-0.02057236376870719,0.04724809527397156,-0.09578955173492432,-0.006415180766026651,0.016601353883743286,-0.1484673023223877,-0.005035386790524399,0.033380746841430664,-0.1763918101787567,-0.02001747805346099,0.028649568557739258,-0.1319611668586731,-0.008822185357104217,0.02183261513710022,-0.11446255445480347,0.005001433755268181
B,0.0,0.0,0.0,0.054296836256980896,-0.008408784866333008,-0.01865927707700621,0.1046811193227768,-0.05593472719192505,-0.024728795702742445,0.12155710160732269,-0.12203308939933777,-0.03115651402919184,0.10227133333683014,-0.16651076078414917,-0.031583992953585494,0.12072242796421051,-0.11173504590988159,0.005723135356618059,0.14782096445560455,-0.16691038012504578,-0.020696643929170477,0.12554709613323212,-0.12183511257171631,-0.03319919687061201,0.11157183349132538,-0.0950658917427063,-0.036273280347870696,0.0896318107843399,-0.1315070390701294,0.005001824625594509,0.11200018227100372,-0.18505173921585083,-0.02279389482288252,0.0902351588010788,-0.12123069167137146,-0.028382508273409712,0.0818374902009964,-0.10177356004714966,-0.023445820625113356,0.05544571578502655,-0.14228922128677368,-0.0008948480390813529,0.06937052309513092,-0.1815229058265686,-0.03231506999878775,0.05472351610660553,-0.11518746614456177,-0.024084996621297705,0.04870440065860748,-0.09614396095275879,-0.008372717726217616,0.018772393465042114,-0.1494503617286682,-0.007977911460386622,0.034538134932518005,-0.17795026302337646,-0.024209240640686858,0.028618857264518738,-0.1318603754043579,-0.012426029148684847,0.022241458296775818,-0.11410263180732727,0.00220825178251971
B,0.0,0.0,0.0,0.05606721341609955,-0.006057262420654297,-0.017797077306624942,0.10485909879207611,-0.05006217956542969,-0.025090823181983524,0.11857859790325165,-0.11486530303955078,-0.03289008350026279,0.10146217048168182,-0.15884670615196228,-0.03448993922125965,0.12235595285892487,-0.10499653220176697,0.0008081423010821709,0.15275298058986664,-0.16349580883979797,-0.02693932154130607,0.12743256986141205,-0.11709922552108765,-0.039109459378835254,0.11418546736240387,-0.09059834480285645,-0.04197440878402858,0.09046469628810883,-0.12627509236335754,-0.0009427503674146465,0.11661241948604584,-0.18508672714233398,-0.030827976995226436,0.09177710115909576,-0.12247011065483093,-0.035659151383754306,0.08375485241413116,-0.10016024112701416,-0.02993494295429855,0.056840404868125916,-0.13928669691085815,-0.007543925893571668,0.07347388565540314,-0.18328902125358582,-0.0395944847251144,0.05610336363315582,-0.11709609627723694,-0.029974242904302173,0.05031724274158478,-0.09398424625396729,-0.013263567582782798,0.021811887621879578,-0.1478942632675171,-0.01536444597792297,0.03833211958408356,-0.17819994688034058,-0.03199593559753566,0.030975237488746643,-0.13160306215286255,-0.020001553230997615,0.024974510073661804,-0.11091858148574829,-0.00517457048323422
B,0.0,0.0,0.0,0.05667117238044739,-0.004010021686553955,-0.016362381160490713,0.10435530543327332,-0.04289954900741577,-0.024507152840726576,0.11663779616355896,-0.10492146015167236,-0.033328623503678045,0.09962344169616699,-0.15004634857177734,-0.03656409773253699,0.12316283583641052,-0.10129964351654053,-0.0030585755521883584,0.1555037498474121,-0.15975156426429749,-0.02995370420836707,0.12871307134628296,-0.11623448133468628,-0.04220122936391135,0.11301833391189575,-0.08945250511169434,-0.045634427100651465,0.09164506196975708,-0.12439289689064026,-0.005576649207853279,0.11847737431526184,-0.18421220779418945,-0.03396393823646804,0.093517005443573,-0.12531563639640808,-0.03864131215237876,0.08415475487709045,-0.10077229142189026,-0.033786294043295584,0.05824458599090576,-0.138698011636734,-0.012344463721149168,0.0733133852481842,-0.18135252594947815,-0.041673847466938696,0.05718463659286499,-0.11824113130569458,-0.03218248206400176,0.05103236436843872,-0.09307301044464111,-0.016767852932446203,0.023615509271621704,-0.14799156785011292,-0.02032315637194415,0.039492398500442505,-0.17909365892410278,-0.035147474140160284,0.03295415639877319,-0.13495618104934692,-0.023054501965873442,0.027145713567733765,-0.11332476139068604,-0.008960161350898943
B,0.0,0.0,0.0,0.053921133279800415,0.00010865926742553711,-0.018640215836370544,0.1045573353767395,-0.03712868690490723,-0.027655982740128593,0.11943879723548889,-0.10122880339622498,-0.036791219703758316,0.10145831108093262,-0.149702787399292,-0.04019629522403534,0.12624287605285645,-0.10168576240539551,-0.004937366910183982,0.15772145986557007,-0.15953126549720764,-0.03257308094939049,0.1293601393699646,-0.11368414759635925,-0.045278835438097076,0.11355802416801453,-0.08670872449874878,-0.048884417258108215,0.09466060996055603,-0.12661373615264893,-0.006705791085863666,0.12188780307769775,-0.18600976467132568,-0.0354131305142289,0.0967991054058075,-0.12694969773292542,-0.039877324692810134,0.08686304092407227,-0.1034473180770874,-0.03464609324177559,0.06104519963264465,-0.141605943441391,-0.012979796484017925,0.07664239406585693,-0.18184641003608704,-0.042892123900259094,0.059135615825653076,-0.1184932291507721,-0.033267117433155136,0.051527559757232666,-0.0953475832939148,-0.017493193365538673,0.026267066597938538,-0.1510544717311859,-0.02065162672838028,0.043466150760650635,-0.18011632561683655,-0.03565886183818634,0.03548598289489746,-0.13659849762916565,-0.02334465771158989,0.028194904327392578,-0.11748415231704712,-0.008896402411068038
B,0.0,0.0,0.0,0.05726665258407593,-0.0010780096054077148,-0.014199993056024596,0.1051676869392395,-0.03902316093444824,-0.021711575281585738,0.11343547701835632,-0.10012161731719971,-0.030112762418355032,0.09322315454483032,-0.14371496438980103,-0.033811679524148985,0.12168958783149719,-0.10226789116859436,-0.0070186745792284455,0.15510627627372742,-0.15748870372772217,-0.032852096897329375,0.12774443626403809,-0.11166408658027649,-0.044681026083196684,0.11057668924331665,-0.08666211366653442,-0.04853979353305249,0.09077489376068115,-0.12557336688041687,-0.01083776768740563,0.1196645200252533,-0.1843574345111847,-0.03770823259350209,0.09525427222251892,-0.12711724638938904,-0.041935457330907866,0.08441931009292603,-0.10395565629005432,-0.037984716188873335,0.0570928156375885,-0.13976815342903137,-0.01822994690832047,0.07386186718940735,-0.17991971969604492,-0.045740737062658354,0.05767357349395752,-0.11868521571159363,-0.036348851811851546,0.04966428875923157,-0.09505939483642578,-0.02207306068834214,0.02152290940284729,-0.14934638142585754,-0.02662634890970139,0.039870113134384155,-0.17981186509132385,-0.04019725922938733,0.03361913561820984,-0.13772165775299072,-0.027939597558940932,0.026526927947998047,-0.11771917343139648,-0.014622822818125769
B,0.0,0.0,0.0,0.05265681445598602,-0.0010932683944702148,-0.01846272239666291,0.10133035480976105,-0.03438645601272583,-0.028373223936370096,0.11124278604984283,-0.09400558471679688,-0.03828544283490487,0.09155236184597015,-0.14253979921340942,-0.04318197185378381,0.11976416409015656,-0.10583454370498657,-0.010075390545836171,0.15266071259975433,-0.15878495573997498,-0.037209638601353845,0.12532015144824982,-0.11105167865753174,-0.04996458927374192,0.10839240252971649,-0.08661216497421265,-0.05429582039099046,0.08835525810718536,-0.12884783744812012,-0.012315352654269418,0.1157461553812027,-0.18432241678237915,-0.04008925447445222,0.09180311858654022,-0.12547028064727783,-0.045075954145005426,0.08143962919712067,-0.1035788357257843,-0.041545243209412774,0.05413372814655304,-0.14194563031196594,-0.01852739157359906,0.07023651897907257,-0.17936024069786072,-0.047653434073737344,0.05541880428791046,-0.11746102571487427,-0.039173708504250726,0.04811473190784454,-0.09517490863800049,-0.02535359861533948,0.017732426524162292,-0.1499987542629242,-0.025971702506950578,0.03662551939487457,-0.17640197277069092,-0.04159368688445397,0.031070902943611145,-0.1331825852394104,-0.030133803582003793,0.024019107222557068,-0.1131528913974762,-0.01690129490773984
B,0.0,0.0,0.0,0.05200120806694031,0.0018515586853027344,-0.02046410008881594,0.10178068280220032,-0.031666100025177,-0.030781438719373,0.11200001835823059,-0.09199076890945435,-0.04061916857574488,0.09107270836830139,-0.13925889134407043,-0.044678401347141516,0.11955204606056213,-0.10460203886032104,-0.010533627267818702,0.15346816182136536,-0.15892401337623596,-0.039383243914585364,0.12538760900497437,-0.10992839932441711,-0.05194365247700716,0.1071062982082367,-0.08625215291976929,-0.05557893231127764,0.0880747139453888,-0.12731626629829407,-0.011745267692845118,0.11415573954582214,-0.18105489015579224,-0.041770275827389014,0.09041514992713928,-0.11901509761810303,-0.046583213057260764,0.08092173933982849,-0.10019102692604065,-0.04220278575633074,0.05385676026344299,-0.14031517505645752,-0.017349921312074912,0.068158358335495,-0.1755833923816681,-0.048822645243149054,0.053804486989974976,-0.11118963360786438,-0.039889421459179175,0.04795452952384949,-0.09271585941314697,-0.02506694957230593,0.017790555953979492,-0.14947578310966492,-0.02425966053817774,0.034414857625961304,-0.17284011840820312,-0.040918592508774054,0.029219835996627808,-0.1276867687702179,-0.029456544812660468,0.023446619510650635,-0.11121666431427002,-0.01588084004436041
B,0.0,0.0,0.0,0.052777260541915894,-0.0007749795913696289,-0.017625567440262557,0.10198283195495605,-0.03463965654373169,-0.026813031111231567,0.11181548237800598,-0.09401190280914307,-0.03612827782737327,0.09265410900115967,-0.142072856426239,-0.0403907214592607,0.11921954154968262,-0.10876139998435974,-0.008556893963685752,0.15003839135169983,-0.1629229187965393,-0.03621784125672889,0.12489053606987,-0.11359038949012756,-0.048853996146789314,0.10928341746330261,-0.08791035413742065,-0.052905588347783805,0.0871807336807251,-0.13057789206504822,-0.01118739222394538,0.11148744821548462,-0.1849769949913025,-0.03957603772389007,0.08967357873916626,-0.12392747402191162,-0.04450975259052825,0.08134332299232483,-0.10274061560630798,-0.04073720325934005,0.05213406682014465,-0.14233219623565674,-0.01792775553869319,0.06637224555015564,-0.1768965721130371,-0.048526993889680625,0.05314290523529053,-0.11310341954231262,-0.04057266836272788,0.04803365468978882,-0.0928378701210022,-0.026795384411087753,0.014966845512390137,-0.14884009957313538,-0.02571196754681182,0.03189954161643982,-0.17135104537010193,-0.042837354291549445,0.02783215045928955,-0.1257578432559967,-0.03227545966612411,0.023233145475387573,-0.10737049579620361,-0.019373695303073646
B,0.0,0.0,0.0,0.05322417616844177,-0.004374206066131592,-0.017401133355463116,0.1032346785068512,-0.04015648365020752,-0.026578469824755757,0.11206889152526855,-0.09971785545349121,-0.03577422785457429,0.09028521180152893,-0.14577722549438477,-0.0396499379247075,0.11854532361030579,-0.1129879355430603,-0.007641895831341117,0.14645031094551086,-0.16849350929260254,-0.03539845409687814,0.12178990244865417,-0.11699128150939941,-0.048072584596241086,0.10747939348220825,-0.09212219715118408,-0.05226501512225923,0.0860457718372345,-0.13367891311645508,-0.010542108368838399,0.10896867513656616,-0.1884637475013733,-0.038798031088674634,0.08796441555023193,-0.12565886974334717,-0.043594081577623456,0.08040991425514221,-0.10708540678024292,-0.03981316524442491,0.05056378245353699,-0.1439867913722992,-0.017564459395373433,0.06285592913627625,-0.17825978994369507,-0.04806998806890306,0.050676703453063965,-0.11386322975158691,-0.03962914335426149,0.04658171534538269,-0.09688675403594971,-0.025690144550765126,0.013075187802314758,-0.14906686544418335,-0.025598407414520352,0.028357505798339844,-0.17146313190460205,-0.04197873982485589,0.024446696043014526,-0.12566372752189636,-0.030532966059411137,0.01969170570373535,-0.11031544208526611,-0.017261354875529378
B,0.0,0.0,0.0,0.053880974650382996,-0.005835056304931641,-0.016766787815811313,0.10250632464885712,-0.04492467641830444,-0.025643660996081508,0.11170108616352081,-0.10208061337471008,-0.03462272447717396,0.08730722963809967,-0.1459890604019165,-0.03843524617326466,0.11569420993328094,-0.11759701371192932,-0.008864054765524543,0.14287342131137848,-0.17161864042282104,-0.03580832791698185,0.11921776831150055,-0.11836495995521545,-0.048206086579682506,0.10506854951381683,-0.09484100341796875,-0.05275363040340153,0.08322350680828094,-0.137266606092453,-0.012096852373304046,0.10503099858760834,-0.19127297401428223,-0.04007137132060734,0.0861847847700119,-0.12787261605262756,-0.04492006016147343,0.07880835235118866,-0.10998299717903137,-0.041660524282576716,0.0474139004945755,-0.14598220586776733,-0.019170943025471843,0.058379486203193665,-0.17973700165748596,-0.04847971287739483,0.04904244840145111,-0.11515334248542786,-0.039980921272160685,0.04571704566478729,-0.097858726978302,-0.02666766320538727,0.010334476828575134,-0.14934509992599487,-0.027321595076443828,0.023653164505958557,-0.16911539435386658,-0.04280918029320446,0.02202494442462921,-0.12363272905349731,-0.031717076275469935,0.018666133284568787,-0.10822927951812744,-0.019205614302279628
B,0.0,0.0,0.0,0.05077788233757019,-0.006387829780578613,-0.018927324736864648,0.10047107934951782,-0.043538689613342285,-0.029541637922079644,0.1119953989982605,-0.10130709409713745,-0.03973206895068415,0.08666473627090454,-0.14707046747207642,-0.04413261654451617,0.11515015363693237,-0.11915594339370728,-0.010673843497784219,0.1416797935962677,-0.17550837993621826,-0.03834434243515261,0.11773458123207092,-0.11875638365745544,-0.050574276769907556,0.10463088750839233,-0.09703129529953003,-0.05492468940690287,0.08228790760040283,-0.13883939385414124,-0.012822739022226415,0.10323503613471985,-0.19049805402755737,-0.04116698371842631,0.0840539038181305,-0.12352874875068665,-0.04537192004397639,0.07769215106964111,-0.11155819892883301,-0.04177636670544871,0.04608836770057678,-0.14750337600708008,-0.018920989880712114,0.057486385107040405,-0.18139386177062988,-0.0481346959121538,0.04792284965515137,-0.11508801579475403,-0.0377194808669401,0.044782787561416626,-0.10308021306991577,-0.023399831900746904,0.008547648787498474,-0.15199339389801025,-0.02627493830993899,0.021587908267974854,-0.17305397987365723,-0.04099452512934931,0.01984044909477234,-0.12707892060279846,-0.028217509562523446,0.0159568190574646,-0.1148400604724884,-0.01461656781509646
B,0.0,0.0,0.0,0.05490274727344513,-0.008773267269134521,-0.016192348924363387,0.10268302261829376,-0.04718393087387085,-0.02553001630016638,0.11129947006702423,-0.10432913899421692,-0.035073265683735144,0.08620338141918182,-0.14842480421066284,-0.03959392408737017,0.11386452615261078,-0.12020125985145569,-0.00880403655477835,0.14011384546756744,-0.1743481457233429,-0.0351942333103068,0.11816500127315521,-0.12163844704627991,-0.047182932746494544,0.10519818961620331,-0.09767547249794006,-0.05153521547921969,0.08075757324695587,-0.1388147473335266,-0.012355163943851721,0.10273285210132599,-0.1933271288871765,-0.040585175407017005,0.0850447565317154,-0.12993618845939636,-0.0459364208103068,0.0771104246377945,-0.11134392023086548,-0.04293318117865397,0.044497713446617126,-0.146596759557724,-0.01938186797210051,0.05660431087017059,-0.18076148629188538,-0.04960732187041117,0.047805532813072205,-0.11479249596595764,-0.041073046875084174,0.04326154291629791,-0.09715139865875244,-0.027327681210721266,0.006709948182106018,-0.1490500271320343,-0.027229953807676566,0.02237871289253235,-0.1717449128627777,-0.043525908392751944,0.021111130714416504,-0.12540403008460999,-0.03179406399735285,0.016382083296775818,-0.11014613509178162,-0.018526049581254256
B,0.0,0.0,0.0,0.0517791211605072,-0.007573425769805908,-0.01864879386889129,0.09986048936843872,-0.0462530255317688,-0.028957111708990624,0.11021777987480164,-0.10464587807655334,-0.03896373132633357,0.08431130647659302,-0.14981314539909363,-0.04353153327869563,0.11349987983703613,-0.12211847305297852,-0.009813966177574684,0.1394185721874237,-0.17691436409950256,-0.037108864583245804,0.11629363894462585,-0.12261217832565308,-0.04931044945882945,0.10306927561759949,-0.09929203987121582,-0.05354181671904712,0.0803712010383606,-0.14088618755340576,-0.012362357177011063,0.10150331258773804,-0.19493970274925232,-0.04118080804514079,0.08312186598777771,-0.1293708086013794,-0.04591845343279033,0.07573771476745605,-0.11187320947647095,-0.04213015729951053,0.04403543472290039,-0.1487497091293335,-0.01878786826895862,0.055703818798065186,-0.18336224555969238,-0.04954521725343852,0.04631379246711731,-0.11623364686965942,-0.040139794297687104,0.04190966486930847,-0.09961247444152832,-0.025573730416766693,0.006123334169387817,-0.15140432119369507,-0.026304770209065964,0.021163851022720337,-0.17448848485946655,-0.042776219494811585,0.019148558378219604,-0.12750717997550964,-0.030554143659941246,0.014171883463859558,-0.11252233386039734,-0.01671555074321418
B,0.0,0.0,0.0,0.05402761697769165,-0.007111310958862305,-0.020170524039912152,0.10442468523979187,-0.04768860340118408,-0.030534916812229085,0.11144128441810608,-0.1087237000465393,-0.04014347984795563,0.08473309874534607,-0.15232324600219727,-0.04383749633436196,0.11496827006340027,-0.12292686104774475,-0.00931799344127171,0.14069369435310364,-0.17849105596542358,-0.03736769154076569,0.11681336164474487,-0.12193140387535095,-0.04950177043085091,0.10317295789718628,-0.09900838136672974,-0.05352155982856743,0.08159708976745605,-0.1415013074874878,-0.011107471095073151,0.10301759839057922,-0.19670724868774414,-0.04129799574022286,0.08406618237495422,-0.12897038459777832,-0.046441090548086095,0.07613050937652588,-0.11311393976211548,-0.04230950146322243,0.04559040069580078,-0.14926326274871826,-0.017089815133857655,0.0564708411693573,-0.1838025450706482,-0.04879114522938721,0.04705974459648132,-0.11589464545249939,-0.03959488987331383,0.043246299028396606,-0.10203218460083008,-0.02478977597658627,0.007917225360870361,-0.15254825353622437,-0.02424811131660931,0.02138747274875641,-0.17498445510864258,-0.0405746710241317,0.019524171948432922,-0.12760388851165771,-0.0283802387059211,0.015286624431610107,-0.1148185133934021,-0.014539894902753758
B,0.0,0.0,0.0,0.052545249462127686,-0.0067029595375061035,-0.018586134301898483,0.10277348756790161,-0.04677766561508179,-0.028651961820600036,0.11277002096176147,-0.10768210887908936,-0.0383021400742507,0.08739188313484192,-0.15251335501670837,-0.04222149564552069,0.11491209268569946,-0.12311068177223206,-0.009663793022212985,0.14257273077964783,-0.17781126499176025,-0.03669405518698454,0.11926078796386719,-0.12071406841278076,-0.04826993657874823,0.10584276914596558,-0.09981560707092285,-0.05240097059535742,0.08180603384971619,-0.14182689785957336,-0.012310931222913268,0.10518556833267212,-0.1965082287788391,-0.041177538918731216,0.08682844042778015,-0.1290680468082428,-0.04586615948605299,0.07827472686767578,-0.11595150828361511,-0.042264329033372405,0.04564204812049866,-0.14934632182121277,-0.018760204079029563,0.0590510368347168,-0.1854960322380066,-0.04905859171080351,0.05000460147857666,-0.11723849177360535,-0.03904478787111998,0.045086443424224854,-0.1046568751335144,-0.024534873428223136,0.007520437240600586,-0.15223237872123718,-0.02629016129898787,0.023024171590805054,-0.17547941207885742,-0.04202192439365149,0.022133976221084595,-0.1276971697807312,-0.029393303903219703,0.017308801412582397,-0.11504402756690979,-0.015712750839469436
B,0.0,0.0,0.0,0.052830770611763,-0.004557967185974121,-0.020822220505351652,0.10500283539295197,-0.043512821197509766,-0.03107525690006696,0.11504660546779633,-0.10541021823883057,-0.0405503912131735,0.09007705748081207,-0.15023550391197205,-0.044096416817183126,0.11740659177303314,-0.11930271983146667,-0.009774166182751287,0.14592288434505463,-0.1758551299571991,-0.03801471649217092,0.12145499885082245,-0.1210956871509552,-0.049841958121533025,0.10784296691417694,-0.09764805436134338,-0.053419440076822866,0.08425481617450714,-0.13909998536109924,-0.011313913413459886,0.1070295125246048,-0.19415363669395447,-0.041190634505028356,0.08699510991573334,-0.12794440984725952,-0.04554006366538488,0.07967056334018707,-0.11103203892707825,-0.0409383913736292,0.04853324592113495,-0.14837831258773804,-0.017213971377486814,0.06147541105747223,-0.18328136205673218,-0.04908725901054822,0.050022855401039124,-0.11552029848098755,-0.03905105500030004,0.04572401940822601,-0.0993756353855133,-0.023592361272449125,0.010930255055427551,-0.1533907651901245,-0.024411975429529775,0.025665298104286194,-0.17664358019828796,-0.04104526250171148,0.022166818380355835,-0.12897038459777832,-0.028464610711807836,0.017018720507621765,-0.11441880464553833,-0.014194149547392954
B,0.0,0.0,0.0,0.05508667230606079,-0.005685031414031982,-0.019290808467786746,0.10606706142425537,-0.043525755405426025,-0.029829298956911998,0.11825487017631531,-0.10274627804756165,-0.040108404933135944,0.09402313828468323,-0.14831703901290894,-0.04466834279767795,0.12130469083786011,-0.1151987612247467,-0.010293576745908695,0.15030646324157715,-0.17311307787895203,-0.03857485937945171,0.12388885021209717,-0.12000280618667603,-0.050612769900482135,0.10986113548278809,-0.09580951929092407,-0.054314549891870456,0.08808159828186035,-0.1362714171409607,-0.01256429019443317,0.11140105128288269,-0.1928272843360901,-0.042860388635318714,0.08911433815956116,-0.12848272919654846,-0.0474668777274303,0.08131316304206848,-0.10981044173240662,-0.04307504358760639,0.05195850133895874,-0.14671200513839722,-0.01884088094405456,0.0652410089969635,-0.18385228514671326,-0.05003832268587871,0.0522521436214447,-0.11741670966148376,-0.039420474200170474,0.04756087064743042,-0.09868112206459045,-0.023711701734583812,0.014318615198135376,-0.15289154648780823,-0.026355273901145893,0.029255270957946777,-0.17879250645637512,-0.041859943299215274,0.02522212266921997,-0.13226661086082458,-0.028494629888456302,0.020320460200309753,-0.11581134796142578,-0.013842683164995151
B,0.0,0.0,0.0,0.05580556392669678,-0.005061626434326172,-0.018853513702595137,0.1074737012386322,-0.04327875375747681,-0.028831601321542166,0.11944893002510071,-0.10301744937896729,-0.03867883253082027,0.09499257802963257,-0.15016010403633118,-0.04258624854668369,0.12364229559898376,-0.11352396011352539,-0.008129417143607043,0.15265479683876038,-0.16984203457832336,-0.036983840346181296,0.125502347946167,-0.11664426326751709,-0.04940247926100483,0.11202818155288696,-0.09343159198760986,-0.05321484076961269,0.09072941541671753,-0.13537180423736572,-0.010730749174797438,0.1151895821094513,-0.19008314609527588,-0.042401369839751624,0.09103932976722717,-0.12440600991249084,-0.04781548696740856,0.08337438106536865,-0.10703575611114502,-0.04351639020427456,0.054693251848220825,-0.14720332622528076,-0.017452694654309653,0.06865733861923218,-0.18535494804382324,-0.05049102398737659,0.054221272468566895,-0.11667624115943909,-0.04037706944330921,0.050252705812454224,-0.09866565465927124,-0.02436381782575836,0.016896992921829224,-0.15492457151412964,-0.025265909910046958,0.03294187784194946,-0.18119210004806519,-0.041993759751164816,0.02774415910243988,-0.1316370964050293,-0.028708566158854865,0.022732436656951904,-0.114052414894104,-0.013728481896066569
B,0.0,0.0,0.0,0.055098652839660645,-0.0021138787269592285,-0.023802778691305093,0.10998475551605225,-0.03289443254470825,-0.03601633106197255,0.12234953045845032,-0.09310802817344666,-0.046904147610320024,0.09876415133476257,-0.14233273267745972,-0.05115590338434117,0.13017421960830688,-0.10275286436080933,-0.012070368983103208,0.1579706370830536,-0.15975645184516907,-0.04242407996977704,0.12807732820510864,-0.10817059874534607,-0.055295948878182344,0.11630114912986755,-0.08504194021224976,-0.05915955920542615,0.09776309132575989,-0.12820976972579956,-0.012321366936220102,0.12246519327163696,-0.18297460675239563,-0.044782762423409395,0.09427249431610107,-0.11933374404907227,-0.049347293570889406,0.0881606936454773,-0.10174745321273804,-0.04404250626291173,0.06295117735862732,-0.14347147941589355,-0.01728522126401799,0.07394945621490479,-0.18129777908325195,-0.050482769504441194,0.056297481060028076,-0.11565390229225159,-0.03952658270324605,0.05509623885154724,-0.09691476821899414,-0.022792418495072297,0.026905909180641174,-0.15481886267662048,-0.023906406954182557,0.03949114680290222,-0.17981109023094177,-0.04012183566416638,0.031103461980819702,-0.1335034966468811,-0.026423894807948045,0.026949524879455566,-0.11579722166061401,-0.010979175575329236
B,0.0,0.0,0.0,0.0552811324596405,0.0042768120765686035,-0.02218600072836807,0.11148983240127563,-0.020917296409606934,-0.03268363782143524,0.13111883401870728,-0.07929909229278564,-0.04247289606308868,0.10955643653869629,-0.1290644407272339,-0.0459530622599118,0.13501602411270142,-0.08071717619895935,-0.007206140914320258,0.16941821575164795,-0.13354003429412842,-0.03689619981622627,0.13666179776191711,-0.08904558420181274,-0.04997877114391258,0.12135818600654602,-0.06613832712173462,-0.05341487833237579,0.1061810851097107,-0.11133772134780884,-0.007446583723037747,0.13625317811965942,-0.16306501626968384,-0.03867668368792465,0.10323908925056458,-0.10676124691963196,-0.04291453295326164,0.09408214688301086,-0.08680549263954163,-0.03680814512944153,0.07454627752304077,-0.1330575942993164,-0.01270904754227331,0.08976101875305176,-0.16883060336112976,-0.04390917056178978,0.06622317433357239,-0.11218804121017456,-0.03362111085033348,0.06111598014831543,-0.09263572096824646,-0.017096140318869857,0.04203915596008301,-0.15223073959350586,-0.01970926196253231,0.058655768632888794,-0.17539510130882263,-0.033396457218884734,0.04482194781303406,-0.1356154978275299,-0.019703310811280517,0.036955222487449646,-0.11808174848556519,-0.004316144985466508
B,0.0,0.0,0.0,0.053685128688812256,0.007064461708068848,-0.0230988955188991,0.11170700192451477,-0.013795435428619385,-0.03299090471756472,0.13300570845603943,-0.06917557120323181,-0.04147861358416094,0.11591318249702454,-0.12110120058059692,-0.04301148486030115,0.14093518257141113,-0.07254359126091003,-0.007822548231899873,0.17669522762298584,-0.1208392083644867,-0.03666911479723467,0.14026176929473877,-0.07931333780288696,-0.04857149553191675,0.12644517421722412,-0.060326844453811646,-0.05145761576187624,0.1125330924987793,-0.10426986217498779,-0.007381910650849477,0.14463889598846436,-0.1512565016746521,-0.03821942415726198,0.1073773205280304,-0.09677448868751526,-0.041551621823430196,0.09893900156021118,-0.08063158392906189,-0.03482156824958338,0.08135941624641418,-0.12846094369888306,-0.01201099455994381,0.09738308191299438,-0.16225653886795044,-0.04370273110163225,0.06989821791648865,-0.10564950108528137,-0.033147419064164296,0.06578144431114197,-0.08910617232322693,-0.016243733658313886,0.04926368594169617,-0.15028363466262817,-0.018315654440641538,0.06631997227668762,-0.17242592573165894,-0.03239386734259142,0.05049827694892883,-0.13286983966827393,-0.018413540168523923,0.042612224817276,-0.11796736717224121,-0.0026379068911523973
B,0.0,0.0,0.0,0.05478334426879883,0.009440183639526367,-0.024006855969219032,0.11272728443145752,-0.009444236755371094,-0.03474764462271196,0.13433000445365906,-0.06510663032531738,-0.0441576161579178,0.11895877122879028,-0.12069737911224365,-0.04673388909259302,0.14545008540153503,-0.06448513269424438,-0.00880908343651754,0.18170440196990967,-0.10814490914344788,-0.03822303872266275,0.14249837398529053,-0.07010689377784729,-0.050330586095242325,0.129023939371109,-0.05344763398170471,-0.053281734992651764,0.11761969327926636,-0.09877699613571167,-0.008284402375011268,0.15209192037582397,-0.14310264587402344,-0.0400709205464409,0.11077991127967834,-0.09188935160636902,-0.043499513824372116,0.10151803493499756,-0.07768747210502625,-0.036518330980925384,0.08691936731338501,-0.1258096694946289,-0.012901999351470295,0.10457578301429749,-0.15907421708106995,-0.04506869177976114,0.07320058345794678,-0.10490435361862183,-0.03385528858461839,0.06799650192260742,-0.08983492851257324,-0.016315189485339943,0.05536887049674988,-0.15078797936439514,-0.019265125800757232,0.07513630390167236,-0.17457503080368042,-0.03221689473548395,0.056915849447250366,-0.13779163360595703,-0.016742040698318306,0.04711657762527466,-0.12388169765472412,-5.759006717198645e-05
B,0.0,0.0,0.0,0.05228763818740845,0.014074146747589111,-0.025692855137236847,0.11085623502731323,0.0016325116157531738,-0.03768807569409205,0.13451626896858215,-0.056246787309646606,-0.04796372273827387,0.12174388766288757,-0.11278584599494934,-0.05137913593912913,0.1456144154071808,-0.051482051610946655,-0.012057700323708787,0.18532636761665344,-0.09620937705039978,-0.04091307440663172,0.14487284421920776,-0.06018722057342529,-0.05184535229469134,0.13139402866363525,-0.044324517250061035,-0.05433889770770861,0.11936923861503601,-0.08869534730911255,-0.010964474770077004,0.1581248939037323,-0.13247686624526978,-0.04161992216373278,0.1143541932106018,-0.08307218551635742,-0.043345316442497506,0.10401764512062073,-0.06990796327590942,-0.03561763012672259,0.09056109189987183,-0.11827963590621948,-0.01503631485516621,0.1113416850566864,-0.1524381935596466,-0.0468156106200297,0.07755699753761292,-0.10043013095855713,-0.03453333595658137,0.0708886981010437,-0.0857442319393158,-0.016627791466959252,0.06032902002334595,-0.1467718482017517,-0.021034934687264695,0.08271563053131104,-0.17112186551094055,-0.03468860233093096,0.0631682276725769,-0.13528770208358765,-0.019318000542767777,0.05217242240905762,-0.12148523330688477,-0.0028095281578828235
B,0.0,0.0,0.0,0.05071817338466644,0.019121825695037842,-0.02926220670175894,0.11053191125392914,0.013554751873016357,-0.042433918638352,0.13489912450313568,-0.044597774744033813,-0.0527754921449457,0.12457261979579926,-0.10376664996147156,-0.05588194094431742,0.1466168910264969,-0.04354634881019592,-0.016151071710709175,0.1888328641653061,-0.08631762862205505,-0.04537198059094294,0.1462969332933426,-0.05124342441558838,-0.056162883712175926,0.1325913518667221,-0.03546702861785889,-0.05854845158589228,0.1213759034872055,-0.08222225308418274,-0.013081539606872639,0.16112510859966278,-0.12457296252250671,-0.04391694553029879,0.11589287221431732,-0.07602682709693909,-0.04556939489972933,0.10633377730846405,-0.06297501921653748,-0.03784024827015742,0.09355051815509796,-0.11323118209838867,-0.015292846782330116,0.11434994637966156,-0.14686504006385803,-0.047115442527655205,0.07945026457309723,-0.09512853622436523,-0.03463717289102419,0.07401980459690094,-0.08050420880317688,-0.016747963799360832,0.06409697234630585,-0.1428370475769043,-0.01970873325896605,0.08574889600276947,-0.16632959246635437,-0.033724763615254005,0.06597794592380524,-0.13097012042999268,-0.018548441304091057,0.05549819767475128,-0.11792057752609253,-0.0021338671894852723
B,0.0,0.0,0.0,0.04893064498901367,0.02053588628768921,-0.029969520650155346,0.10868021845817566,0.017747163772583008,-0.04355124548757772,0.13466739654541016,-0.03856217861175537,-0.05416288018906812,0.1264837086200714,-0.09821242094039917,-0.05736547500575284,0.14679956436157227,-0.041382789611816406,-0.016726668707377712,0.19162431359291077,-0.08160907030105591,-0.04713646859610776,0.1476747691631317,-0.04755041003227234,-0.05881656125868062,0.1321474015712738,-0.033820390701293945,-0.06152332366193036,0.12223327159881592,-0.0803723931312561,-0.01342296299273471,0.16341835260391235,-0.1212279200553894,-0.045231995887405674,0.11750531196594238,-0.07363200187683105,-0.048080177760965626,0.10835173726081848,-0.06270557641983032,-0.041077071584112446,0.09470301866531372,-0.11172246932983398,-0.015447082712597648,0.1162937581539154,-0.14473721385002136,-0.04798739568079213,0.0809912383556366,-0.09348154067993164,-0.03616016522730092,0.07654592394828796,-0.08013063669204712,-0.018583632788903515,0.06560871005058289,-0.1418442726135254,-0.0196772141077588,0.08640286326408386,-0.16553688049316406,-0.034072177267916004,0.06693693995475769,-0.12947016954421997,-0.01913947776640157,0.0576176643371582,-0.11564978957176208,-0.002815039611704151
B,0.0,0.0,0.0,0.0495569109916687,0.020991086959838867,-0.02982197616907456,0.10686397552490234,0.01744908094406128,-0.04298263330670693,0.13368138670921326,-0.03611874580383301,-0.052989847107852484,0.12830010056495667,-0.09481948614120483,-0.05549287710996964,0.1489553451538086,-0.04189401865005493,-0.014840225770200277,0.19152513146400452,-0.07875952124595642,-0.04419189979049065,0.14735722541809082,-0.04323846101760864,-0.056214242323363806,0.13277563452720642,-0.03086376190185547,-0.05948285673471787,0.12487465143203735,-0.08141449093818665,-0.01097654652508595,0.16441559791564941,-0.1186608076095581,-0.04088536564918854,0.11849677562713623,-0.07020872831344604,-0.04382564042421677,0.11133033037185669,-0.061752259731292725,-0.03778206844540932,0.09697416424751282,-0.11358749866485596,-0.012481726787115122,0.11886271834373474,-0.14358457922935486,-0.04270283792826035,0.08356183767318726,-0.09324246644973755,-0.030780433758224035,0.08077168464660645,-0.08282795548439026,-0.014304864301408315,0.06762534379959106,-0.1444171667098999,-0.016256026073421026,0.0874236524105072,-0.1650908887386322,-0.02861529503675797,0.0675751268863678,-0.12893661856651306,-0.013208202167476202,0.05927225947380066,-0.11661738157272339,0.002687885112067079
B,0.0,0.0,0.0,0.04884916543960571,0.022588372230529785,-0.032731137215449735,0.10611048340797424,0.02235656976699829,-0.04750361943180792,0.13526463508605957,-0.03375774621963501,-0.058732329844787046,0.13128364086151123,-0.0931987464427948,-0.06223137208755247,0.15141579508781433,-0.0392453670501709,-0.015340290009334012,0.1931346356868744,-0.07381898164749146,-0.04512470865185492,0.1483704149723053,-0.039799273014068604,-0.0575318364196562,0.1346133053302765,-0.02929091453552246,-0.06124249005253546,0.12749505043029785,-0.07991266250610352,-0.01045196221704714,0.16608163714408875,-0.1145176887512207,-0.04147285500104658,0.1193067729473114,-0.06649607419967651,-0.04483515301282637,0.11301007866859436,-0.05963906645774841,-0.03894849398668043,0.09958547353744507,-0.11245450377464294,-0.011305787577583715,0.12183719873428345,-0.14058193564414978,-0.04317493641312353,0.0858272910118103,-0.09011533856391907,-0.03146577531035177,0.08218696713447571,-0.08062934875488281,-0.014753114409103318,0.06984329223632812,-0.14353138208389282,-0.014656375139310285,0.09121578931808472,-0.1627894639968872,-0.028435573890163823,0.07122886180877686,-0.12730351090431213,-0.013553037285163327,0.062088340520858765,-0.11684569716453552,0.0022738788041181124
B,0.0,0.0,0.0,0.04813133180141449,0.024746358394622803,-0.031051822869841317,0.10782094299793243,0.025376439094543457,-0.04540862415618108,0.13623495399951935,-0.028509020805358887,-0.05671084944791005,0.13177041709423065,-0.08873447775840759,-0.060537985457841614,0.1491326540708542,-0.03574514389038086,-0.016043205677334527,0.19450391829013824,-0.06948435306549072,-0.046078561737004975,0.14922429621219635,-0.03614962100982666,-0.05770701070017026,0.13359995186328888,-0.02549034357070923,-0.0606697825033109,0.12605907022953033,-0.07672831416130066,-0.012226801297430256,0.16718800365924835,-0.1115674376487732,-0.04432279144114659,0.11983568966388702,-0.06411546468734741,-0.04755950246638463,0.11145101487636566,-0.056458085775375366,-0.040953303619090775,0.09897367656230927,-0.11003649234771729,-0.01383801077193425,0.12158234417438507,-0.1383826732635498,-0.0470402901310365,0.08494667708873749,-0.0874994695186615,-0.035492761923734406,0.08078910410404205,-0.07742741703987122,-0.018211194245878914,0.07036541402339935,-0.14220604300498962,-0.017639405025903443,0.09254734218120575,-0.16046854853630066,-0.03261118282264874,0.07137320935726166,-0.12471744418144226,-0.017824127270642975,0.06150142848491669,-0.11447611451148987,-0.0016519678074757849
B,0.0,0.0,0.0,0.04802057147026062,0.02351170778274536,-0.030635758238503286,0.10616359114646912,0.022418737411499023,-0.04579647344596083,0.13511210680007935,-0.02943730354309082,-0.05819244024402792,0.13208433985710144,-0.08941948413848877,-0.06323184159643347,0.1512736678123474,-0.03874063491821289,-0.016117534535595723,0.19542381167411804,-0.07302385568618774,-0.04657023859269316,0.14987099170684814,-0.03869152069091797,-0.05876016703493292,0.1339685320854187,-0.02800297737121582,-0.06211955186969931,0.12750142812728882,-0.07961326837539673,-0.01269747869170601,0.16859230399131775,-0.1137382984161377,-0.04467342880613501,0.12144845724105835,-0.06502950191497803,-0.04798233223206694,0.1138414740562439,-0.05849277973175049,-0.041694194945165464,0.09930962324142456,-0.11261224746704102,-0.014698604988524266,0.12231314182281494,-0.13971468806266785,-0.04716235485918219,0.08604204654693604,-0.08819916844367981,-0.035169777395793744,0.082302987575531,-0.07960957288742065,-0.018028517189094373,0.06957826018333435,-0.14433836936950684,-0.018940093862482854,0.0914263129234314,-0.16209226846694946,-0.033096325519153424,0.07127529382705688,-0.12567192316055298,-0.018052709224292585,0.06283155083656311,-0.11575287580490112,-0.0020456306455969298
B,0.0,0.0,0.0,0.04868507385253906,0.02468693256378174,-0.03061464289831406,0.10508698225021362,0.023747563362121582,-0.04603224667417294,0.13230302929878235,-0.028141140937805176,-0.058947291697137416,0.13020533323287964,-0.08856469392776489,-0.06471827300893551,0.14918658137321472,-0.03972572088241577,-0.016242644290201724,0.19362914562225342,-0.07365608215332031,-0.04732810753094441,0.14783251285552979,-0.04052537679672241,-0.05984889018046147,0.13087055087089539,-0.030472934246063232,-0.0632130247603584,0.12529301643371582,-0.07942885160446167,-0.012841472874157489,0.16609466075897217,-0.1139349639415741,-0.0457714800785709,0.11893811821937561,-0.0663280189037323,-0.04971033754455334,0.1106848418712616,-0.05910792946815491,-0.04364763620006329,0.09735187888145447,-0.11192581057548523,-0.014891616540722907,0.12058338522911072,-0.13992643356323242,-0.048459589953296245,0.08415639400482178,-0.08875656127929688,-0.037054755265586437,0.07974374294281006,-0.07880294322967529,-0.019926621119253696,0.0680161714553833,-0.14385545253753662,-0.019117568160169185,0.0904080867767334,-0.16249072551727295,-0.03431797074782139,0.06980490684509277,-0.1256769597530365,-0.019743444869988025,0.06067448854446411,-0.11360517144203186,-0.0037590246710408337
B,0.0,0.0,0.0,0.04839944839477539,0.025448262691497803,-0.03074661680895474,0.10604777932167053,0.026114940643310547,-0.04599932992297795,0.13266286253929138,-0.027238070964813232,-0.058571707843128706,0.12932300567626953,-0.08730295300483704,-0.06396526881891873,0.14951151609420776,-0.039142727851867676,-0.016027085868898894,0.19289395213127136,-0.0728076696395874,-0.04719530457097676,0.14749035239219666,-0.03901952505111694,-0.05984944888788846,0.1304454803466797,-0.028870880603790283,-0.06333583631951001,0.12533769011497498,-0.0793406069278717,-0.012630260935310389,0.16469988226890564,-0.11341619491577148,-0.04532437810141232,0.11821115016937256,-0.06495198607444763,-0.04917454013067868,0.11040505766868591,-0.0581967830657959,-0.043163869915787245,0.09731122851371765,-0.11191108822822571,-0.014751394665125872,0.1194935142993927,-0.13879147171974182,-0.04823781215984013,0.08334130048751831,-0.08716493844985962,-0.036729120103899504,0.07934221625328064,-0.07822984457015991,-0.01970119254130509,0.06751382350921631,-0.14371350407600403,-0.0190656282140651,0.08907940983772278,-0.161001056432724,-0.034326561181131865,0.0685158371925354,-0.12352114915847778,-0.01976772995132592,0.05983924865722656,-0.1124030351638794,-0.0038592933344432367
B,0.0,0.0,0.0,0.04850611090660095,0.02582705020904541,-0.029930802866715567,0.10731527209281921,0.026935935020446777,-0.04420185169567503,0.13225144147872925,-0.026763498783111572,-0.0556598276494924,0.1271178424358368,-0.08624881505966187,-0.0598380648194734,0.14885899424552917,-0.03858649730682373,-0.015976090788740294,0.1929989755153656,-0.07180052995681763,-0.046582721978325026,0.1471143364906311,-0.0374491810798645,-0.0586142250000421,0.1305515468120575,-0.02837735414505005,-0.061834611803192274,0.12493965029716492,-0.07879239320755005,-0.012754294894534723,0.1643768846988678,-0.11178919672966003,-0.045247436374324934,0.11704128980636597,-0.06282693147659302,-0.04890480345477499,0.10924822092056274,-0.05688828229904175,-0.04275341784943976,0.09712961316108704,-0.11161375045776367,-0.014898786194521563,0.11874979734420776,-0.13786393404006958,-0.047972787976164,0.08258622884750366,-0.08571448922157288,-0.03664175501455702,0.07931682467460632,-0.07751408219337463,-0.01984277448048033,0.06754881143569946,-0.14368385076522827,-0.019099463581937925,0.08793878555297852,-0.1594553291797638,-0.03381323894848265,0.06769567728042603,-0.12196090817451477,-0.019270603418249266,0.059669315814971924,-0.112468421459198,-0.0035220420583073064
B,0.0,0.0,0.0,0.04788890480995178,0.025814175605773926,-0.030937599837045582,0.10580947995185852,0.026921331882476807,-0.04610905133114329,0.13218501210212708,-0.026728928089141846,-0.05849366716967097,0.1282070279121399,-0.08671769499778748,-0.06370382837877742,0.14903885126113892,-0.03858858346939087,-0.01613190293238631,0.19265598058700562,-0.07168826460838318,-0.046876390352110775,0.1472632884979248,-0.037642717361450195,-0.0591947779797124,0.1306006908416748,-0.028255581855773926,-0.06256135635004512,0.12459707260131836,-0.07904008030891418,-0.012576769924919518,0.1646011471748352,-0.11225837469100952,-0.04552941106186381,0.1179264485836029,-0.06335139274597168,-0.049803701116900356,0.10983127355575562,-0.057184815406799316,-0.04394733987675181,0.0963071882724762,-0.1117158830165863,-0.01444527588711253,0.11838966608047485,-0.13813480734825134,-0.04819519154654017,0.08275195956230164,-0.08633565902709961,-0.037328579350571545,0.07893058657646179,-0.0779438316822052,-0.020585351511101635,0.06658527255058289,-0.14384806156158447,-0.018415286093215855,0.08815973997116089,-0.16101086139678955,-0.03375747509227267,0.0683184266090393,-0.12362056970596313,-0.019452596902112873,0.05996602773666382,-0.11300963163375854,-0.0036788777254628258
B,0.0,0.0,0.0,0.048124149441719055,0.025371134281158447,-0.031515007972956255,0.10649414360523224,0.027616441249847412,-0.047067610681295946,0.13341258466243744,-0.026279926300048828,-0.05967894023680742,0.12847207486629486,-0.08717375993728638,-0.06511623612070139,0.15004141628742218,-0.03789973258972168,-0.016461102426291063,0.19168637692928314,-0.07044443488121033,-0.047397514939547136,0.14719970524311066,-0.035986483097076416,-0.06008525764966066,0.13196642696857452,-0.02582991123199463,-0.06386669924879129,0.12589342892169952,-0.0789119303226471,-0.012936719827592924,0.16447226703166962,-0.11202776432037354,-0.04612532830262239,0.1181221455335617,-0.0630277693271637,-0.050481511414290026,0.11045251786708832,-0.05666235089302063,-0.04476178264641817,0.0977480560541153,-0.1121261715888977,-0.014899583667755678,0.1194068044424057,-0.13921651244163513,-0.04938915944123323,0.08341853320598602,-0.08667603135108948,-0.03852601921582277,0.07966591417789459,-0.07793301343917847,-0.021724023059249475,0.06761549413204193,-0.14454811811447144,-0.01900859935605581,0.08873201906681061,-0.160666823387146,-0.03536692088866289,0.06817023456096649,-0.12291574478149414,-0.021339723974705294,0.059363022446632385,-0.1130436360836029,-0.005621002190054014
B,0.0,0.0,0.0,0.04567432403564453,0.026635468006134033,-0.03226692900938133,0.10542094707489014,0.03070366382598877,-0.04772880972308258,0.133999764919281,-0.024631738662719727,-0.05990297273677925,0.1298578977584839,-0.08571520447731018,-0.06459332183879951,0.15029668807983398,-0.034899115562438965,-0.01741459892076591,0.19444727897644043,-0.06719467043876648,-0.048471576729241406,0.14888012409210205,-0.03297019004821777,-0.06032044366878608,0.13400298357009888,-0.022654056549072266,-0.06331518963855842,0.1262926161289215,-0.07635784149169922,-0.013618587711277996,0.16787347197532654,-0.10838478803634644,-0.046854215869132076,0.11971712112426758,-0.060176700353622437,-0.05027396158260444,0.11204972863197327,-0.05407017469406128,-0.043513971575919186,0.09879723191261292,-0.11003485321998596,-0.0153948331339393,0.12165269255638123,-0.13543766736984253,-0.0502035759477053,0.08368149399757385,-0.084371417760849,-0.0386013306764994,0.08003553748130798,-0.07673946022987366,-0.020939848580781018,0.06939834356307983,-0.14295372366905212,-0.01936680749935249,0.09206148982048035,-0.15854188799858093,-0.03566394672674278,0.069825679063797,-0.12239047884941101,-0.02097070143503288,0.06029289960861206,-0.11429101228713989,-0.0045870190573964464
B,0.0,0.0,0.0,0.04662182927131653,0.025825977325439453,-0.03116628129097876,0.10602666437625885,0.028953969478607178,-0.046633276828259795,0.13557128608226776,-0.024441540241241455,-0.05932525519344267,0.1320696622133255,-0.08571138978004456,-0.06477273602101263,0.1516108363866806,-0.03639781475067139,-0.015747600906223624,0.19530914723873138,-0.066581130027771,-0.04653841976139006,0.14948232471942902,-0.032445669174194336,-0.05895919326755461,0.13380660116672516,-0.02375119924545288,-0.06251246828648505,0.1278134435415268,-0.07781019806861877,-0.012733907178670734,0.16889621317386627,-0.10887321829795837,-0.045773479827374786,0.12122397124767303,-0.060595959424972534,-0.050116389729709,0.11294977366924286,-0.05553063750267029,-0.04426408533069548,0.09998272359371185,-0.1113104522228241,-0.015170740634829372,0.12363021075725555,-0.13593140244483948,-0.049536004402369826,0.08618505299091339,-0.08426091074943542,-0.038545004763335555,0.08149398863315582,-0.07683545351028442,-0.02151403177592215,0.07023350894451141,-0.14412447810173035,-0.019726784639686912,0.09330643713474274,-0.159082293510437,-0.035750467070073455,0.07199268043041229,-0.12191697955131531,-0.021274987348050445,0.06257332861423492,-0.11291754245758057,-0.005181059446812242
B,0.0,0.0,0.0,0.04702630639076233,0.026562809944152832,-0.03031644382716081,0.10648995637893677,0.029438912868499756,-0.045184939813026403,0.13612043857574463,-0.023900508880615234,-0.057357065092929815,0.1332450807094574,-0.08552482724189758,-0.06225185812652967,0.15103718638420105,-0.03501546382904053,-0.015042050454923128,0.196738600730896,-0.06544947624206543,-0.04532166914285085,0.15119138360023499,-0.03176945447921753,-0.057262394290575,0.1353013813495636,-0.023122787475585938,-0.06059407786668203,0.12795022130012512,-0.07660311460494995,-0.012270820040413355,0.17119580507278442,-0.10802844166755676,-0.044789999436744665,0.12343397736549377,-0.06018638610839844,-0.04879186273754499,0.11492440104484558,-0.05505967140197754,-0.04277289257586858,0.10005947947502136,-0.11041459441184998,-0.014848251540371393,0.12461653351783752,-0.135751873254776,-0.04873222083986661,0.0875115692615509,-0.08425760269165039,-0.037488188307889914,0.0829804539680481,-0.07729646563529968,-0.020419021781691526,0.07008305191993713,-0.14336878061294556,-0.019451068427571272,0.09345665574073792,-0.15844565629959106,-0.03525775269807241,0.07245227694511414,-0.12152069807052612,-0.020612956669339155,0.06307244300842285,-0.11348897218704224,-0.00448956498146913
B,0.0,0.0,0.0,0.04667043685913086,0.025724589824676514,-0.030231324467479226,0.10712824761867523,0.02875494956970215,-0.045155295613824364,0.1378369778394699,-0.021852433681488037,-0.05755929041248464,0.13503505289554596,-0.0836566686630249,-0.06274334851246977,0.15242581069469452,-0.03668701648712158,-0.015215358208536145,0.19843511283397675,-0.06756052374839783,-0.04593346405368948,0.15210355818271637,-0.03496795892715454,-0.05836849424582624,0.1343255490064621,-0.026585161685943604,-0.06177729133111143,0.1288636475801468,-0.07772707939147949,-0.012068578485070702,0.17087359726428986,-0.10866931080818176,-0.04438750583273077,0.12350280582904816,-0.06121641397476196,-0.04844664547186994,0.11533261835575104,-0.0562155544757843,-0.04261791843515539,0.10065393149852753,-0.11082559823989868,-0.014257202367900845,0.12464426457881927,-0.1357690691947937,-0.047401384893476006,0.08800102770328522,-0.0844283401966095,-0.03584069523554945,0.08319540321826935,-0.07676708698272705,-0.018795389193712708,0.07053966820240021,-0.14322525262832642,-0.01854882340472841,0.09330208599567413,-0.15837904810905457,-0.033554350468932626,0.07302947342395782,-0.1218603253364563,-0.01873626697403097,0.06413890421390533,-0.11328503489494324,-0.0026085157651891677
B,0.0,0.0,0.0,0.0511949360370636,0.024437367916107178,-0.023285450391625773,0.11154122650623322,0.0269281268119812,-0.035570319719766985,0.14328666031360626,-0.022375643253326416,-0.046979170270418535,0.1366952508687973,-0.08389928936958313,-0.05208816749617995,0.15165270864963531,-0.035118281841278076,-0.011927087769066702,0.200520858168602,-0.06781768798828125,-0.04208885876104773,0.15541483461856842,-0.038096487522125244,-0.05474167687461318,0.13410307466983795,-0.02603250741958618,-0.05810187754795493,0.1282026320695877,-0.07644787430763245,-0.012238979317402254,0.17028431594371796,-0.10898321866989136,-0.04324526337549628,0.12259985506534576,-0.06341016292572021,-0.04648087916538657,0.10978467762470245,-0.052719175815582275,-0.040205914504980456,0.10029353201389313,-0.11022129654884338,-0.017310665898179423,0.1250748485326767,-0.1369389295578003,-0.04879592729375304,0.08874945342540741,-0.08578255772590637,-0.03701182825133742,0.0787932425737381,-0.072397381067276,-0.019817842148398768,0.06953684985637665,-0.14249533414840698,-0.024029757805323015,0.09397073090076447,-0.15989220142364502,-0.03853377697632254,0.07447277009487152,-0.12300071120262146,-0.0235644001291746,0.06328223645687103,-0.11045211553573608,-0.007104243129646193
B,0.0,0.0,0.0,0.05197152495384216,0.02068150043487549,-0.02363733573298532,0.1135168969631195,0.020788371562957764,-0.03497381134371835,0.14558586478233337,-0.027767300605773926,-0.044921495005894485,0.13740527629852295,-0.0880294144153595,-0.0480906776938923,0.15459534525871277,-0.04011523723602295,-0.011263036154616657,0.20033004879951477,-0.0737224817276001,-0.04067021979432184,0.15406948328018188,-0.04268848896026611,-0.052383478716421905,0.13687825202941895,-0.03011995553970337,-0.05554821713309366,0.1310957968235016,-0.08093053102493286,-0.011696102083135429,0.17188891768455505,-0.11350244283676147,-0.04225589706044275,0.12270528078079224,-0.0677165687084198,-0.04422018675546724,0.11253076791763306,-0.05689495801925659,-0.03707172720174867,0.10262680053710938,-0.1143137514591217,-0.017080748439241233,0.12410882115364075,-0.14127442240715027,-0.04781515522341806,0.0872315764427185,-0.09114602208137512,-0.03505608810525018,0.08101269602775574,-0.07864046096801758,-0.017492517814446273,0.07113736867904663,-0.14564788341522217,-0.024244861662793937,0.09122404456138611,-0.1651553511619568,-0.03702268002967912,0.07105809450149536,-0.12841403484344482,-0.020886668920923057,0.061637699604034424,-0.11563742160797119,-0.003997888401556793
B,0.0,0.0,0.0,0.05396871268749237,0.0167388916015625,-0.02152180029190731,0.11580075323581696,0.012171149253845215,-0.03322282349802208,0.14623264968395233,-0.035824358463287354,-0.0441797963354702,0.13555733859539032,-0.09597817063331604,-0.04870301401354027,0.154996857047081,-0.05155307054519653,-0.010556313303482057,0.19844098389148712,-0.0876377522945404,-0.03977492740489197,0.1540060192346573,-0.05191129446029663,-0.05252821659780693,0.13643662631511688,-0.04029768705368042,-0.05664034104086113,0.12894029915332794,-0.0905674397945404,-0.012046220806610108,0.16815133392810822,-0.12581703066825867,-0.043256822136413575,0.12212012708187103,-0.07429906725883484,-0.047205242422592164,0.11048059165477753,-0.06487217545509338,-0.04176377048827362,0.0984339565038681,-0.12181174755096436,-0.01791646992899132,0.12099160254001617,-0.15126299858093262,-0.04885713299847794,0.08657725155353546,-0.09508109092712402,-0.03689571758843613,0.07801125943660736,-0.08286795020103455,-0.020106383693587304,0.0656270831823349,-0.15078997611999512,-0.025281726476919175,0.08708526194095612,-0.17082417011260986,-0.038721087482940675,0.06815500557422638,-0.1306750476360321,-0.02304344726837826,0.057997435331344604,-0.11850246787071228,-0.006576188002895833
B,0.0,0.0,0.0,0.053167328238487244,0.016491055488586426,-0.02465316912272897,0.11726298928260803,0.008874833583831787,-0.03668832292893853,0.14813494682312012,-0.04372382164001465,-0.047381697950157786,0.13633620738983154,-0.10366460680961609,-0.050750626978668834,0.15472844243049622,-0.056222230195999146,-0.00982214303800788,0.1983233392238617,-0.09534692764282227,-0.04053141435721841,0.15359094738960266,-0.05630749464035034,-0.053210462239775325,0.13675734400749207,-0.04392853379249573,-0.056930071470532084,0.12807399034500122,-0.09501928091049194,-0.010246320423874522,0.1674744188785553,-0.13113093376159668,-0.04279510935882058,0.12073734402656555,-0.076700359582901,-0.046099039522204066,0.11114552617073059,-0.06893238425254822,-0.0394524250004622,0.0961746871471405,-0.12510141730308533,-0.015908415225538874,0.11734247207641602,-0.15372049808502197,-0.048737454024347926,0.08376988768577576,-0.09638044238090515,-0.036593685654196406,0.07889911532402039,-0.08683538436889648,-0.018995727208647395,0.061773478984832764,-0.1524486243724823,-0.023326049355063105,0.08097636699676514,-0.17175224423408508,-0.03714823236802545,0.06361919641494751,-0.13172760605812073,-0.021391582471522952,0.05617043375968933,-0.12266963720321655,-0.004720475786569978
B,0.0,0.0,0.0,0.05456337332725525,0.01335442066192627,-0.024468672546561265,0.12088602781295776,-7.766485214233398e-05,-0.03519924086612036,0.15102514624595642,-0.05800753831863403,-0.04444617507141402,0.13911914825439453,-0.11761713027954102,-0.046251637014563585,0.15583112835884094,-0.06570672988891602,-0.008778622458692098,0.19748526811599731,-0.11054539680480957,-0.03932512280624678,0.15420174598693848,-0.06851863861083984,-0.0516725900499182,0.1395339071750641,-0.052921801805496216,-0.055203070017512346,0.12787896394729614,-0.10330942273139954,-0.009353875267322564,0.1661163866519928,-0.14505106210708618,-0.041657992723401094,0.12117677927017212,-0.08796417713165283,-0.044578888538296724,0.11222764849662781,-0.07789239287376404,-0.03754011270683577,0.09503665566444397,-0.13212674856185913,-0.015302438373680616,0.11552587151527405,-0.16480541229248047,-0.04858775165956786,0.08284002542495728,-0.10400471091270447,-0.03611669045966437,0.07849827408790588,-0.0920839011669159,-0.01802887124102881,0.05942559242248535,-0.157390296459198,-0.0230441923169451,0.07845309376716614,-0.17968523502349854,-0.037706953558142686,0.06138847768306732,-0.136897474527359,-0.022026731717403436,0.05407997965812683,-0.12575605511665344,-0.005130152302797342
B,0.0,0.0,0.0,0.05428853631019592,0.010765910148620605,-0.02555520818674495,0.11979147791862488,-0.007722616195678711,-0.03632616982901027,0.14921525120735168,-0.06706172227859497,-0.04518282772147586,0.13722681999206543,-0.12556612491607666,-0.046030986915468475,0.15503156185150146,-0.07374262809753418,-0.009961074079512855,0.19619786739349365,-0.12413918972015381,-0.04162163646066119,0.1530376672744751,-0.07961374521255493,-0.053826946626543304,0.13859200477600098,-0.06213918328285217,-0.05689997957193782,0.12537917494773865,-0.11132687330245972,-0.010021616566120883,0.1606689691543579,-0.1568325161933899,-0.042466439168094894,0.11699452996253967,-0.09636130928993225,-0.04411033154570987,0.11096003651618958,-0.08613273501396179,-0.036285322020887634,0.09134355187416077,-0.13974353671073914,-0.015850864212154647,0.10913282632827759,-0.17433196306228638,-0.04974780217850139,0.07748758792877197,-0.11094385385513306,-0.03630584091985156,0.07601660490036011,-0.09935939311981201,-0.017573749507903358,0.05523930490016937,-0.1639237403869629,-0.02362622679316928,0.07078176736831665,-0.18681246042251587,-0.03855213509046962,0.054038599133491516,-0.1418641209602356,-0.022482054169415733,0.04827474057674408,-0.13084855675697327,-0.00524998861470749
B,0.0,0.0,0.0,0.05714339017868042,0.00703197717666626,-0.024284651387802114,0.12288975715637207,-0.013288319110870361,-0.035701200250855436,0.14825737476348877,-0.07828724384307861,-0.045615564916602125,0.13320764899253845,-0.13750159740447998,-0.0478920860927019,0.1537919044494629,-0.08678188920021057,-0.009271338466874113,0.19414803385734558,-0.13865047693252563,-0.03997717041181659,0.15320107340812683,-0.09168249368667603,-0.05206318560647105,0.13907679915428162,-0.07427743077278137,-0.055747523788681974,0.12296193838119507,-0.12270644307136536,-0.010296797264686575,0.15974798798561096,-0.17293930053710938,-0.04239052150057887,0.11966317892074585,-0.11018380522727966,-0.045034468058815946,0.11314615607261658,-0.10017809271812439,-0.03848713624881839,0.08672291040420532,-0.14785239100456238,-0.01658539462493991,0.1058577299118042,-0.18470102548599243,-0.05065347242759799,0.07723815739154816,-0.11724954843521118,-0.037692189101449,0.07448485493659973,-0.10495266318321228,-0.019645172987452497,0.04805944859981537,-0.16849425435066223,-0.024521322805753698,0.06475748121738434,-0.19380730390548706,-0.04042024898933505,0.05104820430278778,-0.14639988541603088,-0.02493708569215869,0.04570651054382324,-0.13478657603263855,-0.008394386504164686
B,0.0,0.0,0.0,0.05617642402648926,0.005659341812133789,-0.02547530199055359,0.12330931425094604,-0.022920608520507812,-0.03648264820341751,0.15221428871154785,-0.08696326613426208,-0.045869116882130356,0.13477250933647156,-0.1452515721321106,-0.04690145070318863,0.15406417846679688,-0.09553378820419312,-0.007192218421295138,0.19701087474822998,-0.14926362037658691,-0.037654322782799454,0.15578633546829224,-0.09831327199935913,-0.04953341300253555,0.1401703953742981,-0.08273923397064209,-0.052818116942688675,0.12252622842788696,-0.13053187727928162,-0.007403311064734908,0.1600332260131836,-0.18260356783866882,-0.039549053857371064,0.12094062566757202,-0.11655616760253906,-0.04227384294037506,0.11466878652572632,-0.10896027088165283,-0.03516156340603516,0.08509171009063721,-0.15448641777038574,-0.013185457537218781,0.10508391261100769,-0.19204282760620117,-0.04697067777280495,0.07828211784362793,-0.12169766426086426,-0.033796922514483185,0.07643993198871613,-0.11024433374404907,-0.015107740858837815,0.04661007225513458,-0.17440176010131836,-0.020815794566914292,0.06407421827316284,-0.19889158010482788,-0.0356947865581958,0.05148904025554657,-0.15127965807914734,-0.019549624273821564,0.04690980911254883,-0.14037570357322693,-0.002318425780430289
B,0.0,0.0,0.0,0.058248817920684814,0.0025517940521240234,-0.024927244198778453,0.1249447762966156,-0.028369605541229248,-0.03613655516252834,0.1543261706829071,-0.09364226460456848,-0.046025301006892505,0.13472306728363037,-0.15268611907958984,-0.04782986515508014,0.15412083268165588,-0.10229921340942383,-0.006648346458831611,0.19707250595092773,-0.15777114033699036,-0.03676505261407215,0.1557922065258026,-0.1068325936794281,-0.048750157145121875,0.13993456959724426,-0.08997967839241028,-0.05225160220012981,0.12166571617126465,-0.13679379224777222,-0.007235160240242067,0.1584819257259369,-0.19107764959335327,-0.039754374561169925,0.11928144097328186,-0.12475624680519104,-0.042678537455657306,0.11179283261299133,-0.11409097909927368,-0.03558481731758434,0.08358271420001984,-0.1602449119091034,-0.01326004104063827,0.10305336117744446,-0.19916534423828125,-0.04719662540898639,0.07606576383113861,-0.1284221112728119,-0.033988247302630725,0.07255218923091888,-0.11453711986541748,-0.015153073382833782,0.04457250237464905,-0.1796020269393921,-0.021125868571260753,0.06136293709278107,-0.2045595645904541,-0.03605682277427036,0.048406198620796204,-0.1574573814868927,-0.019921078023770633,0.0430302619934082,-0.14585846662521362,-0.0026568348084481386
B,0.0,0.0,0.0,0.060450479388237,-0.002147197723388672,-0.02517200938456199,0.12368232011795044,-0.03623366355895996,-0.03803109682195327,0.15197241306304932,-0.1010170578956604,-0.05003914914124152,0.1338544487953186,-0.16206225752830505,-0.05420529029362342,0.1529325544834137,-0.1100807785987854,-0.007498369338293287,0.19513538479804993,-0.1677904725074768,-0.03858573294274947,0.15580499172210693,-0.11511737108230591,-0.05153396285169265,0.1401536762714386,-0.0975608229637146,-0.05550603873126647,0.11915713548660278,-0.14298608899116516,-0.008159092879225227,0.1549648642539978,-0.19929885864257812,-0.041368595576216194,0.11781874299049377,-0.13121435046195984,-0.045127175068785164,0.11042225360870361,-0.12070366740226746,-0.038930407977034065,0.0803464949131012,-0.16470056772232056,-0.014187924815644237,0.10078427195549011,-0.2065148949623108,-0.04818148470513961,0.07565119862556458,-0.13490095734596252,-0.0344154231905236,0.0714854896068573,-0.12025901675224304,-0.015521721234847519,0.040729820728302,-0.18301621079444885,-0.022129229521681282,0.05969087779521942,-0.21120285987854004,-0.03705019808404586,0.0478784441947937,-0.16394862532615662,-0.020202649077702972,0.04143032431602478,-0.15046367049217224,-0.002514183773030254
B,0.0,0.0,0.0,0.061981722712516785,-0.008294641971588135,-0.020397673239614278,0.12411168217658997,-0.04286050796508789,-0.030842763250376493,0.15248695015907288,-0.10816994309425354,-0.041224525188710004,0.13243946433067322,-0.166187584400177,-0.0441549502961891,0.15326467156410217,-0.11629992723464966,-0.002910494217331916,0.195127934217453,-0.17651784420013428,-0.03143219730785063,0.15755128860473633,-0.12384340167045593,-0.04483036032846144,0.14070573449134827,-0.10445669293403625,-0.0495187722795265,0.11888515949249268,-0.14929157495498657,-0.004964674235935718,0.15471914410591125,-0.20736277103424072,-0.036066927825714856,0.11943462491035461,-0.13844165205955505,-0.0427811675422447,0.11028632521629333,-0.12552183866500854,-0.03975707373550108,0.0800548642873764,-0.169634610414505,-0.011261984584535867,0.10165426135063171,-0.21293935179710388,-0.04107296920349768,0.0781676173210144,-0.14163434505462646,-0.02889194606771639,0.07047352194786072,-0.12371444702148438,-0.01240026845565012,0.039680153131484985,-0.18541428446769714,-0.01915073289504221,0.06016021966934204,-0.21801847219467163,-0.03044596767952612,0.05093742907047272,-0.16973340511322021,-0.013335704682077676,0.04365091025829315,-0.1523883044719696,0.003650950622130722
B,0.0,0.0,0.0,0.06215272843837738,-0.012838125228881836,-0.02364682596316925,0.12280960381031036,-0.048246920108795166,-0.035360738673716696,0.15278728306293488,-0.11384260654449463,-0.04633962366870037,0.13399602472782135,-0.17252254486083984,-0.049410309681206854,0.15475516021251678,-0.12330162525177002,-0.0028918385892211518,0.19384382665157318,-0.1827259659767151,-0.032603621521502646,0.15641619265079498,-0.12934774160385132,-0.04743847999861828,0.14047293365001678,-0.10897013545036316,-0.05288746584346882,0.11974643170833588,-0.15583449602127075,-0.003166489108934911,0.15393857657909393,-0.21484830975532532,-0.036110602357894095,0.11942766606807709,-0.1454523801803589,-0.04451608289173237,0.11180318892002106,-0.13139411807060242,-0.04232287783315769,0.07976633310317993,-0.17507725954055786,-0.008069946469277056,0.10001976788043976,-0.21528545022010803,-0.03905100006750217,0.0770488828420639,-0.14453557133674622,-0.027875794136434706,0.07057176530361176,-0.12627199292182922,-0.011813472995072516,0.038716018199920654,-0.1891385316848755,-0.014873813876420172,0.0569697767496109,-0.216932475566864,-0.026280872562438162,0.04814864695072174,-0.16889849305152893,-0.00985654913029066,0.04213802516460419,-0.1521395742893219,0.00666490565845379
B,0.0,0.0,0.0,0.06505951285362244,-0.01667165756225586,-0.019608354057822908,0.12291863560676575,-0.05456507205963135,-0.029785713042770112,0.1522240936756134,-0.12236443161964417,-0.04027589024201461,0.13346010446548462,-0.17819389700889587,-0.04355585561290809,0.15339937806129456,-0.12805518507957458,0.0017868827779921048,0.1906731128692627,-0.18983891606330872,-0.025719262521420205,0.15581345558166504,-0.1388205885887146,-0.041045531492386544,0.1390107274055481,-0.11608201265335083,-0.047103848170195306,0.11768445372581482,-0.1599026918411255,0.00011595217063131713,0.14975756406784058,-0.22031188011169434,-0.029045225914273942,0.11797207593917847,-0.1526552140712738,-0.03787939236656257,0.1097450852394104,-0.13695281744003296,-0.03729445473447868,0.07707154750823975,-0.17773795127868652,-0.005713021244559968,0.09672993421554565,-0.22076082229614258,-0.03347430364385673,0.07622668147087097,-0.1500740349292755,-0.02285805517033168,0.06729166209697723,-0.12628263235092163,-0.008127350222025598,0.03506810963153839,-0.18845447897911072,-0.013208308119033063,0.054731860756874084,-0.22243058681488037,-0.023258818175349916,0.047703295946121216,-0.17443782091140747,-0.0067113995102090485,0.04006184637546539,-0.1530948281288147,0.009520846557165896
B,0.0,0.0,0.0,0.06408992409706116,-0.017490267753601074,-0.020656862617585148,0.12090803682804108,-0.05741602182388306,-0.0310809140513868,0.14855577051639557,-0.12421119213104248,-0.04169072708592125,0.13106612861156464,-0.18007361888885498,-0.044883323223444904,0.15183044970035553,-0.1290421187877655,0.0013094910233064638,0.18450643122196198,-0.19150221347808838,-0.028380547971579517,0.15067805349826813,-0.139813631772995,-0.04431994012102791,0.13622687757015228,-0.11523967981338501,-0.05020264661416718,0.11505596339702606,-0.1587224304676056,-4.740206841802319e-05,0.14321641623973846,-0.2206065058708191,-0.03148993602499672,0.11299152672290802,-0.15220412611961365,-0.03954230374202439,0.10635922849178314,-0.13412919640541077,-0.03737506768212029,0.07498763501644135,-0.17572319507598877,-0.006179681834879602,0.09195230901241302,-0.21971473097801208,-0.03637132918939301,0.07130157947540283,-0.1486596167087555,-0.024913761154863323,0.06505332887172699,-0.12598875164985657,-0.008648818680200066,0.034112244844436646,-0.18698763847351074,-0.014105385490807976,0.05101902782917023,-0.2202303409576416,-0.025486593456122364,0.04265029728412628,-0.17215898633003235,-0.008908065357360329,0.036450788378715515,-0.1518629789352417,0.007912221974578415
B,0.0,0.0,0.0,0.0657593309879303,-0.01993119716644287,-0.018800160585044523,0.12150174379348755,-0.060337960720062256,-0.027837843371628423,0.14528143405914307,-0.12994351983070374,-0.03718773528754582,0.12660974264144897,-0.1854516863822937,-0.03984562560737004,0.14816516637802124,-0.13186118006706238,0.004853995779456,0.1802527904510498,-0.18969666957855225,-0.019641612393854757,0.14765211939811707,-0.13985425233840942,-0.03465876981437077,0.13368892669677734,-0.11768189072608948,-0.04166596635997166,0.11254605650901794,-0.16200533509254456,0.0031601954548818867,0.14214321970939636,-0.22277545928955078,-0.023436448274253507,0.11258137226104736,-0.15602722764015198,-0.033116216508744856,0.10477942228317261,-0.13898271322250366,-0.033869835285543104,0.07177114486694336,-0.1781712770462036,-0.002473994361309906,0.08949288725852966,-0.21999093890190125,-0.027840261085032125,0.07176633179187775,-0.15151619911193848,-0.018593585787414213,0.0639079362154007,-0.12675362825393677,-0.00572532994493713,0.029875293374061584,-0.1855277419090271,-0.009716330764888426,0.04728110134601593,-0.2191835343837738,-0.018071197642086645,0.042621225118637085,-0.17291909456253052,-0.0020337968301760156,0.03654104471206665,-0.15109065175056458,0.013020901272000174
B,0.0,0.0,0.0,0.06367179751396179,-0.022054433822631836,-0.018503042253058766,0.118019700050354,-0.06586277484893799,-0.02699738213638625,0.14170098304748535,-0.13545984029769897,-0.03612688960353694,0.12126439809799194,-0.187738835811615,-0.0380394201151546,0.14242705702781677,-0.13555938005447388,0.008370209170180942,0.17278042435646057,-0.19514146447181702,-0.018529981689852093,0.14162346720695496,-0.14456143975257874,-0.03399138556639514,0.12680542469024658,-0.12121415138244629,-0.039810486452978466,0.1061890721321106,-0.16199848055839539,0.006686315556663658,0.13360053300857544,-0.22308441996574402,-0.02098786117355189,0.10637575387954712,-0.15498191118240356,-0.028928533511560772,0.09932467341423035,-0.13762247562408447,-0.027127459960382794,0.06603235006332397,-0.1758851408958435,0.00018578787197043312,0.0823182761669159,-0.2190532386302948,-0.02708169663171134,0.06591543555259705,-0.14871683716773987,-0.016674259992640827,0.059667035937309265,-0.12499344348907471,-0.0015344456428181275,0.02489382028579712,-0.18318051099777222,-0.007952194976013516,0.04195469617843628,-0.21787214279174805,-0.017052471952837323,0.03695392608642578,-0.17090395092964172,-0.000329557248250012,0.031213074922561646,-0.14936906099319458,0.01620780831356683
B,0.0,0.0,0.0,0.061656296253204346,-0.018948495388031006,-0.01938078007762556,0.11546243727207184,-0.06757086515426636,-0.02840608744983797,0.13658852875232697,-0.1379227340221405,-0.03806496611898069,0.1166728287935257,-0.190790057182312,-0.041071185982872294,0.1381806880235672,-0.1333671510219574,0.0044871353068458575,0.1680000275373459,-0.19182202219963074,-0.023249933636833475,0.1379735916852951,-0.1420498490333557,-0.03777362234060888,0.12344501912593842,-0.11859211325645447,-0.042854765570808695,0.10231740772724152,-0.1596219837665558,0.0023155602150666255,0.1291026622056961,-0.22188672423362732,-0.027184402710844324,0.10348270833492279,-0.15574267506599426,-0.0343575497633708,0.09589536488056183,-0.13650676608085632,-0.031127540535379694,0.0633099228143692,-0.17366304993629456,-0.004741050443698214,0.07828089594841003,-0.21729972958564758,-0.03523990712230329,0.06227704882621765,-0.14567306637763977,-0.02512304498915796,0.05614306032657623,-0.12162312865257263,-0.009036568134177969,0.023212715983390808,-0.18204298615455627,-0.013308477728713797,0.040009722113609314,-0.21704864501953125,-0.02617416358654623,0.03421911597251892,-0.16855400800704956,-0.010571560963143156,0.028089165687561035,-0.14658424258232117,0.005983300366352751
B,0.0,0.0,0.0,0.060539379715919495,-0.0219765305519104,-0.01974866172020029,0.11455979943275452,-0.07022953033447266,-0.027795208671136606,0.13490402698516846,-0.1401900053024292,-0.03623508667294573,0.1138181984424591,-0.19002187252044678,-0.037355691247626055,0.1345963180065155,-0.1354304850101471,0.008765701151446592,0.16242802143096924,-0.1965503692626953,-0.018141578936024416,0.13342994451522827,-0.1455288827419281,-0.03263637056295465,0.11912873387336731,-0.12056070566177368,-0.03735217457358431,0.0989166796207428,-0.15917697548866272,0.008232047728256475,0.12332886457443237,-0.22168445587158203,-0.01934752618615221,0.09966102242469788,-0.15572473406791687,-0.02627901179437231,0.09434530138969421,-0.13869887590408325,-0.023123521410866488,0.0600246787071228,-0.17175090312957764,0.0023716936753999107,0.07429638504981995,-0.21603238582611084,-0.025658711844130266,0.060010239481925964,-0.1463022530078888,-0.015674263291998614,0.05538015067577362,-0.12408584356307983,-0.0001290693420514799,0.020514845848083496,-0.17980089783668518,-0.0052337302425939924,0.03600005805492401,-0.21147549152374268,-0.015345108748419989,0.03086954355239868,-0.16598063707351685,-0.00010748455167686188,0.025810852646827698,-0.147288978099823,0.01576961199100424
B,0.0,0.0,0.0,0.06017623841762543,-0.027026891708374023,-0.020880100797938894,0.11024697124958038,-0.07495474815368652,-0.030336021926331114,0.12959767878055573,-0.14176899194717407,-0.040227369885968756,0.11140738427639008,-0.187255859375,-0.042855178486632894,0.13402394950389862,-0.1393280327320099,0.006614224970263649,0.15822036564350128,-0.19958597421646118,-0.022123125862407278,0.13070951402187347,-0.1524316668510437,-0.03764717422060926,0.11710287630558014,-0.12608590722084045,-0.0428227051311012,0.09750314056873322,-0.1623157560825348,0.0059452615528527986,0.11972297728061676,-0.22210335731506348,-0.02287469759218652,0.09603293240070343,-0.1571883261203766,-0.02999888501696546,0.09302033483982086,-0.14116328954696655,-0.027165658321308683,0.05828654766082764,-0.17367395758628845,-0.0002559845310941,0.07074762880802155,-0.2155665159225464,-0.030025628876018118,0.05693735182285309,-0.1473660171031952,-0.020096431966948103,0.05371318757534027,-0.12418100237846375,-0.0045515401438649405,0.018813207745552063,-0.1784917712211609,-0.008362981040107798,0.03320716321468353,-0.21073588728904724,-0.020140844877886366,0.029014408588409424,-0.16513848304748535,-0.005380036324339699,0.025310933589935303,-0.1452830731868744,0.01024346098668616
B,0.0,0.0,0.0,0.05985897779464722,-0.026199817657470703,-0.01770961342211308,0.11024826765060425,-0.07839465141296387,-0.02491931861098351,0.12955719232559204,-0.14664533734321594,-0.033073865452962536,0.10825428366661072,-0.19113898277282715,-0.034902815351443905,0.12894541025161743,-0.13970443606376648,0.009411895071906429,0.15420782566070557,-0.19961100816726685,-0.015590087155061383,0.12865886092185974,-0.1541627049446106,-0.02950797660108151,0.11500164866447449,-0.12730541825294495,-0.03418094722385945,0.09339433908462524,-0.16189122200012207,0.007754004450333696,0.11634314060211182,-0.22331085801124573,-0.017618392238574643,0.09489977359771729,-0.1620151698589325,-0.024261354113178868,0.08893918991088867,-0.14192667603492737,-0.02141899673100056,0.05515363812446594,-0.17260238528251648,0.0011269544547474197,0.06732334196567535,-0.21613538265228271,-0.025725473294215817,0.05516350269317627,-0.14949709177017212,-0.0169930072670752,0.050181448459625244,-0.12435299158096313,-0.00261418951507153,0.016368240118026733,-0.17770826816558838,-0.0070698672143691965,0.03128153085708618,-0.2122577428817749,-0.01736292300577702,0.028089001774787903,-0.16824546456336975,-0.0028865662107193657,0.023280203342437744,-0.1468202769756317,0.012290865538460594
B,0.0,0.0,0.0,0.05825236439704895,-0.024554669857025146,-0.019776479095895638,0.10954347252845764,-0.08001220226287842,-0.027027367369015565,0.12504711747169495,-0.15024212002754211,-0.034664272085507264,0.10364922881126404,-0.19578951597213745,-0.03575333090194022,0.12583282589912415,-0.1399562656879425,0.007445318403910051,0.15042409300804138,-0.20163396000862122,-0.019092165619809975,0.12543275952339172,-0.1527789831161499,-0.033150358811695924,0.1115204393863678,-0.1249556839466095,-0.03763158874281203,0.09015294909477234,-0.16051572561264038,0.006246689952234874,0.11168766021728516,-0.22511020302772522,-0.020630639732559075,0.09182274341583252,-0.16137203574180603,-0.02709337765045916,0.08497127890586853,-0.1395883858203888,-0.023422754124482026,0.05194851756095886,-0.1706463098526001,-0.0003773835946105919,0.06295910477638245,-0.2164628505706787,-0.029980788693507066,0.05192174017429352,-0.14709505438804626,-0.021610668615181794,0.0475618839263916,-0.12294808030128479,-0.0065868028781608245,0.012971431016921997,-0.17568817734718323,-0.00861849704452311,0.02701127529144287,-0.2103652060031891,-0.022237705752928605,0.023965537548065186,-0.16296923160552979,-0.008886703976173749,0.019694849848747253,-0.14119753241539001,0.006188835262577186
B,0.0,0.0,0.0,0.06044262647628784,-0.02713799476623535,-0.018609130122285933,0.10826307535171509,-0.07762843370437622,-0.026025452949625105,0.123151034116745,-0.14636549353599548,-0.03392293054662332,0.1044687032699585,-0.19570860266685486,-0.0353289743145524,0.12616270780563354,-0.14199137687683105,0.00947184272058621,0.14825502038002014,-0.20071402192115784,-0.015854073055606932,0.12477660179138184,-0.15024369955062866,-0.030320874713879675,0.11286327242851257,-0.12366127967834473,-0.035504141189676375,0.09026998281478882,-0.16361522674560547,0.008563804141658693,0.11029177904129028,-0.22532963752746582,-0.01744913060269937,0.09116166830062866,-0.159788578748703,-0.02506711270712003,0.0853976309299469,-0.1389523446559906,-0.022851306312304587,0.051638320088386536,-0.17313051223754883,0.002643772800865918,0.06268787384033203,-0.21573439240455627,-0.025039087348204703,0.05191683769226074,-0.1474972665309906,-0.016600069888454527,0.047856658697128296,-0.1242215633392334,-0.0023387354524402326,0.011842533946037292,-0.17664951086044312,-0.00472539506904468,0.02544507384300232,-0.2100270390510559,-0.01671048749290094,0.022882163524627686,-0.1628302037715912,-0.002727542371076197,0.019338607788085938,-0.14106744527816772,0.012522213793772607
B,0.0,0.0,0.0,0.05869157612323761,-0.025072932243347168,-0.01854578566801024,0.10667078197002411,-0.07733803987503052,-0.0260060985858388,0.1222131997346878,-0.14499065279960632,-0.03420581084739638,0.10371245443820953,-0.1947554051876068,-0.03627366733800841,0.12326999008655548,-0.13662955164909363,0.006820151833181853,0.14649610221385956,-0.1993931531906128,-0.019813939678186898,0.12253807485103607,-0.15050047636032104,-0.03403505844127608,0.11069075763225555,-0.12050589919090271,-0.03843400043498946,0.08770255744457245,-0.15692594647407532,0.005392120470588679,0.10845185816287994,-0.22227925062179565,-0.022495185705537324,0.08918704092502594,-0.15980592370033264,-0.029797523962969308,0.08278180658817291,-0.13418561220169067,-0.02644560274731589,0.04982513189315796,-0.16683292388916016,-0.0010948236851788806,0.0612163245677948,-0.21300193667411804,-0.031033150600904946,0.050006985664367676,-0.1443893313407898,-0.022783329459542756,0.04524250328540802,-0.11526849865913391,-0.007520770868922,0.011307507753372192,-0.171403706073761,-0.008990681479389195,0.02460421621799469,-0.20769232511520386,-0.023110961290711884,0.021652713418006897,-0.1616429090499878,-0.00993371264141274,0.017297714948654175,-0.13709229230880737,0.005434890528505321
B,0.0,0.0,0.0,0.058953315019607544,-0.022325754165649414,-0.01767212642758409,0.1067497730255127,-0.0757596492767334,-0.025354891330295004,0.11901366710662842,-0.1442427933216095,-0.033702553496056,0.0998779833316803,-0.1956278681755066,-0.03622685490577737,0.1202501654624939,-0.1385233998298645,0.0032390788995542152,0.1445157527923584,-0.1997576355934143,-0.022132589727931418,0.12221536040306091,-0.14636945724487305,-0.034844984546595015,0.11079716682434082,-0.11909127235412598,-0.03897831706731836,0.08434262871742249,-0.1589917540550232,0.001077904119796358,0.10629129409790039,-0.222571462392807,-0.025352756738953985,0.0869666039943695,-0.15479007363319397,-0.03129951028554956,0.07905739545822144,-0.13235649466514587,-0.027744000092440047,0.04610888659954071,-0.16877472400665283,-0.005594556466036238,0.05846332013607025,-0.21335828304290771,-0.034375475034408964,0.0481746643781662,-0.14276814460754395,-0.02513960494130174,0.04302050173282623,-0.11818799376487732,-0.010098618701391615,0.006934016942977905,-0.17323482036590576,-0.013445194125466742,0.021508365869522095,-0.20894384384155273,-0.027317525133781828,0.01979413628578186,-0.1602872908115387,-0.013283841558092035,0.015216976404190063,-0.13712018728256226,0.0022230220359631403
B,0.0,0.0,0.0,0.05904662609100342,-0.02825748920440674,-0.016092118476194628,0.1053319126367569,-0.0782696008682251,-0.022332249809664972,0.12117750942707062,-0.14663955569267273,-0.02950137168602396,0.1028883308172226,-0.19648635387420654,-0.030401860032839068,0.12224270403385162,-0.14246821403503418,0.010481511573630087,0.14615194499492645,-0.2019590139389038,-0.013257535774869211,0.12297643721103668,-0.1496187150478363,-0.026836330671471842,0.1099778562784195,-0.12308430671691895,-0.03149135843352724,0.08696360886096954,-0.16345995664596558,0.008955315086382143,0.10762874782085419,-0.2243102490901947,-0.015449788090450056,0.08847667276859283,-0.1552627682685852,-0.022783814598483332,0.08144371211528778,-0.13392376899719238,-0.020775950182837732,0.04867653548717499,-0.17213237285614014,0.0029916666497911137,0.06086505949497223,-0.21598464250564575,-0.021980031062525995,0.050617098808288574,-0.1467626392841339,-0.0122767618341868,0.04474268853664398,-0.12185588479042053,0.002138945372166745,0.008927300572395325,-0.17444148659706116,-0.00425925584943343,0.023507356643676758,-0.2120177149772644,-0.013731205504996069,0.022319898009300232,-0.16531634330749512,0.0018058955719197911,0.01807299256324768,-0.14231640100479126,0.017768950532513372
B,0.0,0.0,0.0,0.06009489297866821,-0.02917391061782837,-0.015191078939579938,0.10659186542034149,-0.07806050777435303,-0.020966446780704473,0.12170405685901642,-0.14710810780525208,-0.02772781887009046,0.1010170429944992,-0.19305336475372314,-0.028267626472853635,0.12171302735805511,-0.14409348368644714,0.012176782070554282,0.14507414400577545,-0.20311975479125977,-0.009981656269275163,0.12207676470279694,-0.15119439363479614,-0.023596382522129034,0.1097109466791153,-0.12445032596588135,-0.028978952028893445,0.08673147857189178,-0.1641448438167572,0.010473464793420817,0.10664884746074677,-0.2243185043334961,-0.013140081250213598,0.08747614920139313,-0.1550338864326477,-0.020852924146794294,0.0804661363363266,-0.1320171356201172,-0.01958183088257215,0.04841175675392151,-0.17223358154296875,0.0045306847345898404,0.06058564782142639,-0.21625849604606628,-0.019341048606776212,0.05087167024612427,-0.14766031503677368,-0.009925622315250848,0.045085787773132324,-0.12029707431793213,0.0037874993317643657,0.008684933185577393,-0.17288756370544434,-0.002742133158363913,0.022951960563659668,-0.20986467599868774,-0.011731689618073915,0.022318705916404724,-0.16351449489593506,0.003373088260076429,0.018279507756233215,-0.13936078548431396,0.01865589543328383
B,0.0,0.0,0.0,0.05826963484287262,-0.027797996997833252,-0.017253227988334174,0.10587117075920105,-0.08057677745819092,-0.023072325149627204,0.12226694822311401,-0.14904263615608215,-0.029543187925668235,0.10283386707305908,-0.19491928815841675,-0.029463578471990104,0.1224716305732727,-0.14724764227867126,0.011281610941438203,0.14466699957847595,-0.20525112748146057,-0.012050658920855994,0.12132659554481506,-0.15489700436592102,-0.02527502224788236,0.10900130867958069,-0.12963667511940002,-0.030058889174910064,0.08765846490859985,-0.16728663444519043,0.010119842840282445,0.10680323839187622,-0.22629985213279724,-0.014488929407747264,0.08777698874473572,-0.15795931220054626,-0.021104043806047912,0.0818198025226593,-0.1372491419315338,-0.018523529628367896,0.049146607518196106,-0.17477166652679443,0.004191584894357447,0.05975428223609924,-0.21789318323135376,-0.02177928992554712,0.050303101539611816,-0.14835670590400696,-0.011923176692874904,0.04588133096694946,-0.12344396114349365,0.002792862020356779,0.009661704301834106,-0.1748753786087036,-0.00323147744879293,0.023045718669891357,-0.21098393201828003,-0.013864487866015907,0.02217213809490204,-0.16395822167396545,0.0009824889804406212,0.01885773241519928,-0.1417478621006012,0.016500882347969537
B,0.0,0.0,0.0,0.060703009366989136,-0.02919560670852661,-0.016026644748166063,0.10640650987625122,-0.08154493570327759,-0.02114932123990343,0.11939617991447449,-0.15070116519927979,-0.027090060305312136,0.10074976086616516,-0.1961405873298645,-0.0266739248898773,0.12170729041099548,-0.14776256680488586,0.012389056603893778,0.14323687553405762,-0.20655745267868042,-0.009292674962892988,0.12129822373390198,-0.15507623553276062,-0.02160364646883295,0.11004680395126343,-0.12947550415992737,-0.026057115536644915,0.08639183640480042,-0.16749531030654907,0.010952474768743059,0.10474443435668945,-0.22720938920974731,-0.01194964792998121,0.08694657683372498,-0.15861886739730835,-0.018202540245368937,0.0816577672958374,-0.13750985264778137,-0.015766055103853205,0.04796697199344635,-0.17421558499336243,0.004943062770649931,0.058912187814712524,-0.21594518423080444,-0.01961534727783487,0.049861595034599304,-0.14695844054222107,-0.010053510558321932,0.04544535279273987,-0.12291714549064636,0.004144100691661379,0.008251652121543884,-0.17346763610839844,-0.002380911274343589,0.022291705012321472,-0.21084725856781006,-0.011927013066127756,0.021397262811660767,-0.1641732156276703,0.0032181006255598277,0.017577961087226868,-0.14196163415908813,0.018712998587176344
B,0.0,0.0,0.0,0.05973726511001587,-0.030116915702819824,-0.015914308102651376,0.1051756739616394,-0.08219075202941895,-0.020726574780269402,0.11813843250274658,-0.15232044458389282,-0.026235481919570702,0.09812214970588684,-0.19695010781288147,-0.025136523144169587,0.12100255489349365,-0.14768055081367493,0.013434774046913844,0.14135277271270752,-0.20780792832374573,-0.007726240632905501,0.11968278884887695,-0.1552717089653015,-0.01981681604854657,0.11010080575942993,-0.13051742315292358,-0.024282882185502785,0.0857122540473938,-0.16647586226463318,0.012277495851890308,0.10347482562065125,-0.2272489368915558,-0.010235863933189648,0.08607110381126404,-0.15837779641151428,-0.01631708462707593,0.08122557401657104,-0.13833442330360413,-0.013843248793705243,0.04737396538257599,-0.17280834913253784,0.006550480881855947,0.05742500722408295,-0.21605512499809265,-0.017540492312832612,0.04862546920776367,-0.14686235785484314,-0.007758006648941773,0.04484400153160095,-0.12301850318908691,0.006500921948031646,0.008049428462982178,-0.17202678322792053,-0.0004964983880881846,0.02113667130470276,-0.21001511812210083,-0.00949700755052163,0.020203351974487305,-0.16325250267982483,0.005881208265350324,0.016572296619415283,-0.14062732458114624,0.021487571103648406
B,0.0,0.0,0.0,0.05899910628795624,-0.030026257038116455,-0.017285753288746264,0.10405151546001434,-0.08198469877243042,-0.023822574192166712,0.11605672538280487,-0.15005484223365784,-0.03100901121783295,0.09829150140285492,-0.19840463995933533,-0.031916240477443125,0.12051375210285187,-0.1480157971382141,0.009397538131594274,0.1406983584165573,-0.2082449197769165,-0.013842026018977549,0.11933852732181549,-0.15585541725158691,-0.02642928833651581,0.10976265370845795,-0.1297764778137207,-0.0307037162272934,0.08445762097835541,-0.16693010926246643,0.008139827972769353,0.10245029628276825,-0.22789761424064636,-0.016311228522539523,0.08540667593479156,-0.16047930717468262,-0.022773312651992228,0.08053366839885712,-0.13997730612754822,-0.020088766017437365,0.04620087146759033,-0.1734873652458191,0.002238708301007364,0.05609545111656189,-0.21554934978485107,-0.023950821035981562,0.04740522801876068,-0.14620929956436157,-0.014568845057368662,0.04381115734577179,-0.12271279096603394,-4.069438350029486e-05,0.006667524576187134,-0.1738528311252594,-0.00497351285579839,0.019329115748405457,-0.21094530820846558,-0.015824131914854433,0.018585577607154846,-0.16357576847076416,-0.0008174738175910079,0.015396788716316223,-0.1407616138458252,0.014989743693291757
B,0.0,0.0,0.0,0.059857189655303955,-0.0289076566696167,-0.016045664188737874,0.10380612313747406,-0.08059334754943848,-0.022047492427105908,0.11603106558322906,-0.14979013800621033,-0.02882411026703835,0.09913919866085052,-0.19898587465286255,-0.029085703877086644,0.12158460915088654,-0.14718985557556152,0.009099488394980426,0.14207805693149567,-0.20816746354103088,-0.01457593844580174,0.11954014003276825,-0.1524229645729065,-0.026559577075119023,0.11019249260425568,-0.12713733315467834,-0.030422634196753506,0.08539269864559174,-0.16764530539512634,0.007324373597924705,0.10367287695407867,-0.22888565063476562,-0.017361231831188206,0.0848463624715805,-0.15880370140075684,-0.022074096587772374,0.07948823273181915,-0.138689786195755,-0.01818229326354981,0.04731664061546326,-0.1750011146068573,0.000908644652639623,0.05784383416175842,-0.2193528413772583,-0.024716528815503125,0.04752461612224579,-0.14867308735847473,-0.012941778389091496,0.043554410338401794,-0.12574440240859985,0.002930525705863829,0.007545396685600281,-0.17552772164344788,-0.0068642382820200964,0.019709765911102295,-0.21347716450691223,-0.01734838516759396,0.01864926517009735,-0.16515225172042847,-0.0014336852899816677,0.01578354835510254,-0.14278998970985413,0.014944155948882099
B,0.0,0.0,0.0,0.0583488792181015,-0.026726484298706055,-0.01726072959510816,0.10517250001430511,-0.08167928457260132,-0.024335683583302625,0.11708943545818329,-0.15228945016860962,-0.03198555417267812,0.09646479785442352,-0.2017158567905426,-0.03330743618218435,0.11978594958782196,-0.14863792061805725,0.005357207936214081,0.14165939390659332,-0.20954200625419617,-0.01919660836367143,0.12004397809505463,-0.15206629037857056,-0.031685645951910146,0.10964392125606537,-0.12610414624214172,-0.03586487777440084,0.08357708156108856,-0.1677374541759491,0.0035838242349939264,0.10247240960597992,-0.22921010851860046,-0.021920406519456037,0.08509974181652069,-0.157802015542984,-0.02736018344668878,0.07856275141239166,-0.13757532835006714,-0.0240178548535539,0.0456228107213974,-0.17456486821174622,-0.0026960217198563896,0.05687558650970459,-0.21928587555885315,-0.029249617158455976,0.04819972813129425,-0.14765110611915588,-0.018568831755800375,0.04315459728240967,-0.12476697564125061,-0.0034601174099577747,0.006211206316947937,-0.1758941411972046,-0.01029433987943662,0.020027756690979004,-0.21254369616508484,-0.021777221261544355,0.019648313522338867,-0.16416949033737183,-0.006664822603596576,0.015474572777748108,-0.14237943291664124,0.00906080260963904
B,0.0,0.0,0.0,0.05830062925815582,-0.02887040376663208,-0.016426101209219723,0.10399305820465088,-0.08167076110839844,-0.022526224957402974,0.11785784363746643,-0.14974191784858704,-0.02930759999304655,0.0987149178981781,-0.19750434160232544,-0.02983695815652254,0.12027639150619507,-0.1485329568386078,0.008243240533772678,0.1418260931968689,-0.20744356513023376,-0.015190818229314118,0.1203666627407074,-0.15296167135238647,-0.027627719448503285,0.10938695073127747,-0.12698769569396973,-0.03186657826751116,0.08495554327964783,-0.16851893067359924,0.006456142874810666,0.10250729322433472,-0.2286706566810608,-0.0181986017838085,0.08544403314590454,-0.15939339995384216,-0.023999161900576382,0.07969984412193298,-0.13837498426437378,-0.020908521370586186,0.04714369773864746,-0.17531177401542664,0.00017422386866883244,0.056754693388938904,-0.21688678860664368,-0.025355033458765774,0.0481332391500473,-0.14774742722511292,-0.014883151160177022,0.044081032276153564,-0.1256471872329712,-4.401824349997696e-05,0.00763547420501709,-0.17575395107269287,-0.007448742048438817,0.020228862762451172,-0.21111741662025452,-0.017878370241817265,0.019259482622146606,-0.16360965371131897,-0.002408745813738733,0.01568920910358429,-0.1421877145767212,0.01350395765751955
B,0.0,0.0,0.0,0.05852755904197693,-0.029255330562591553,-0.015538790944219727,0.10523982346057892,-0.08136677742004395,-0.021771235141159195,0.11965157091617584,-0.15045177936553955,-0.02890518841445555,0.0990188866853714,-0.19824093580245972,-0.030117932456732888,0.11958082020282745,-0.14733338356018066,0.008033620443939071,0.14171434938907623,-0.20782005786895752,-0.015129114250839848,0.12021179497241974,-0.15489229559898376,-0.02790305365920176,0.10882695019245148,-0.12767362594604492,-0.03253188331723322,0.08450134098529816,-0.16685521602630615,0.00585005550533424,0.10305307805538177,-0.22702446579933167,-0.018607556569577355,0.08566500246524811,-0.15865105390548706,-0.02506305438578238,0.0791679173707962,-0.13602185249328613,-0.022695243108273644,0.046907708048820496,-0.17358839511871338,-0.0005252188245776779,0.057190075516700745,-0.2172718644142151,-0.025843489664794106,0.048484012484550476,-0.1480373740196228,-0.015685116621853012,0.04364560544490814,-0.12290862202644348,-0.0011592471098538226,0.007334277033805847,-0.17388522624969482,-0.008160874928535122,0.020258501172065735,-0.21086859703063965,-0.019178043800593514,0.02002774178981781,-0.16282746195793152,-0.004243154759706158,0.016632303595542908,-0.13923940062522888,0.011356497433780532
B,0.0,0.0,0.0,0.058093294501304626,-0.027895212173461914,-0.016860166134847532,0.10540416836738586,-0.08240389823913574,-0.023040880950702558,0.11942645907402039,-0.15117889642715454,-0.030012357550276647,0.09868988394737244,-0.19789671897888184,-0.031103953289402853,0.11955448985099792,-0.14813625812530518,0.008657277991460433,0.1400572955608368,-0.20622047781944275,-0.014152193943573366,0.11973714828491211,-0.15434378385543823,-0.026907221915735136,0.10940280556678772,-0.12906038761138916,-0.03173045771063698,0.08449351787567139,-0.16705575585365295,0.006769206804619898,0.10210961103439331,-0.22655245661735535,-0.017489738332642446,0.08597970008850098,-0.15872395038604736,-0.023721087294234167,0.08004605770111084,-0.1372046172618866,-0.021045276465429197,0.046637922525405884,-0.17381125688552856,0.000296537873964553,0.056437939405441284,-0.2171114683151245,-0.025961806567920576,0.04888415336608887,-0.14764147996902466,-0.01679691070557965,0.04444344341754913,-0.12402889132499695,-0.0025910097533596854,0.007047802209854126,-0.17501568794250488,-0.007531668095452915,0.020432010293006897,-0.2108912169933319,-0.01937934899569882,0.020062953233718872,-0.1639494001865387,-0.005350291764898429,0.016196072101593018,-0.14195066690444946,0.009645813574479689
B,0.0,0.0,0.0,0.05852971971035004,-0.030152738094329834,-0.016188240027503298,0.10532131791114807,-0.08396047353744507,-0.021341182640270517,0.12037616968154907,-0.15388813614845276,-0.027232118299679087,0.09804120659828186,-0.19807276129722595,-0.026640229275898264,0.12000319361686707,-0.15224283933639526,0.012559489929600431,0.14143693447113037,-0.20946568250656128,-0.0095393996448081,0.1204967200756073,-0.15692278742790222,-0.022277830517367647,0.10941547155380249,-0.13309770822525024,-0.02711708878584318,0.08501622080802917,-0.17108145356178284,0.011101495125814154,0.10264432430267334,-0.22749364376068115,-0.012431302456633375,0.0859660804271698,-0.15752041339874268,-0.01878852432079725,0.0801878273487091,-0.13836053013801575,-0.016333448118047045,0.046703726053237915,-0.17666926980018616,0.005010497873200848,0.05700068175792694,-0.21872848272323608,-0.01997074147172384,0.049641624093055725,-0.14902213215827942,-0.01023814210154228,0.04527635872364044,-0.1260276436805725,0.004106917535438015,0.006779909133911133,-0.17549142241477966,-0.002469369093404339,0.020364001393318176,-0.21098807454109192,-0.012927955365256594,0.020846068859100342,-0.1636364459991455,0.0016642664564017196,0.017827525734901428,-0.14208447933197021,0.017001291388197615
B,0.0,0.0,0.0,0.05795122683048248,-0.028239011764526367,-0.016227163101376618,0.10488814115524292,-0.08314377069473267,-0.022179064999164666,0.12020593881607056,-0.15339601039886475,-0.029062447796405877,0.09729480743408203,-0.19862288236618042,-0.029982236872257317,0.1182849109172821,-0.15073153376579285,0.010272264753638183,0.14058759808540344,-0.20923453569412231,-0.012727352517487134,0.12029474973678589,-0.15722575783729553,-0.025647842983545388,0.10803854465484619,-0.13070270419120789,-0.030248578364791,0.08319997787475586,-0.1694280207157135,0.008229235460220252,0.10177361965179443,-0.22872516512870789,-0.01652947599703225,0.08597636222839355,-0.15987539291381836,-0.023467870156110848,0.07890218496322632,-0.13763290643692017,-0.020923847059549416,0.045214682817459106,-0.17533349990844727,0.0017145800340756523,0.05569525063037872,-0.2176252007484436,-0.02488555359357747,0.04876871407032013,-0.1474185287952423,-0.016007039422930802,0.04347911477088928,-0.12357446551322937,-0.00158774359786662,0.005370303988456726,-0.17510142922401428,-0.0060345420677379025,0.01993785798549652,-0.21105358004570007,-0.017985030735673035,0.020400628447532654,-0.16280853748321533,-0.0037368456430897368,0.015945032238960266,-0.14040881395339966,0.011732480761764918
B,0.0,0.0,0.0,0.05702555179595947,-0.0274999737739563,-0.01683444855405014,0.10341475903987885,-0.08310222625732422,-0.023008018263112717,0.11820857226848602,-0.15303537249565125,-0.02993055758668106,0.09833846986293793,-0.2021198570728302,-0.03068090369595211,0.11841677129268646,-0.1502319574356079,0.00839363085435707,0.14075867831707,-0.2111826241016388,-0.014794590413998776,0.11979801952838898,-0.1569487452507019,-0.027125201650392228,0.1083725243806839,-0.13138246536254883,-0.03137956699026745,0.08311058580875397,-0.16889742016792297,0.006570012777615375,0.10167507827281952,-0.2300342321395874,-0.018360534213911706,0.08537666499614716,-0.1599375605583191,-0.02460538735283535,0.07873247563838959,-0.138469398021698,-0.021573120259176903,0.04499347507953644,-0.1752261221408844,0.00023394036145418795,0.05535191297531128,-0.2182723879814148,-0.02667624642742794,0.04807718098163605,-0.14714109897613525,-0.017271089829932862,0.04328303039073944,-0.1238870620727539,-0.002531539412643724,0.00538751482963562,-0.1759064495563507,-0.007345937654804402,0.019338354468345642,-0.21143049001693726,-0.019750870295297318,0.01956196129322052,-0.16277837753295898,-0.0055134128746203714,0.015393316745758057,-0.14079716801643372,0.009996218144465274
B,0.0,0.0,0.0,0.05723859369754791,-0.025126218795776367,-0.01850863180513329,0.10412536561489105,-0.0806850790977478,-0.02616675763781018,0.11772964894771576,-0.14869990944862366,-0.03426592990214772,0.0977514237165451,-0.1989574432373047,-0.036367265576672025,0.1186448186635971,-0.14629396796226501,0.004230277078050904,0.14097286760807037,-0.20562583208084106,-0.02130152478272862,0.1195647269487381,-0.15217381715774536,-0.034647235715937086,0.10795308649539948,-0.126499205827713,-0.039347020978283354,0.08310507237911224,-0.16557860374450684,0.0024603995734935324,0.10239391028881073,-0.22793692350387573,-0.024276392603468366,0.08539034426212311,-0.16040462255477905,-0.030723862419080206,0.07842965424060822,-0.1394810676574707,-0.027627108687710233,0.04482001066207886,-0.17342796921730042,-0.004036497859459587,0.05572532117366791,-0.21602123975753784,-0.03299519985372967,0.047265470027923584,-0.1461557149887085,-0.024019712651323744,0.04258479177951813,-0.12411379814147949,-0.009305028313946195,0.00573354959487915,-0.17618021368980408,-0.011857114801358648,0.019224151968955994,-0.20835596323013306,-0.025809388676833578,0.017758473753929138,-0.1604299545288086,-0.012168065713893839,0.013077080249786377,-0.13998126983642578,0.0029566666817402165
B,0.0,0.0,0.0,0.05608031153678894,-0.022400975227355957,-0.017925048896984208,0.10505068302154541,-0.07977867126464844,-0.02494726022513305,0.11925148963928223,-0.14822915196418762,-0.03234625300200378,0.09753575921058655,-0.19789442420005798,-0.03364452412159835,0.11843752861022949,-0.1442110538482666,0.0029864483997812385,0.14284193515777588,-0.20502164959907532,-0.021393303478077996,0.12126985192298889,-0.149913489818573,-0.03315603425534164,0.11025488376617432,-0.12526822090148926,-0.03708088462980186,0.08345672488212585,-0.16347801685333252,0.0009546308331778164,0.10454478859901428,-0.22588154673576355,-0.025236009338811982,0.08682814240455627,-0.15694978833198547,-0.030668633708671678,0.07930994033813477,-0.1369858682155609,-0.026885398382262338,0.04550151526927948,-0.1715468168258667,-0.005500411799118865,0.057412102818489075,-0.2152271866798401,-0.034221225136832345,0.04817119240760803,-0.1435985267162323,-0.02444401075871383,0.04275310039520264,-0.12142837047576904,-0.009169744046346295,0.006608620285987854,-0.1747734248638153,-0.013164151178614247,0.021136075258255005,-0.2076202630996704,-0.02713355300755893,0.0197468101978302,-0.15899226069450378,-0.013124784173385251,0.01434442400932312,-0.13880103826522827,0.0022872908060094232
B,0.0,0.0,0.0,0.056885167956352234,-0.02456188201904297,-0.017603455198440088,0.1051141619682312,-0.0791429877281189,-0.024722775531444086,0.12073400616645813,-0.14776217937469482,-0.03243793928388072,0.10058295726776123,-0.19812527298927307,-0.034186352131399644,0.11935609579086304,-0.14617574214935303,0.004736685572680699,0.14362606406211853,-0.20570692420005798,-0.019393636000785364,0.12174934148788452,-0.15150219202041626,-0.03190751755002452,0.1093953549861908,-0.12621423602104187,-0.03619976722958995,0.0846758484840393,-0.16623857617378235,0.0028509056722043624,0.10552087426185608,-0.22715109586715698,-0.022392883983883394,0.08801257610321045,-0.15893623232841492,-0.028569741261634363,0.08051413297653198,-0.13870513439178467,-0.025639558298024667,0.046813786029815674,-0.17386257648468018,-0.0033960313009799847,0.058283403515815735,-0.2169697880744934,-0.03064150558176948,0.0495113730430603,-0.14603155851364136,-0.021035485056671632,0.043868452310562134,-0.12244820594787598,-0.006260133435461057,0.007196024060249329,-0.1760411560535431,-0.010913396341237558,0.021448686718940735,-0.2104785144329071,-0.023809433070454133,0.021057099103927612,-0.16183236241340637,-0.00944102657351209,0.01641036570072174,-0.13952937722206116,0.00617215308037089
B,0.0,0.0,0.0,0.05775904655456543,-0.02391606569290161,-0.01778075410754809,0.10579121112823486,-0.07800257205963135,-0.024678296733213756,0.12101477384567261,-0.14689844846725464,-0.03206215365560183,0.10157081484794617,-0.19701352715492249,-0.03337993412048945,0.12114179134368896,-0.144567608833313,0.004831820402728226,0.14463269710540771,-0.20596763491630554,-0.01931380419762263,0.12315207719802856,-0.1515224575996399,-0.03187166838677058,0.11153104901313782,-0.12486723065376282,-0.03615350960524211,0.08610305190086365,-0.16491901874542236,0.0032685693842040564,0.10632097721099854,-0.2273707389831543,-0.02255205935568938,0.08911225199699402,-0.15899959206581116,-0.028982288527799938,0.08209404349327087,-0.1364632546901703,-0.02603084533245692,0.04822537302970886,-0.17261379957199097,-0.002666643213046882,0.05894699692726135,-0.2166711390018463,-0.030123821783377025,0.05038538575172424,-0.14579957723617554,-0.020617346602989528,0.04541788995265961,-0.12066945433616638,-0.005758664428753946,0.008813455700874329,-0.17430925369262695,-0.009934971432699058,0.022537797689437866,-0.20931944251060486,-0.023087972167445514,0.02194833755493164,-0.16058623790740967,-0.009169126253141258,0.017791494727134705,-0.13762494921684265,0.006189906646000054
B,0.0,0.0,0.0,0.05857543647289276,-0.024973630905151367,-0.017915296872530462,0.10636773705482483,-0.07883268594741821,-0.024568259288940908,0.11942654848098755,-0.14849892258644104,-0.03163992757109213,0.09957045316696167,-0.19676414132118225,-0.03278816262391615,0.12107232213020325,-0.1443614363670349,0.007020389156963347,0.1434178352355957,-0.20012477040290833,-0.016552894880447866,0.12234461307525635,-0.14867627620697021,-0.029596479182515623,0.11026331782341003,-0.12280476093292236,-0.03439279044178534,0.08607810735702515,-0.1651153564453125,0.005526832731987952,0.10569265484809875,-0.2251552939414978,-0.01915004992989111,0.08866512775421143,-0.1575150191783905,-0.025720664804254056,0.08168932795524597,-0.13525503873825073,-0.02317333551255274,0.0479707270860672,-0.1730448305606842,-0.0005411722035262301,0.05860437452793121,-0.2151663899421692,-0.0274674478372674,0.0502355694770813,-0.1454867720603943,-0.01863316590097952,0.045184776186943054,-0.12180846929550171,-0.0044413484087328925,0.008118987083435059,-0.17501932382583618,-0.007905771528754713,0.022306978702545166,-0.20995768904685974,-0.020088214000139715,0.021484822034835815,-0.16211432218551636,-0.005863105916802169,0.016945555806159973,-0.13997799158096313,0.009373656901146887
B,0.0,0.0,0.0,0.05565425753593445,-0.02116149663925171,-0.019311677906756586,0.1039481908082962,-0.07588458061218262,-0.02731664316738147,0.11796866357326508,-0.14360278844833374,-0.03535247618341941,0.10038574039936066,-0.19577941298484802,-0.03738665232444305,0.11945895850658417,-0.1437118947505951,0.0009183332346367479,0.14253129065036774,-0.20233148336410522,-0.02458653436983127,0.1217983216047287,-0.14840561151504517,-0.03709717119122047,0.11036331951618195,-0.12291881442070007,-0.04121516669178504,0.0842912346124649,-0.1636810600757599,-0.0006043560664181769,0.10517068207263947,-0.2240791916847229,-0.027210477981810754,0.08751280605792999,-0.1539347767829895,-0.03264891380453605,0.07947640120983124,-0.13288342952728271,-0.028780551869516557,0.04633167386054993,-0.17185115814208984,-0.006708666458820289,0.05795648694038391,-0.21360057592391968,-0.036083847526555246,0.048916012048721313,-0.14107999205589294,-0.026406314466242975,0.043734654784202576,-0.1188303530216217,-0.011094785537665075,0.006944701075553894,-0.1747186779975891,-0.014091280531232542,0.02123720943927765,-0.20798632502555847,-0.029240139070992655,0.020813539624214172,-0.1580812931060791,-0.0156588612684061,0.016757220029830933,-0.1371915340423584,-0.00026854486563365754
B,0.0,0.0,0.0,0.06047533452510834,-0.02658635377883911,-0.01642395027937482,0.1059693694114685,-0.07607632875442505,-0.021813247660418256,0.11882999539375305,-0.14676758646965027,-0.02747693316104005,0.1013333797454834,-0.196404367685318,-0.026747774640341504,0.1217394471168518,-0.1466580331325531,0.010144947720448272,0.1449049711227417,-0.20423945784568787,-0.011098068515082105,0.12304839491844177,-0.14937877655029297,-0.023377897525449498,0.11007952690124512,-0.12438639998435974,-0.027957190135737164,0.08710461854934692,-0.16863518953323364,0.009485730593780772,0.10712125897407532,-0.22814950346946716,-0.012543605948110326,0.0892876386642456,-0.1578139364719391,-0.019306660006066068,0.08162710070610046,-0.1380597949028015,-0.017823977703471883,0.048760056495666504,-0.17572981119155884,0.004689735052863853,0.06018581986427307,-0.21650969982147217,-0.01762995713414739,0.05159607529640198,-0.1472291648387909,-0.007539768079539044,0.04590129852294922,-0.12355780601501465,0.006115643465648191,0.008590996265411377,-0.17464017868041992,-0.0014629161034349636,0.022219836711883545,-0.21088141202926636,-0.009399773860593541,0.023129448294639587,-0.16449877619743347,0.006301944302151696,0.019764214754104614,-0.14252066612243652,0.021774306585768954
B,0.0,0.0,0.0,0.06116610765457153,-0.027165651321411133,-0.016787839766919888,0.10725456476211548,-0.07803112268447876,-0.022987510722458637,0.11842483282089233,-0.14815765619277954,-0.029628572699010647,0.10016793012619019,-0.19680118560791016,-0.030051104437887943,0.12391480803489685,-0.14618143439292908,0.0075307691541013355,0.14534184336662292,-0.2055256962776184,-0.016572242316186703,0.12416496872901917,-0.1510828733444214,-0.0297191475446823,0.11254227161407471,-0.12196168303489685,-0.03404174157637385,0.08826309442520142,-0.16786685585975647,0.006201377890675985,0.10657957196235657,-0.22903138399124146,-0.018976399388492382,0.08868429064750671,-0.1594807505607605,-0.025483485024750507,0.08205759525299072,-0.13446682691574097,-0.0225574520345333,0.05022333562374115,-0.1759282946586609,0.0004623043887761469,0.06032402813434601,-0.21743768453598022,-0.025089861538589275,0.05108518898487091,-0.14782971143722534,-0.014853301171541489,0.04641610383987427,-0.1215699315071106,0.00020134011995764922,0.010491222143173218,-0.1761634349822998,-0.006674481269300259,0.023080050945281982,-0.21335667371749878,-0.017548685606897152,0.022668272256851196,-0.16463154554367065,-0.002400259666472948,0.019645854830741882,-0.14029094576835632,0.013691922936260426
B,0.0,0.0,0.0,0.0625281035900116,-0.027662217617034912,-0.014645239031239043,0.10737332701683044,-0.07536983489990234,-0.020570462262554656,0.11839532852172852,-0.1437583863735199,-0.02728414877347518,0.09877389669418335,-0.1913779377937317,-0.02802151410870124,0.12229061126708984,-0.1459500789642334,0.0073610337727529895,0.1453561782836914,-0.20511114597320557,-0.014520983835978996,0.12281277775764465,-0.14872902631759644,-0.026972442558331977,0.11076954007148743,-0.1224375069141388,-0.03178361027531196,0.08681800961494446,-0.16683712601661682,0.005366055601911057,0.10606029629707336,-0.22580820322036743,-0.016972943833394538,0.08689776062965393,-0.1545773446559906,-0.02328602938942481,0.0798315703868866,-0.1334141194820404,-0.021958896583242904,0.04825069010257721,-0.17386171221733093,-0.00038743669429663896,0.060560062527656555,-0.21551626920700073,-0.02228421128384639,0.05115467309951782,-0.14725026488304138,-0.011450675940437804,0.04538270831108093,-0.12320494651794434,0.0021325127032412183,0.007837891578674316,-0.17303559184074402,-0.00736679199181367,0.021930381655693054,-0.21188241243362427,-0.014769053710921298,0.021886438131332397,-0.1649172604084015,0.0017710829430086505,0.017349377274513245,-0.1418384611606598,0.01741807193465661
B,0.0,0.0,0.0,0.059949830174446106,-0.023250997066497803,-0.016527089118596905,0.10853177309036255,-0.07087892293930054,-0.02361293958091437,0.11960232257843018,-0.14292454719543457,-0.031046044841048115,0.09647700190544128,-0.18963858485221863,-0.0323220126476258,0.1239205002784729,-0.14228135347366333,0.00319962546637953,0.14772462844848633,-0.20377099514007568,-0.020137899383541935,0.12478876113891602,-0.1463594138622284,-0.032202151432272785,0.11308112740516663,-0.12049400806427002,-0.036632799371716374,0.08780747652053833,-0.16389748454093933,0.001296488274249441,0.10772141814231873,-0.2241312861442566,-0.022038777187106007,0.08893418312072754,-0.15347179770469666,-0.027024901300308102,0.08233729004859924,-0.13512179255485535,-0.024660442784067982,0.04948708415031433,-0.171539306640625,-0.004552400499221676,0.06148165464401245,-0.21503031253814697,-0.027616699054476612,0.052300214767456055,-0.14637607336044312,-0.015733283772704,0.04688677191734314,-0.1247800886631012,-0.0013233381934583122,0.009268879890441895,-0.17220988869667053,-0.011859756722685688,0.023217245936393738,-0.21028617024421692,-0.020419508978363865,0.023604363203048706,-0.1632378101348877,-0.004000835414615267,0.01936979591846466,-0.14155083894729614,0.011678931475046284
B,0.0,0.0,0.0,0.05798041820526123,-0.019799530506134033,-0.018409857119195294,0.1092006266117096,-0.0665387511253357,-0.026642718876473737,0.12050971388816833,-0.13494500517845154,-0.03459370840596421,0.09747889637947083,-0.18225684762001038,-0.03631358925508721,0.12313148379325867,-0.1407029926776886,-0.0026979051183388947,0.1491052210330963,-0.20005810260772705,-0.02765058871614201,0.12417969107627869,-0.14348924160003662,-0.038927383313648534,0.1126340925693512,-0.12036079168319702,-0.04269564111041291,0.08740350604057312,-0.16228356957435608,-0.0044937511559055565,0.11008214950561523,-0.22267359495162964,-0.031449727306835484,0.0894833505153656,-0.1516304910182953,-0.03642011393117173,0.08312475681304932,-0.13423213362693787,-0.032990037987701726,0.04950782656669617,-0.17071357369422913,-0.01008600514637692,0.06181907653808594,-0.21261927485466003,-0.03721017349766953,0.05147871375083923,-0.14095154404640198,-0.025679407234065366,0.047099292278289795,-0.12064868211746216,-0.010345846007339787,0.009710758924484253,-0.1734418272972107,-0.01700206060218079,0.02326163649559021,-0.20767557621002197,-0.02833757695066197,0.021864980459213257,-0.15931347012519836,-0.01257603295402987,0.017359763383865356,-0.14033272862434387,0.0031817305714412214
B,0.0,0.0,0.0,0.05708704888820648,-0.012553215026855469,-0.019983452049558537,0.11127926409244537,-0.05780595541000366,-0.02986915433174886,0.1252622753381729,-0.12493211030960083,-0.039267776770060436,0.09928862750530243,-0.17233532667160034,-0.042786816371148007,0.12256760895252228,-0.13437119126319885,-0.0075741235665134354,0.15143923461437225,-0.19340655207633972,-0.033682653916542904,0.12728460133075714,-0.13564053177833557,-0.044836389136975185,0.11497242748737335,-0.11232560873031616,-0.04852804378933229,0.08754231035709381,-0.1557246744632721,-0.009598198582892792,0.11345921456813812,-0.21699035167694092,-0.03819697187608995,0.0930211991071701,-0.14588642120361328,-0.0425591564304284,0.08436484634876251,-0.12700176239013672,-0.03804577351874627,0.049731552600860596,-0.1651768982410431,-0.015483829428916351,0.06486357748508453,-0.20547187328338623,-0.04552876041597642,0.05394671857357025,-0.13368099927902222,-0.034536438298886196,0.0482553094625473,-0.1141061782836914,-0.018622037259405033,0.010010138154029846,-0.1705823540687561,-0.022619260711138622,0.0270492285490036,-0.20207521319389343,-0.03679634840554513,0.025105342268943787,-0.15365388989448547,-0.021981898931329624,0.01922483742237091,-0.13576284050941467,-0.006386532684331314
B,0.0,0.0,0.0,0.0582970529794693,-0.011591494083404541,-0.01892625985007612,0.11195087432861328,-0.05198478698730469,-0.029937726234010142,0.1251269280910492,-0.11622589826583862,-0.040705871556809825,0.09995332360267639,-0.16550233960151672,-0.04603217241626112,0.1221640408039093,-0.13174697756767273,-0.010865457144490165,0.15224933624267578,-0.1897437572479248,-0.037586298559716624,0.12946850061416626,-0.1316436231136322,-0.04965809059601156,0.11540886759757996,-0.10889458656311035,-0.054180861239245814,0.08679497241973877,-0.15365806221961975,-0.013482095462194366,0.11386337876319885,-0.21250706911087036,-0.041747537230065745,0.09542113542556763,-0.14208954572677612,-0.04735939649205534,0.08522450923919678,-0.12514448165893555,-0.0449779078112158,0.04838357865810394,-0.16379255056381226,-0.019464722623041553,0.06575825810432434,-0.20343917608261108,-0.04861391407709448,0.05680935084819794,-0.13286104798316956,-0.038247392301371974,0.049565523862838745,-0.11444127559661865,-0.023901519154122752,0.00749439001083374,-0.1702723503112793,-0.02654500191371767,0.026152774691581726,-0.20023679733276367,-0.04070292857747404,0.026659071445465088,-0.15263420343399048,-0.02656023648839323,0.020674005150794983,-0.13550934195518494,-0.012042941314092559
B,0.0,0.0,0.0,0.055843234062194824,-0.010015249252319336,-0.020705063170083804,0.11219584941864014,-0.04851996898651123,-0.032326882979162974,0.12773042917251587,-0.1117483377456665,-0.0431113972275341,0.10088607668876648,-0.15953153371810913,-0.047911530634650035,0.12353038787841797,-0.13324540853500366,-0.011443160748370929,0.15305563807487488,-0.18943658471107483,-0.03909734105158691,0.12990465760231018,-0.12850844860076904,-0.05114491125036125,0.11627843976020813,-0.10714644193649292,-0.05542532940793876,0.08856606483459473,-0.15509259700775146,-0.013369268080481334,0.11514073610305786,-0.21015498042106628,-0.042650545290001673,0.09601715207099915,-0.1376248300075531,-0.04800959145117645,0.08620244264602661,-0.12492460012435913,-0.045053532621153636,0.050174131989479065,-0.16518700122833252,-0.018952697789558215,0.06640070676803589,-0.19931349158287048,-0.049757650396117015,0.05616828799247742,-0.12679624557495117,-0.03921635290075187,0.04928740859031677,-0.11359763145446777,-0.02424690341044311,0.00908072292804718,-0.1718219518661499,-0.025681564858444972,0.026774734258651733,-0.19639939069747925,-0.040797589620837016,0.026563450694084167,-0.14605164527893066,-0.026566975092777056,0.020970284938812256,-0.13163843750953674,-0.011639787158259196
B,0.0,0.0,0.0,0.05686745047569275,-0.007294178009033203,-0.019138912497254523,0.11408956348896027,-0.04177337884902954,-0.030056346966119918,0.1292835921049118,-0.103573739528656,-0.04039322846958271,0.1045035868883133,-0.15214315056800842,-0.0450861703736507,0.12481336295604706,-0.13184094429016113,-0.011745943514796409,0.1547733098268509,-0.1879260540008545,-0.038740708319636497,0.1316637247800827,-0.12658476829528809,-0.050083244977685126,0.11854405701160431,-0.10525625944137573,-0.05404458829590908,0.08940623700618744,-0.15373963117599487,-0.013996882191094073,0.116573765873909,-0.20714861154556274,-0.0424715865535461,0.09751300513744354,-0.1343311369419098,-0.047112579284402045,0.08791552484035492,-0.12177956104278564,-0.04427598306367031,0.050924450159072876,-0.16376158595085144,-0.0196787163747274,0.06901086866855621,-0.19864299893379211,-0.0490561228377544,0.05801674723625183,-0.12752342224121094,-0.03772040346095196,0.05021466314792633,-0.11512088775634766,-0.022937231524082335,0.009251505136489868,-0.1702408790588379,-0.026396999893876227,0.028930380940437317,-0.19701945781707764,-0.040423638014289054,0.027877554297447205,-0.14808696508407593,-0.02575975732335678,0.020937129855155945,-0.13469231128692627,-0.010944767682047996
B,0.0,0.0,0.0,0.05597551167011261,-0.006053805351257324,-0.01957581873901404,0.1142023354768753,-0.04009854793548584,-0.031094356737213502,0.13046829402446747,-0.1014593243598938,-0.04184523906477011,0.10449694097042084,-0.14966973662376404,-0.04710981186397589,0.12431000173091888,-0.13196033239364624,-0.013853309973256955,0.15548758208751678,-0.18515804409980774,-0.04066007520921744,0.1323298066854477,-0.12278366088867188,-0.052010610065536866,0.11844812333583832,-0.10431212186813354,-0.05636372353799857,0.08926741778850555,-0.15426400303840637,-0.01610766474075831,0.11711908876895905,-0.20313507318496704,-0.0435050831354431,0.09778313338756561,-0.12938767671585083,-0.04770912911661185,0.08719228208065033,-0.1210971474647522,-0.04518176179297484,0.051089778542518616,-0.16449451446533203,-0.021725871897416482,0.06903274357318878,-0.19575262069702148,-0.05062169518240012,0.05849842727184296,-0.12410956621170044,-0.039614661893921266,0.050720155239105225,-0.11464524269104004,-0.02552621003158606,0.00965835154056549,-0.17133021354675293,-0.028374580032306085,0.029477983713150024,-0.19484290480613708,-0.042533255479412446,0.028725385665893555,-0.14566320180892944,-0.02821376670070208,0.02169002592563629,-0.13332611322402954,-0.013876868709104428
B,0.0,0.0,0.0,0.05645838379859924,-0.008272409439086914,-0.018568796325382664,0.11371183395385742,-0.03962594270706177,-0.029290558058676197,0.1303597092628479,-0.10010236501693726,-0.03934641111260362,0.10418063402175903,-0.14831990003585815,-0.04348998445635743,0.12609204649925232,-0.1321825385093689,-0.011388473432418778,0.15716493129730225,-0.18513569235801697,-0.03759723458057351,0.13243409991264343,-0.12219923734664917,-0.04878355864053674,0.11823204159736633,-0.1039779782295227,-0.05290722775822587,0.09135547280311584,-0.1556951105594635,-0.013510029051360561,0.11841648817062378,-0.2021612524986267,-0.04130577597385354,0.09812936186790466,-0.12875795364379883,-0.04685694653159089,0.08851799368858337,-0.12203150987625122,-0.04527861926322885,0.053181231021881104,-0.16579383611679077,-0.018715986270365192,0.07059091329574585,-0.195768803358078,-0.04639111760621972,0.060022950172424316,-0.12503457069396973,-0.03536008599763818,0.05269370973110199,-0.11679166555404663,-0.021597472239193394,0.011850178241729736,-0.17189940810203552,-0.02493133697277017,0.030688703060150146,-0.19391509890556335,-0.03708966377740808,0.030086293816566467,-0.14542779326438904,-0.02200365926688619,0.023270100355148315,-0.13495171070098877,-0.007380879238155558
B,0.0,0.0,0.0,0.05413202941417694,-0.004914581775665283,-0.020711116771281013,0.11235252022743225,-0.037544846534729004,-0.03302125288087154,0.13084277510643005,-0.09613168239593506,-0.044501621554672965,0.10384821891784668,-0.1438145935535431,-0.050304230581105,0.12389767169952393,-0.13421136140823364,-0.015218312199294814,0.15564173460006714,-0.18173667788505554,-0.04298411710101391,0.13082969188690186,-0.11796402931213379,-0.05401591984468723,0.1166093647480011,-0.10274088382720947,-0.05803285567003513,0.08913347125053406,-0.1572667956352234,-0.017469149361431846,0.11710461974143982,-0.19873133301734924,-0.04596241591411854,0.09592387080192566,-0.12269061803817749,-0.049493979941189536,0.08557775616645813,-0.11890941858291626,-0.04622467262583996,0.05101792514324188,-0.16852536797523499,-0.023352990205466995,0.06909069418907166,-0.19125229120254517,-0.05408171592193867,0.056685671210289,-0.11746495962142944,-0.04324481664139057,0.04857088625431061,-0.11235010623931885,-0.028847728203118095,0.009974807500839233,-0.1760798990726471,-0.03029998978513504,0.030352383852005005,-0.19250044226646423,-0.045420393626272926,0.02785477042198181,-0.14239716529846191,-0.0313290770156982,0.01953795552253723,-0.13350379467010498,-0.016929567138731727
B,0.0,0.0,0.0,0.05368813872337341,-0.0031747817993164062,-0.019560199597179917,0.11188982427120209,-0.03454703092575073,-0.030889880278408555,0.13379044830799103,-0.09002906084060669,-0.04158854707449677,0.10749755799770355,-0.1382129192352295,-0.04658088683456185,0.12616990506649017,-0.13013875484466553,-0.013032102392315892,0.15582849085330963,-0.1765936017036438,-0.040583910786807564,0.12986691296100616,-0.1146659255027771,-0.05128150283664468,0.11633528769016266,-0.099936842918396,-0.05495428889364007,0.09166152775287628,-0.15448853373527527,-0.015611772791743306,0.11788587272167206,-0.19509723782539368,-0.0451178610262275,0.09574954211711884,-0.12014931440353394,-0.04867381080359223,0.08605559170246124,-0.11469215154647827,-0.04470163434118035,0.053206756711006165,-0.16667979955673218,-0.02181408404678109,0.06828592717647552,-0.1891527771949768,-0.05257975160449746,0.05565257370471954,-0.11722058057785034,-0.04142228364318612,0.04895146191120148,-0.11189091205596924,-0.02652568034201863,0.011957183480262756,-0.17473986744880676,-0.029039599367678193,0.029087945818901062,-0.1903553605079651,-0.043718746298253564,0.026036083698272705,-0.14082467555999756,-0.029460326203405884,0.01910834014415741,-0.13265985250473022,-0.01477429773032668
B,0.0,0.0,0.0,0.053314611315727234,-0.0043770670890808105,-0.020015684126008182,0.11073276400566101,-0.03421729803085327,-0.0319794948977119,0.1317831575870514,-0.08936035633087158,-0.043027096597541004,0.10575118660926819,-0.13690900802612305,-0.04821798315464321,0.12579980492591858,-0.127027690410614,-0.013990428468275695,0.1548764407634735,-0.17563319206237793,-0.04132674744545284,0.12917205691337585,-0.1143309473991394,-0.05224214604317012,0.11548468470573425,-0.09874188899993896,-0.055983186869013934,0.0915294885635376,-0.1520959734916687,-0.016002929939020305,0.11676397919654846,-0.19452515244483948,-0.04440870246111217,0.09469151496887207,-0.12039577960968018,-0.04774645826040569,0.0850256085395813,-0.11484479904174805,-0.04388006514130893,0.05332757532596588,-0.1648615300655365,-0.02156867383240524,0.06699341535568237,-0.18784791231155396,-0.05087576544104877,0.05494406819343567,-0.11746913194656372,-0.039735556749690204,0.04870504140853882,-0.11215382814407349,-0.025202646089780956,0.012772098183631897,-0.17316284775733948,-0.028240499256241947,0.02877010405063629,-0.18912088871002197,-0.04182209929643932,0.025858074426651,-0.14056116342544556,-0.027409115044463306,0.018966540694236755,-0.13225597143173218,-0.01278044486610952
B,0.0,0.0,0.0,0.05510888993740082,-0.005188465118408203,-0.017753815994552724,0.11217275261878967,-0.03501904010772705,-0.028516975016287915,0.13166022300720215,-0.08947992324829102,-0.038668040902308576,0.10548710823059082,-0.13473302125930786,-0.043680970341853254,0.12536278367042542,-0.1278819441795349,-0.013253940054170243,0.1553841531276703,-0.17281663417816162,-0.038987771392754667,0.13024967908859253,-0.11397075653076172,-0.049753193528346173,0.1154274046421051,-0.09881335496902466,-0.0539885356733123,0.09086236357688904,-0.15319430828094482,-0.016439716116479985,0.11794808506965637,-0.19371813535690308,-0.043440577358893506,0.09603306651115417,-0.12261694669723511,-0.047731620044402234,0.08483514189720154,-0.11621063947677612,-0.04504804384797012,0.052250802516937256,-0.1663297712802887,-0.022678545460991018,0.06728830933570862,-0.18741866946220398,-0.050869934976987,0.055074542760849,-0.1192396879196167,-0.04113125872700607,0.04789705574512482,-0.11403590440750122,-0.028038522944740407,0.010762512683868408,-0.17457768321037292,-0.02975893092244064,0.02754838764667511,-0.18898093700408936,-0.043271981895856015,0.024789437651634216,-0.14094758033752441,-0.02946630378156101,0.017957672476768494,-0.13268214464187622,-0.015567041718355767
B,0.0,0.0,0.0,0.05329297482967377,-0.0033309459686279297,-0.02016442641391336,0.11266633868217468,-0.03389930725097656,-0.031040791419883362,0.13470828533172607,-0.0898139476776123,-0.04082040488495409,0.10739096999168396,-0.1350650191307068,-0.044849045572419755,0.1269444227218628,-0.12725412845611572,-0.012210319747765652,0.1577748954296112,-0.17246264219284058,-0.038354177025695435,0.13091415166854858,-0.1125345230102539,-0.049064464864869706,0.11594974994659424,-0.09874391555786133,-0.0530344285048443,0.09341007471084595,-0.15329456329345703,-0.013907824640710942,0.12037864327430725,-0.19271373748779297,-0.04209441318883478,0.09658092260360718,-0.12066650390625,-0.0465026982106167,0.08547085523605347,-0.11596637964248657,-0.04306660592331468,0.05560778081417084,-0.16716182231903076,-0.019110646096606843,0.06972396373748779,-0.18710768222808838,-0.047736298290629975,0.05671390891075134,-0.11922508478164673,-0.03799446299447595,0.05000954866409302,-0.1155586838722229,-0.024376768616576783,0.015043526887893677,-0.17673259973526,-0.025458002460737816,0.030675873160362244,-0.1887354850769043,-0.0385611020006138,0.027346327900886536,-0.14075806736946106,-0.02498700283243238,0.02102796733379364,-0.13375627994537354,-0.01098266895635902
B,0.0,0.0,0.0,0.05149337649345398,-0.0036056041717529297,-0.021775514708878063,0.1098313182592392,-0.03493070602416992,-0.033952000441075825,0.13167057931423187,-0.09145188331604004,-0.04478650435996201,0.10722987353801727,-0.14022919535636902,-0.04953816801500466,0.1268022209405899,-0.12687945365905762,-0.014288043493451141,0.15757660567760468,-0.17504069209098816,-0.04204868048620369,0.13112087547779083,-0.11408835649490356,-0.05319222331237938,0.11659909784793854,-0.09935665130615234,-0.05711230904054787,0.0930299311876297,-0.152700275182724,-0.015793482663156055,0.11934210360050201,-0.1944568157196045,-0.044627240749122166,0.09633557498455048,-0.12066113948822021,-0.048514458240987324,0.08706854283809662,-0.11690950393676758,-0.04480997741413262,0.05487319827079773,-0.16598448157310486,-0.021096496732951664,0.06899495422840118,-0.18790748715400696,-0.05161740154218819,0.05606314539909363,-0.1169629693031311,-0.04104341834974434,0.050892725586891174,-0.11360615491867065,-0.02661154501330998,0.013966813683509827,-0.17517352104187012,-0.027609241085173153,0.029423341155052185,-0.18812918663024902,-0.042705363484145664,0.0262746661901474,-0.13766193389892578,-0.02890198201131966,0.02080512046813965,-0.12978136539459229,-0.014420502709270977
B,0.0,0.0,0.0,0.05248820781707764,-0.0029085278511047363,-0.02383947819564014,0.11163470149040222,-0.03673195838928223,-0.03603459782991081,0.13372737169265747,-0.09744590520858765,-0.04662576951179176,0.10915324091911316,-0.1467193365097046,-0.050927958265873485,0.12823262810707092,-0.12362957000732422,-0.012527147122654014,0.15938416123390198,-0.1737384796142578,-0.040043304488989406,0.13310307264328003,-0.11523109674453735,-0.05157448612246185,0.11894437670707703,-0.09909331798553467,-0.05570565052423149,0.09538567066192627,-0.1489221453666687,-0.012828634866508537,0.12210071086883545,-0.1972064971923828,-0.04195144288334518,0.0991886556148529,-0.12698215246200562,-0.04649556689057022,0.09059560298919678,-0.11989611387252808,-0.04287229739222198,0.05759282410144806,-0.16254472732543945,-0.017321982235642963,0.07222384214401245,-0.19006794691085815,-0.04869428165349632,0.058956265449523926,-0.12046772241592407,-0.0387610893705812,0.05399799346923828,-0.11325681209564209,-0.02415480539295345,0.017366647720336914,-0.17306536436080933,-0.023219090701076084,0.03351341187953949,-0.19115182757377625,-0.03886892162356048,0.029433026909828186,-0.14243540167808533,-0.025604636223050647,0.023439079523086548,-0.13284790515899658,-0.011322816648515754
B,0.0,0.0,0.0,0.05285090208053589,-0.0037686824798583984,-0.023556566862311,0.1124681681394577,-0.04097777605056763,-0.03463993134900534,0.13724808394908905,-0.10331648588180542,-0.04451902869149649,0.11568288505077362,-0.15339899063110352,-0.04772106098934614,0.13242049515247345,-0.12220907211303711,-0.007288077445622321,0.16388671100139618,-0.17416027188301086,-0.0342585547547003,0.13710571825504303,-0.11668944358825684,-0.04601804452940428,0.12366674840450287,-0.09956961870193481,-0.050260844705547925,0.09991510212421417,-0.14783012866973877,-0.00755811768576109,0.1272500902414322,-0.1994381546974182,-0.03576023044988119,0.10315932333469391,-0.1294974684715271,-0.03982391494318449,0.09481056034564972,-0.12040197849273682,-0.03546899097963774,0.06136469542980194,-0.1611734926700592,-0.012522584823813077,0.07707957923412323,-0.1919093132019043,-0.042717888085093136,0.06294390559196472,-0.12216377258300781,-0.03239487397476637,0.057171210646629333,-0.11315107345581055,-0.017438319576825734,0.020449191331863403,-0.1709882616996765,-0.019158582268204327,0.0362919420003891,-0.1868222951889038,-0.033939897147860165,0.032248035073280334,-0.14071020483970642,-0.021194524196829434,0.026882946491241455,-0.13337334990501404,-0.007344042481776114
B,0.0,0.0,0.0,0.05537804961204529,-0.0031845569610595703,-0.019401177976078543,0.11652770638465881,-0.043186843395233154,-0.0283205306416221,0.14383074641227722,-0.10566335916519165,-0.03725852279717401,0.11929810047149658,-0.14952385425567627,-0.04085877372676805,0.13186997175216675,-0.12320992350578308,-0.005775580394811186,0.16580498218536377,-0.1721479892730713,-0.031311677980966124,0.13983941078186035,-0.11623221635818481,-0.043448804158515486,0.12374502420425415,-0.0962902307510376,-0.04799329696948007,0.09910759329795837,-0.14777013659477234,-0.00860951675826982,0.13033148646354675,-0.19879990816116333,-0.034878360319680723,0.10649454593658447,-0.1307542622089386,-0.0392494483178325,0.09394842386245728,-0.11577969789505005,-0.035498080987281355,0.06119878590106964,-0.161512553691864,-0.015537642154640707,0.08320635557174683,-0.1948973536491394,-0.04398108108694032,0.06737899780273438,-0.124815434217453,-0.03386414258534387,0.05632612109184265,-0.10782212018966675,-0.018999304834551367,0.020450174808502197,-0.17151185870170593,-0.023884518284148726,0.04280407726764679,-0.1961384415626526,-0.03717261015231088,0.038709744811058044,-0.14994001388549805,-0.023184215862102064,0.029380232095718384,-0.13601377606391907,-0.008603050585634264
B,0.0,0.0,0.0,0.0553344190120697,-0.0039061307907104492,-0.018862956611599202,0.11865627765655518,-0.04362756013870239,-0.027373544348563428,0.1485939621925354,-0.10411238670349121,-0.03591735236176419,0.12501567602157593,-0.1485079824924469,-0.03894876263865399,0.13217607140541077,-0.12725335359573364,-0.003633924469511385,0.16601133346557617,-0.17258214950561523,-0.029603247938837285,0.13952761888504028,-0.11566400527954102,-0.041464074922885175,0.12332883477210999,-0.09875911474227905,-0.04557764477857518,0.09952515363693237,-0.15166649222373962,-0.006684924883927579,0.13108262419700623,-0.19749456644058228,-0.034446674807156796,0.10593906044960022,-0.12613964080810547,-0.03930196858772206,0.09324049949645996,-0.11524325609207153,-0.03515239007600712,0.06178563833236694,-0.1648831069469452,-0.013843614084805722,0.0837373435497284,-0.193250834941864,-0.043632368965234036,0.0675211250782013,-0.12125992774963379,-0.033427074028338666,0.05753442645072937,-0.10902482271194458,-0.018016673101271863,0.021166041493415833,-0.17471063137054443,-0.022224636225189442,0.04338301718235016,-0.19438964128494263,-0.0356603483093636,0.038760870695114136,-0.14548847079277039,-0.020952913386906857,0.03024500608444214,-0.134322851896286,-0.005536804383780236
B,0.0,0.0,0.0,0.06001201272010803,-0.003927707672119141,-0.014375919898782286,0.12256667017936707,-0.04297912120819092,-0.021064172921512636,0.15389323234558105,-0.10069650411605835,-0.02885043383929542,0.13236820697784424,-0.14182913303375244,-0.03266680562290958,0.13016876578330994,-0.12769201397895813,-0.002768780527446779,0.16360294818878174,-0.1731494963169098,-0.027193918315504106,0.14298969507217407,-0.11928832530975342,-0.03993203812632373,0.12563246488571167,-0.09703594446182251,-0.044945418325994524,0.09786087274551392,-0.1488921046257019,-0.00770621975306085,0.13014456629753113,-0.1965995728969574,-0.03268658691439441,0.10959681868553162,-0.12721294164657593,-0.03817013972792438,0.09429299831390381,-0.10792016983032227,-0.03546554916891864,0.06060647964477539,-0.16124221682548523,-0.016176478428576502,0.08638796210289001,-0.191390722990036,-0.04453962245378307,0.07264545559883118,-0.12143278121948242,-0.03691545823011211,0.05909961462020874,-0.102836012840271,-0.023734338072870287,0.01879279315471649,-0.16998553276062012,-0.02543789283726028,0.04604582488536835,-0.19261425733566284,-0.04038995453510097,0.04457029700279236,-0.14481762051582336,-0.028248955918286356,0.03491245210170746,-0.12816530466079712,-0.014741638166640314
B,0.0,0.0,0.0,0.060716137290000916,-0.006467878818511963,-0.012052597904585127,0.12181325256824493,-0.04587209224700928,-0.018810425380252127,0.15506748855113983,-0.10109132528305054,-0.027337262833498244,0.13413940370082855,-0.14266157150268555,-0.032266309911392455,0.12291894853115082,-0.13491040468215942,-0.0024940999765021843,0.1590159386396408,-0.17900174856185913,-0.027701406234882597,0.1424795538187027,-0.12263000011444092,-0.04061670830287767,0.12441451847553253,-0.10199052095413208,-0.045715766454122786,0.09274186193943024,-0.15327641367912292,-0.008853107186041598,0.12838105857372284,-0.19737914204597473,-0.03376727780141664,0.1098383218050003,-0.12582412362098694,-0.03985152995028329,0.09249083697795868,-0.11190956830978394,-0.03823042144813371,0.05771373212337494,-0.16379410028457642,-0.01861881321110559,0.0888632982969284,-0.18638047575950623,-0.04828269263543916,0.07491903007030487,-0.1148177981376648,-0.04176786398329568,0.05871562659740448,-0.10168319940567017,-0.029467149132869963,0.017432168126106262,-0.17119693756103516,-0.028828215280555014,0.05024920403957367,-0.1877065896987915,-0.04603354489245248,0.04945136606693268,-0.1376376450061798,-0.03524317076244188,0.03760500252246857,-0.12278670072555542,-0.02264707950689626
B,0.0,0.0,0.0,0.06294295191764832,-0.009630322456359863,-0.010174342781709811,0.12055656313896179,-0.05257290601730347,-0.016080905102597853,0.15090495347976685,-0.10572612285614014,-0.023794321693884513,0.1319575011730194,-0.14875072240829468,-0.027975708596812865,0.11711964011192322,-0.1409364938735962,-0.002665431589292666,0.14958402514457703,-0.18412047624588013,-0.026820233442293784,0.13467872142791748,-0.1268652081489563,-0.038255479537355086,0.11605849862098694,-0.10489946603775024,-0.042305842392551085,0.08706805109977722,-0.15662872791290283,-0.009439964197980544,0.12204387784004211,-0.20149555802345276,-0.03551944007764973,0.10458236932754517,-0.12806430459022522,-0.041674394511090895,0.08567088842391968,-0.11035919189453125,-0.039572898649083754,0.05250662565231323,-0.16583943367004395,-0.01912533154379048,0.08448496460914612,-0.19066095352172852,-0.04941698943864026,0.07111859321594238,-0.11860138177871704,-0.04200007056485333,0.053996533155441284,-0.10405778884887695,-0.028759938083993575,0.012314319610595703,-0.1716519296169281,-0.028956488125430724,0.046798333525657654,-0.189243882894516,-0.046890337370740554,0.04539920389652252,-0.137886643409729,-0.035408702098237654,0.03208719193935394,-0.12315136194229126,-0.02206793089996495
B,0.0,0.0,0.0,0.06097455322742462,-0.011738359928131104,-0.010532700906168202,0.11673666536808014,-0.056185781955718994,-0.016909898708235005,0.14738060534000397,-0.10850566625595093,-0.025277787337671498,0.12911029160022736,-0.1522189974784851,-0.03014674175776122,0.11041252315044403,-0.145348459482193,-0.00293543979771016,0.14314515888690948,-0.18941473960876465,-0.027874331439505795,0.13044945895671844,-0.1307578682899475,-0.039765988926063756,0.11155901849269867,-0.10842281579971313,-0.043790095935236195,0.08071403205394745,-0.15914884209632874,-0.00969473038114188,0.11586602032184601,-0.20257607102394104,-0.03599264610804198,0.10027892887592316,-0.12862086296081543,-0.042126716564069966,0.08034344017505646,-0.11116349697113037,-0.039947112540374974,0.04615025222301483,-0.1673676073551178,-0.019613774011503438,0.07981769740581512,-0.19192668795585632,-0.05014325443900702,0.06826736032962799,-0.11953157186508179,-0.04291706670321105,0.049966856837272644,-0.10436642169952393,-0.029629794398914555,0.005749925971031189,-0.17245176434516907,-0.029727208877574185,0.04210244119167328,-0.19045290350914001,-0.04782122139133094,0.042018815875053406,-0.13925805687904358,-0.03642137486733077,0.027601003646850586,-0.12350696325302124,-0.02294674467540858
B,0.0,0.0,0.0,0.062244027853012085,-0.015500307083129883,-0.009846919238441387,0.11628437042236328,-0.06052553653717041,-0.016518710203342835,0.14684316515922546,-0.11213696002960205,-0.025630725569897095,0.12713581323623657,-0.15252044796943665,-0.031265338905029694,0.10444074869155884,-0.15423932671546936,-0.0009438005731112753,0.13903111219406128,-0.1931602954864502,-0.026247810594611565,0.1260802447795868,-0.1340760588645935,-0.03831919471161882,0.10614797472953796,-0.1152198314666748,-0.04275282288330118,0.07470652461051941,-0.16740351915359497,-0.008808786071710983,0.11355659365653992,-0.20403757691383362,-0.036252563841514984,0.09778451919555664,-0.1292296051979065,-0.04298369402425806,0.07690468430519104,-0.1157609224319458,-0.04106282631295244,0.04069007933139801,-0.17434871196746826,-0.0199199281855158,0.07943564653396606,-0.19157356023788452,-0.051958529300861755,0.06614571809768677,-0.11827605962753296,-0.044860018439464966,0.04571995139122009,-0.10711711645126343,-0.03140890786784212,0.001011967658996582,-0.17716073989868164,-0.031166879482441345,0.04129764437675476,-0.1883372962474823,-0.05004043693082849,0.039720743894577026,-0.13552328944206238,-0.03842076847689668,0.023242980241775513,-0.12236928939819336,-0.02468112858372251
B,0.0,0.0,0.0,0.06001323461532593,-0.017083823680877686,-0.011112297840270458,0.11331990361213684,-0.06191283464431763,-0.018167320594045577,0.1424422264099121,-0.11323243379592896,-0.027311142489168105,0.12457776069641113,-0.15519532561302185,-0.033424854233714996,0.10152745246887207,-0.15769624710083008,-0.001590369224402366,0.13412076234817505,-0.19651171565055847,-0.026814261406514106,0.12461274862289429,-0.13968637585639954,-0.04038453097626871,0.10575142502784729,-0.11892616748809814,-0.04586936156437105,0.07155787944793701,-0.16887295246124268,-0.008325167886766849,0.10903248190879822,-0.20623674988746643,-0.03434080998584932,0.09643858671188354,-0.13311204314231873,-0.041753999844047485,0.07615336775779724,-0.11628758907318115,-0.04075920949861711,0.037497878074645996,-0.17334848642349243,-0.01841605263933843,0.075897216796875,-0.1908685266971588,-0.04941711942836946,0.06522005796432495,-0.11948436498641968,-0.043473374053689895,0.04502090811729431,-0.10551619529724121,-0.03114288109526342,-0.0023295432329177856,-0.17313191294670105,-0.02876342828557199,0.037760451436042786,-0.1869192123413086,-0.04776458810255235,0.0379047691822052,-0.13577717542648315,-0.0372010357229442,0.02224448323249817,-0.12065571546554565,-0.02425731341526216
B,0.0,0.0,0.0,0.061680570244789124,-0.01697516441345215,-0.009849742417429752,0.11424325406551361,-0.06407451629638672,-0.016191549030338592,0.1415526121854782,-0.11727863550186157,-0.024952709106003113,0.12098406255245209,-0.15722286701202393,-0.030838434946929283,0.09930329024791718,-0.15752875804901123,-0.0005520103282492528,0.13096265494823456,-0.19921383261680603,-0.024997781393324203,0.12288354337215424,-0.14384490251541138,-0.037880893227850265,0.10473252832889557,-0.1220349669456482,-0.042896650162731476,0.06904043257236481,-0.16775155067443848,-0.007520846453701324,0.1047014445066452,-0.20625850558280945,-0.033201261786018677,0.09411455690860748,-0.13327082991600037,-0.04034551548699028,0.07479487359523773,-0.1159282922744751,-0.039122793254648514,0.035195544362068176,-0.17124739289283752,-0.017711517763530082,0.07236982882022858,-0.19087916612625122,-0.0488538103077758,0.06417034566402435,-0.11905235052108765,-0.04321226048210747,0.04490925371646881,-0.10367828607559204,-0.03087763058880455,-0.003929510712623596,-0.1702387034893036,-0.02798127139845974,0.03593583405017853,-0.18787270784378052,-0.04723622220495827,0.0384807288646698,-0.1363835334777832,-0.0368858383868087,0.024201780557632446,-0.11867564916610718,-0.023926296633874244
B,0.0,0.0,0.0,0.05852660536766052,-0.020460128784179688,-0.010843902078647716,0.10975173115730286,-0.07002997398376465,-0.017609938231487376,0.13645455241203308,-0.12212508916854858,-0.026548125964779956,0.117150217294693,-0.1616833209991455,-0.032277244326849086,0.09462574124336243,-0.16358673572540283,-0.0015343689100859592,0.1258603036403656,-0.20648372173309326,-0.026727001366396053,0.11785951256752014,-0.14891350269317627,-0.03977353051044474,0.09952333569526672,-0.12676942348480225,-0.04465613439418803,0.06482955813407898,-0.172689288854599,-0.008326561373849017,0.10047012567520142,-0.2133495807647705,-0.034380275008459193,0.09038165211677551,-0.13944843411445618,-0.04117347225286494,0.07086357474327087,-0.1218419075012207,-0.03951510712244044,0.030873209238052368,-0.1752503216266632,-0.018542380255837543,0.0676271915435791,-0.19642722606658936,-0.04927734210826884,0.060056477785110474,-0.124733567237854,-0.04307121336199771,0.041012659668922424,-0.10952365398406982,-0.030425363403935535,-0.008451491594314575,-0.17323708534240723,-0.02904089465477,0.02986942231655121,-0.1916603446006775,-0.04773085117079745,0.03349429368972778,-0.1407313048839569,-0.03712099715806971,0.019896045327186584,-0.12338405847549438,-0.024051516500492198
B,0.0,0.0,0.0,0.0597444623708725,-0.02164638042449951,-0.010266338511485174,0.11072351038455963,-0.07295805215835571,-0.016148271075564935,0.1370038539171219,-0.12739098072052002,-0.02435913499363096,0.11601589620113373,-0.16579192876815796,-0.02972316000528963,0.09722189605236053,-0.16104373335838318,0.0011409046928179123,0.12706182897090912,-0.20521751046180725,-0.02336983572610052,0.12001766264438629,-0.14878270030021667,-0.03719320710666807,0.10215352475643158,-0.12533485889434814,-0.042782099953967645,0.06726492941379547,-0.1710742712020874,-0.005486263464320018,0.09968264400959015,-0.2143944799900055,-0.03067680265672834,0.09070004522800446,-0.14151066541671753,-0.03801586668856771,0.07212938368320465,-0.12092757225036621,-0.03668520789511831,0.03293856978416443,-0.17428100109100342,-0.015563647299188688,0.06625984609127045,-0.19804033637046814,-0.04471154700883062,0.06051267683506012,-0.12880781292915344,-0.03889599632390173,0.042852118611335754,-0.11135894060134888,-0.0267383158571306,-0.007249549031257629,-0.17307066917419434,-0.02598606239922674,0.027641236782073975,-0.19292530417442322,-0.04298525493510397,0.03197295963764191,-0.14378109574317932,-0.032094096801358774,0.019829168915748596,-0.12539297342300415,-0.019051244518834665
B,0.0,0.0,0.0,0.05843108892440796,-0.018974125385284424,-0.011644143417242958,0.11170685291290283,-0.07211315631866455,-0.017047244861487343,0.13785386085510254,-0.12998825311660767,-0.024239165514472916,0.11646977066993713,-0.1705104112625122,-0.028156321301821663,0.10304653644561768,-0.15627366304397583,-3.685403385134123e-05,0.13283923268318176,-0.20428460836410522,-0.024230247169498398,0.12264332175254822,-0.14763247966766357,-0.03673191162920375,0.10470613837242126,-0.12469097971916199,-0.04119934308505435,0.07193607091903687,-0.16853266954421997,-0.005730975690994455,0.10234037041664124,-0.21824169158935547,-0.030743552177909805,0.09133073687553406,-0.14395123720169067,-0.036458214550975754,0.07381445169448853,-0.12185204029083252,-0.03328465464687724,0.036453843116760254,-0.1728142499923706,-0.014915764137867882,0.06504499912261963,-0.20143330097198486,-0.04429033938026805,0.05757105350494385,-0.12895017862319946,-0.0370483564136066,0.041236892342567444,-0.10970497131347656,-0.023268634259466126,-0.0040132999420166016,-0.17258605360984802,-0.02447854521847148,0.026735827326774597,-0.1969897747039795,-0.04112877491093059,0.029101386666297913,-0.14722660183906555,-0.029129123121265366,0.017032116651535034,-0.1287178099155426,-0.014942886113885834
B,0.0,0.0,0.0,0.0589652955532074,-0.018978774547576904,-0.011886251985629315,0.11033299565315247,-0.06982028484344482,-0.017507633089621777,0.13424301147460938,-0.1272982656955719,-0.02500431415398907,0.11268636584281921,-0.1679287850856781,-0.029382904886801953,0.10699620842933655,-0.14824068546295166,-0.001071666379061753,0.1365797221660614,-0.19864913821220398,-0.02515830834170174,0.12295880913734436,-0.14510485529899597,-0.03778412741382908,0.10560938715934753,-0.11984807252883911,-0.04207510676940274,0.07523906230926514,-0.16217049956321716,-0.006341277051319594,0.10314786434173584,-0.2161385416984558,-0.030840186297496075,0.0903090238571167,-0.14683958888053894,-0.03606518906315159,0.07563263177871704,-0.12074601650238037,-0.032539771765073056,0.0386841744184494,-0.16793814301490784,-0.01499996416976046,0.06343996524810791,-0.20236200094223022,-0.043459376215537304,0.05515013635158539,-0.13164067268371582,-0.03586227250059437,0.041716933250427246,-0.10633289813995361,-0.021751129895051236,-0.00232851505279541,-0.1692710518836975,-0.02413233731647324,0.02559766173362732,-0.19810515642166138,-0.03975648981293034,0.02712765336036682,-0.15044501423835754,-0.02738519933780026,0.016899794340133667,-0.1286296844482422,-0.012920058227678055
B,0.0,0.0,0.0,0.057409629225730896,-0.019764959812164307,-0.01540289217430768,0.10949978232383728,-0.0705024003982544,-0.022587090300504542,0.12526994943618774,-0.1334928572177887,-0.030749270262305117,0.10058742761611938,-0.17535832524299622,-0.034677153023068286,0.11363211274147034,-0.14373838901519775,-0.001232698246013797,0.13979944586753845,-0.1958058476448059,-0.024383065791909075,0.12313687801361084,-0.1415541172027588,-0.03600521156388936,0.10977435111999512,-0.12073513865470886,-0.04027767250138936,0.0795862078666687,-0.15955311059951782,-0.005135688966248608,0.10375165939331055,-0.2147129476070404,-0.029089210124794818,0.0898844301700592,-0.1458938717842102,-0.03422264898020444,0.07887107133865356,-0.12562721967697144,-0.031182195561115122,0.041975826025009155,-0.16591686010360718,-0.01267207929689107,0.06104511022567749,-0.20385503768920898,-0.04063516625959096,0.05423228442668915,-0.13188543915748596,-0.03239083805877385,0.044212713837623596,-0.10821419954299927,-0.0184845175017756,0.0012361109256744385,-0.16842123866081238,-0.02099925795394597,0.023364156484603882,-0.20067206025123596,-0.035575316788737155,0.026521578431129456,-0.15247511863708496,-0.022421955632154322,0.019784286618232727,-0.13031616806983948,-0.007787582034353591
B,0.0,0.0,0.0,0.056141749024391174,-0.01895850896835327,-0.01718199754409966,0.10754463076591492,-0.06938141584396362,-0.024077331072618335,0.12369704246520996,-0.13556137681007385,-0.0312777453874844,0.09969377517700195,-0.1790425181388855,-0.0331545876180428,0.1186695396900177,-0.14121553301811218,0.0018863268122402133,0.14532437920570374,-0.1951640546321869,-0.020365503973295063,0.1255849301815033,-0.14200499653816223,-0.03223667236321148,0.11195570230484009,-0.12047624588012695,-0.03686282353751835,0.0851387083530426,-0.16081967949867249,-0.00021753712658778568,0.10828518867492676,-0.21734872460365295,-0.02265294956319508,0.09302204847335815,-0.1511271595954895,-0.02785750048511204,0.08436918258666992,-0.13300472497940063,-0.02538945282154259,0.04768204689025879,-0.16810810565948486,-0.006317262428780168,0.06336614489555359,-0.20798403024673462,-0.03063610511176762,0.05616621673107147,-0.14070507884025574,-0.021371995455552906,0.04814797639846802,-0.11988630890846252,-0.007975387743641704,0.007533594965934753,-0.1707451343536377,-0.013749175130357116,0.026122331619262695,-0.2027825117111206,-0.024883899263073772,0.027461960911750793,-0.15844544768333435,-0.011165588519503444,0.021068111062049866,-0.13998207449913025,0.003070755737866193
B,0.0,0.0,0.0,0.057024940848350525,-0.017282068729400635,-0.017076711547730383,0.10601538419723511,-0.06860184669494629,-0.02400769610440534,0.12130218744277954,-0.13463956117630005,-0.03139489274954599,0.10090526938438416,-0.1814570426940918,-0.03321056943869394,0.12173029780387878,-0.1346074342727661,0.002007113625126067,0.1495058536529541,-0.19370776414871216,-0.02053709831571382,0.12785056233406067,-0.14030393958091736,-0.032289964524267134,0.11443677544593811,-0.11700356006622314,-0.036691178945062575,0.08832025527954102,-0.15537193417549133,7.658509375119138e-05,0.11299696564674377,-0.21650850772857666,-0.023086012718437132,0.094687819480896,-0.15087875723838806,-0.0290017793003301,0.08566224575042725,-0.13107800483703613,-0.026935872999189314,0.05124107003211975,-0.16471943259239197,-0.005862325807271418,0.06772315502166748,-0.20799458026885986,-0.03041886296605867,0.057954445481300354,-0.14154580235481262,-0.021850473624823508,0.04972440004348755,-0.11923336982727051,-0.008954194751737532,0.012446224689483643,-0.16964885592460632,-0.013092342210171637,0.03120562434196472,-0.20354485511779785,-0.024300634307024893,0.030879512429237366,-0.15919563174247742,-0.011192413424311098,0.02404029667377472,-0.139067143201828,0.002457653493451062
B,0.0,0.0,0.0,0.057034462690353394,-0.016393959522247314,-0.019316430088110792,0.1081397533416748,-0.0668649673461914,-0.02666652284187876,0.12434932589530945,-0.13449519872665405,-0.0338800725303372,0.10325407981872559,-0.18158388137817383,-0.034639201011486875,0.12904754281044006,-0.13555565476417542,0.0021049269698778517,0.15444809198379517,-0.1938420534133911,-0.02226719341797434,0.1311511993408203,-0.14019158482551575,-0.034445873346157896,0.12002477049827576,-0.11744105815887451,-0.038585728850193846,0.09479618072509766,-0.1582828164100647,0.0011972489292020327,0.11683535575866699,-0.2156779170036316,-0.024680389907189237,0.09681257605552673,-0.1491120159626007,-0.030454591732450353,0.09014376997947693,-0.13179707527160645,-0.027242344688602316,0.057412415742874146,-0.16880542039871216,-0.0041950464956244105,0.07079917192459106,-0.2087540328502655,-0.031556735631056654,0.05900566279888153,-0.14004629850387573,-0.022048882093258726,0.053154200315475464,-0.1190919280052185,-0.007359636366345512,0.01871947944164276,-0.17422950267791748,-0.01105633180213772,0.03523486852645874,-0.20480823516845703,-0.023447709973879682,0.03261402249336243,-0.1574627161026001,-0.00953905272854172,0.0271894633769989,-0.13764306902885437,0.0055819452963987715
